Cruise ID,UTC Time,Latitude DegMin,Longitude DegMin,Latitude Deg,Longitude Deg,Station,Pressure,Depth,Temperature,Salinity,Sigma-t,Oxygen Concentration MG,Chlorophyll Fluorescence ,Beam Transmission,Nitrate,Nitrite,Ammonium,Phosphate,Silicate,Oxygen Concentration MG Titration,Chlorophyll Concentration,Phaeopigment Concentration
,,[deg min],[deg min],[deg],[deg],,[db],[m],[deg C],,[kg/m^3],[mg/l],[mg/m^3],[%],[uM],[uM],[uM],[uM],[uM],[mg/l],[ug/l],[ug/l]
,,,,,,,CTD,CTD,CTD,CTD,CTD,CTD,CTD,CTD,Lab,Lab,Lab,Lab,Lab,Lab,Lab,Lab
 TN170,Jul 18 2004 00:16:11,48 28.02 N,124 47.04 W,48.467,-124.784,P120,3.17,3.15,11.24,31.24,23.81,6.70,1.54,84.30,21.20,0.32,0.53,1.93,39.34,7.36,2.59,0.46
 TN170,Jul 18 2004 00:16:11,48 28.02 N,124 47.04 W,48.467,-124.784,P120,8.45,8.38,10.95,31.49,24.05,6.65,1.72,84.26,21.03,0.33,0.49,1.90,39.44,7.37,2.99,0.39
 TN170,Jul 18 2004 00:16:11,48 28.02 N,124 47.04 W,48.467,-124.784,P120,12.86,12.75,10.94,31.47,24.04,6.59,1.81,84.76,21.37,0.33,0.57,1.89,39.03,7.25,2.79,0.49
 TN170,Jul 18 2004 00:16:11,48 28.02 N,124 47.04 W,48.467,-124.784,P120,24.01,23.80,8.78,32.58,25.26,4.44,0.36,87.99,27.82,0.33,0.83,2.28,44.36,4.93,0.32,0.31
 TN170,Jul 18 2004 00:16:11,48 28.02 N,124 47.04 W,48.467,-124.784,P120,33.49,33.21,8.43,32.81,25.49,4.07,0.25,87.59,29.54,0.29,0.52,2.35,45.56,4.50,0.25,0.57
 TN170,Jul 18 2004 00:16:11,48 28.02 N,124 47.04 W,48.467,-124.784,P120,53.04,52.58,7.94,33.23,25.89,3.84,0.43,87.55,29.90,0.29,0.22,2.32,45.47,4.22,0.50,0.41
 TN170,Jul 18 2004 00:16:11,48 28.02 N,124 47.04 W,48.467,-124.784,P120,78.03,77.35,7.56,33.47,26.13,3.55,0.29,87.69,31.10,0.28,0.15,2.35,46.27,3.88,0.00,0.00
 TN170,Jul 18 2004 00:16:11,48 28.02 N,124 47.04 W,48.467,-124.784,P120,102.12,101.23,7.37,33.55,26.23,3.35,0.24,87.60,31.84,0.26,0.11,2.40,47.37,3.65,0.00,0.00
 TN170,Jul 18 2004 00:16:11,48 28.02 N,124 47.04 W,48.467,-124.784,P120,150.35,149.03,7.10,33.77,26.43,2.92,0.20,87.91,33.11,0.24,0.06,2.44,48.97,3.35,0.00,0.00
 TN170,Jul 18 2004 00:16:11,48 28.02 N,124 47.04 W,48.467,-124.784,P120,197.56,195.80,6.91,33.80,26.49,2.56,0.19,87.18,34.59,0.29,0.11,2.57,53.25,2.92,0.00,0.00
 TN170,Jul 18 2004 00:16:11,48 28.02 N,124 47.04 W,48.467,-124.784,P120,246.00,243.78,6.67,33.91,26.61,2.39,0.17,86.52,35.96,0.24,0.11,2.66,57.94,2.58,0.00,0.00
 TN170,Jul 18 2004 00:16:11,48 28.02 N,124 47.04 W,48.467,-124.784,P120,289.18,286.54,6.61,33.92,26.62,2.34,0.17,85.21,36.38,0.23,0.11,2.66,59.14,2.53,0.00,0.00
 TN170,Jul 18 2004 01:19:25,48 25.98 N,124 49.2 W,48.433,-124.820,P119,2.50,2.48,9.64,32.34,24.93,5.34,0.74,85.28,24.38,0.33,0.50,2.05,41.58,5.80,2.29,0.44
 TN170,Jul 18 2004 01:19:25,48 25.98 N,124 49.2 W,48.433,-124.820,P119,7.83,7.77,9.46,32.41,25.02,5.28,0.81,85.55,25.48,0.32,0.46,2.08,42.37,5.90,2.12,0.51
 TN170,Jul 18 2004 01:19:25,48 25.98 N,124 49.2 W,48.433,-124.820,P119,12.85,12.74,9.24,32.50,25.12,4.95,1.12,85.94,26.38,0.32,0.45,2.14,43.17,5.55,1.62,0.51
 TN170,Jul 18 2004 01:19:25,48 25.98 N,124 49.2 W,48.433,-124.820,P119,22.58,22.39,8.31,32.98,25.64,4.12,0.42,87.40,29.31,0.32,0.34,2.27,44.78,4.57,0.58,0.43
 TN170,Jul 18 2004 01:19:25,48 25.98 N,124 49.2 W,48.433,-124.820,P119,32.59,32.31,7.78,33.35,26.01,3.78,0.34,87.69,30.31,0.29,0.22,2.32,46.08,4.13,0.50,0.49
 TN170,Jul 18 2004 01:19:25,48 25.98 N,124 49.2 W,48.433,-124.820,P119,52.44,51.99,7.58,33.46,26.13,3.45,0.35,87.30,31.52,0.24,0.13,2.39,47.18,3.92,0.40,0.47
 TN170,Jul 18 2004 01:19:25,48 25.98 N,124 49.2 W,48.433,-124.820,P119,77.14,76.47,7.27,33.63,26.30,3.01,0.29,87.07,33.23,0.28,0.14,2.50,50.37,3.30,0.00,0.00
 TN170,Jul 18 2004 01:19:25,48 25.98 N,124 49.2 W,48.433,-124.820,P119,101.84,100.95,7.25,33.64,26.32,2.97,0.25,87.12,33.18,0.28,0.10,2.50,50.46,3.25,0.00,0.00
 TN170,Jul 18 2004 01:19:25,48 25.98 N,124 49.2 W,48.433,-124.820,P119,150.94,149.61,7.18,33.69,26.36,2.88,0.24,87.07,33.00,0.28,0.15,2.53,51.15,3.16,0.00,0.00
 TN170,Jul 18 2004 01:19:25,48 25.98 N,124 49.2 W,48.433,-124.820,P119,199.50,197.72,7.10,33.75,26.42,2.84,0.22,87.10,33.63,0.29,0.18,2.53,51.35,3.11,0.00,0.00
 TN170,Jul 18 2004 01:19:25,48 25.98 N,124 49.2 W,48.433,-124.820,P119,248.61,246.37,6.74,33.89,26.58,2.46,0.27,86.02,35.53,0.26,0.11,2.62,57.03,2.66,0.00,0.00
 TN170,Jul 18 2004 01:19:25,48 25.98 N,124 49.2 W,48.433,-124.820,P119,296.78,294.07,6.68,33.91,26.60,2.40,0.17,85.50,36.09,0.24,0.11,2.67,58.22,2.58,0.00,0.00
 TN170,Jul 18 2004 01:19:25,48 25.98 N,124 49.2 W,48.433,-124.820,P119,321.22,318.26,6.61,33.92,26.62,2.35,0.25,84.21,36.28,0.22,0.09,2.68,59.31,2.54,0.00,0.00
 TN170,Jul 18 2004 02:32:12,48 22.02 N,124 53.58 W,48.367,-124.893,P111,2.31,2.29,12.44,32.22,24.35,8.65,1.33,77.22,13.00,0.25,0.23,0.00,30.41,9.34,0.00,0.00
 TN170,Jul 18 2004 02:32:12,48 22.02 N,124 53.58 W,48.367,-124.893,P111,7.80,7.73,10.78,32.42,24.81,7.25,1.43,81.57,16.80,0.29,0.37,0.00,32.61,8.10,1.92,0.96
 TN170,Jul 18 2004 02:32:12,48 22.02 N,124 53.58 W,48.367,-124.893,P111,22.72,22.53,8.42,32.91,25.57,4.20,0.34,87.91,27.84,0.34,0.58,0.00,42.98,4.89,0.43,0.81
 TN170,Jul 18 2004 02:32:12,48 22.02 N,124 53.58 W,48.367,-124.893,P111,32.51,32.23,7.95,33.19,25.86,4.06,0.45,87.20,29.14,0.29,0.17,0.00,43.09,4.43,0.63,0.45
 TN170,Jul 18 2004 02:32:12,48 22.02 N,124 53.58 W,48.367,-124.893,P111,52.95,52.49,7.29,33.60,26.28,3.96,0.27,87.50,29.79,0.19,0.09,0.00,42.10,4.19,0.16,0.38
 TN170,Jul 18 2004 02:32:12,48 22.02 N,124 53.58 W,48.367,-124.893,P111,77.96,77.29,7.27,33.64,26.31,3.92,0.19,87.64,29.88,0.19,0.14,0.00,42.09,4.31,0.00,0.00
 TN170,Jul 18 2004 02:32:12,48 22.02 N,124 53.58 W,48.367,-124.893,P111,102.76,101.87,7.19,33.81,26.45,3.51,0.17,85.68,31.28,0.14,0.20,0.00,46.08,3.86,0.00,0.00
 TN170,Jul 18 2004 02:32:12,48 22.02 N,124 53.58 W,48.367,-124.893,P111,153.09,151.74,6.91,33.86,26.54,2.72,0.16,87.91,34.63,0.23,0.12,0.00,53.04,2.91,0.00,0.00
 TN170,Jul 18 2004 02:32:12,48 22.02 N,124 53.58 W,48.367,-124.893,P111,203.36,201.54,6.87,33.89,26.57,2.74,0.16,87.40,34.11,0.16,0.17,0.00,53.93,2.99,0.00,0.00
 TN170,Jul 18 2004 02:32:12,48 22.02 N,124 53.58 W,48.367,-124.893,P111,252.86,250.58,6.62,33.94,26.64,2.45,0.15,87.75,36.06,0.13,0.12,0.00,58.01,2.66,0.00,0.00
 TN170,Jul 18 2004 02:32:12,48 22.02 N,124 53.58 W,48.367,-124.893,P111,302.86,300.09,6.60,33.94,26.64,2.39,0.15,87.35,36.33,0.14,0.07,0.00,59.00,2.59,0.00,0.00
 TN170,Jul 18 2004 02:32:12,48 22.02 N,124 53.58 W,48.367,-124.893,P111,330.37,327.32,6.47,33.95,26.67,2.23,0.17,85.64,36.91,0.16,0.06,0.00,61.48,2.42,0.00,0.00
 TN170,Jul 18 2004 03:56:21,48 16.02 N,125 0.96 W,48.267,-125.016,P105,2.77,2.75,12.55,32.28,24.37,8.65,1.52,73.52,10.64,0.21,0.16,1.07,25.95,9.59,0.00,0.00
 TN170,Jul 18 2004 03:56:21,48 16.02 N,125 0.96 W,48.267,-125.016,P105,7.13,7.07,12.25,32.28,24.43,8.60,2.46,73.16,10.91,0.21,0.17,1.11,26.34,9.64,0.00,0.00
 TN170,Jul 18 2004 03:56:21,48 16.02 N,125 0.96 W,48.267,-125.016,P105,12.45,12.34,11.87,32.29,24.51,8.53,3.78,73.80,13.43,0.23,0.21,1.27,29.21,9.44,0.00,0.00
 TN170,Jul 18 2004 03:56:21,48 16.02 N,125 0.96 W,48.267,-125.016,P105,21.82,21.63,10.00,32.43,24.95,6.43,2.59,81.15,19.34,0.27,0.43,1.64,32.90,7.32,0.00,0.00
 TN170,Jul 18 2004 03:56:21,48 16.02 N,125 0.96 W,48.267,-125.016,P105,32.19,31.92,8.55,32.84,25.50,4.63,0.41,88.19,26.89,0.32,0.50,2.17,40.56,5.11,0.00,0.00
 TN170,Jul 18 2004 03:56:21,48 16.02 N,125 0.96 W,48.267,-125.016,P105,52.28,51.83,7.61,33.35,26.04,3.23,0.22,88.21,32.01,0.13,0.02,2.46,47.03,3.54,0.00,0.00
 TN170,Jul 18 2004 03:56:21,48 16.02 N,125 0.96 W,48.267,-125.016,P105,77.12,76.46,7.09,33.66,26.35,2.76,0.19,87.85,33.80,0.27,0.00,2.57,51.71,2.63,0.00,0.00
 TN170,Jul 18 2004 03:56:21,48 16.02 N,125 0.96 W,48.267,-125.016,P105,102.08,101.19,6.79,33.82,26.52,2.21,0.19,86.73,35.81,0.41,0.17,2.70,57.78,2.43,0.00,0.00
 TN170,Jul 18 2004 03:56:21,48 16.02 N,125 0.96 W,48.267,-125.016,P105,152.39,151.05,6.69,33.87,26.57,2.19,0.18,86.56,36.22,0.34,0.13,2.73,58.87,2.40,0.00,0.00
 TN170,Jul 18 2004 03:56:21,48 16.02 N,125 0.96 W,48.267,-125.016,P105,201.98,200.18,6.66,33.92,26.62,2.44,0.16,88.08,35.73,0.18,0.10,2.62,57.77,2.81,0.00,0.00
 TN170,Jul 18 2004 03:56:21,48 16.02 N,125 0.96 W,48.267,-125.016,P105,252.01,249.73,6.56,33.95,26.65,2.37,0.13,88.21,36.14,0.10,0.10,2.66,58.95,2.63,0.00,0.00
 TN170,Jul 18 2004 03:56:21,48 16.02 N,125 0.96 W,48.267,-125.016,P105,302.17,299.41,6.47,33.96,26.68,2.28,0.13,87.61,36.62,0.09,0.08,2.68,60.83,2.46,0.00,0.00
 TN170,Jul 18 2004 03:56:21,48 16.02 N,125 0.96 W,48.267,-125.016,P105,332.92,329.85,6.41,33.97,26.69,2.23,0.14,87.09,36.39,0.08,0.02,2.73,61.82,2.44,0.00,0.00
 TN170,Jul 18 2004 08:41:28,47 32.28 N,124 45.48 W,47.538,-124.758,None,2.36,2.34,15.71,31.90,23.43,9.57,2.12,72.28,,,,,,,,
 TN170,Jul 18 2004 08:41:28,47 32.28 N,124 45.48 W,47.538,-124.758,None,2.43,2.41,15.69,31.90,23.43,9.58,2.09,72.31,,,,,,,,
 TN170,Jul 18 2004 08:41:28,47 32.28 N,124 45.48 W,47.538,-124.758,None,4.47,4.43,15.57,31.89,23.45,9.57,2.51,72.39,,,,,,,,
 TN170,Jul 18 2004 08:41:28,47 32.28 N,124 45.48 W,47.538,-124.758,None,4.56,4.52,15.41,31.89,23.49,9.56,3.00,72.91,,,,,,,,
 TN170,Jul 18 2004 08:41:28,47 32.28 N,124 45.48 W,47.538,-124.758,None,7.48,7.41,14.29,31.85,23.70,9.73,5.40,73.41,,,,,,,,
 TN170,Jul 18 2004 08:41:28,47 32.28 N,124 45.48 W,47.538,-124.758,None,7.52,7.46,14.26,31.85,23.70,9.70,5.24,73.36,,,,,,,,
 TN170,Jul 18 2004 08:41:28,47 32.28 N,124 45.48 W,47.538,-124.758,None,10.69,10.60,13.88,31.84,23.77,9.86,7.46,72.97,,,,,,,,
 TN170,Jul 18 2004 08:41:28,47 32.28 N,124 45.48 W,47.538,-124.758,None,10.71,10.62,13.72,31.84,23.80,9.89,6.96,72.98,,,,,,,,
 TN170,Jul 18 2004 08:41:28,47 32.28 N,124 45.48 W,47.538,-124.758,None,13.49,13.38,12.25,31.99,24.21,8.52,3.02,80.65,,,,,,,,
 TN170,Jul 18 2004 08:41:28,47 32.28 N,124 45.48 W,47.538,-124.758,None,13.54,13.43,12.24,31.99,24.21,8.54,3.10,80.97,,,,,,,,
 TN170,Jul 18 2004 08:41:28,47 32.28 N,124 45.48 W,47.538,-124.758,None,19.49,19.33,10.14,32.18,24.72,6.29,2.85,84.23,,,,,,,,
 TN170,Jul 18 2004 08:41:28,47 32.28 N,124 45.48 W,47.538,-124.758,None,19.83,19.67,9.79,32.28,24.86,6.24,2.59,84.15,,,,,,,,
 TN170,Jul 15 2004 05:51:36,47 33.36 N,122 26.76 W,47.556,-122.446,P29,2.37,2.35,13.48,29.61,22.13,8.15,2.73,79.57,10.94,0.49,0.64,1.73,30.37,9.68,6.66,1.44
 TN170,Jul 15 2004 05:51:36,47 33.36 N,122 26.76 W,47.556,-122.446,P29,7.23,7.17,12.51,29.66,22.35,7.13,1.72,80.25,13.76,0.50,0.98,1.89,31.77,7.97,4.66,0.58
 TN170,Jul 15 2004 05:51:36,47 33.36 N,122 26.76 W,47.556,-122.446,P29,12.10,12.00,12.46,29.67,22.37,7.04,2.09,81.37,14.36,0.50,1.06,1.92,32.57,7.81,5.06,0.37
 TN170,Jul 15 2004 05:51:36,47 33.36 N,122 26.76 W,47.556,-122.446,P29,19.15,18.99,12.25,29.70,22.43,6.79,1.48,82.59,15.25,0.53,1.27,1.97,32.99,7.53,3.71,0.44
 TN170,Jul 15 2004 05:51:36,47 33.36 N,122 26.76 W,47.556,-122.446,P29,31.74,31.48,12.15,29.72,22.46,6.65,1.36,81.68,15.93,0.52,1.13,1.98,33.61,7.33,3.24,0.46
 TN170,Jul 15 2004 05:51:36,47 33.36 N,122 26.76 W,47.556,-122.446,P29,51.62,51.18,11.57,29.96,22.75,5.92,0.47,81.76,18.59,0.55,1.06,2.16,35.88,6.55,0.73,0.51
 TN170,Jul 15 2004 05:51:36,47 33.36 N,122 26.76 W,47.556,-122.446,P29,81.85,81.15,11.17,30.12,22.95,5.39,0.34,80.46,21.58,0.51,0.95,2.35,39.60,6.01,0.00,0.00
 TN170,Jul 15 2004 05:51:36,47 33.36 N,122 26.76 W,47.556,-122.446,P29,121.39,120.34,11.20,30.20,23.01,5.40,0.36,77.83,21.08,0.54,0.92,2.36,40.02,6.03,0.00,0.00
 TN170,Jul 15 2004 05:51:36,47 33.36 N,122 26.76 W,47.556,-122.446,P29,171.72,170.21,11.30,30.26,23.04,5.59,0.35,76.28,2.26,0.58,1.75,2.26,38.02,6.24,0.00,0.00
 TN170,Jul 15 2004 05:51:36,47 33.36 N,122 26.76 W,47.556,-122.446,P29,219.29,217.34,11.31,30.34,23.10,5.70,0.70,56.25,17.92,0.54,2.15,2.23,38.93,6.28,0.00,0.00
 TN170,Jul 15 2004 07:13:06,47 27.42 N,122 24.54 W,47.457,-122.409,P30,2.43,2.41,13.04,29.61,22.22,8.05,3.30,80.07,11.74,0.48,0.06,1.64,31.75,8.97,6.70,0.97
 TN170,Jul 15 2004 07:13:06,47 27.42 N,122 24.54 W,47.457,-122.409,P30,7.05,7.00,12.78,29.62,22.27,7.70,5.43,81.14,13.47,0.49,0.92,1.73,31.95,8.46,4.89,0.73
 TN170,Jul 15 2004 07:13:06,47 27.42 N,122 24.54 W,47.457,-122.409,P30,12.05,11.95,12.60,29.65,22.33,7.28,2.41,82.97,14.70,0.52,1.06,1.82,32.64,,3.30,0.48
 TN170,Jul 15 2004 07:13:06,47 27.42 N,122 24.54 W,47.457,-122.409,P30,22.12,21.93,12.43,29.69,22.39,7.06,1.49,83.29,15.14,0.52,1.11,1.84,33.73,8.07,3.04,0.50
 TN170,Jul 15 2004 07:13:06,47 27.42 N,122 24.54 W,47.457,-122.409,P30,32.18,31.91,12.19,29.72,22.46,6.77,1.39,84.56,15.73,0.54,1.44,1.90,33.73,7.51,1.55,0.34
 TN170,Jul 15 2004 07:13:06,47 27.42 N,122 24.54 W,47.457,-122.409,P30,51.90,51.46,11.66,29.86,22.66,6.24,0.25,84.80,18.50,0.58,1.10,2.05,35.61,6.83,0.29,0.46
 TN170,Jul 15 2004 07:13:06,47 27.42 N,122 24.54 W,47.457,-122.409,P30,82.02,81.32,11.35,30.05,22.86,5.63,0.29,82.77,21.13,0.52,0.73,2.15,37.60,6.23,0.00,0.00
 TN170,Jul 15 2004 07:13:06,47 27.42 N,122 24.54 W,47.457,-122.409,P30,122.00,120.94,11.12,30.17,23.00,5.30,0.29,79.77,23.18,0.48,0.70,2.30,41.76,6.25,0.00,0.00
 TN170,Jul 15 2004 07:13:06,47 27.42 N,122 24.54 W,47.457,-122.409,P30,171.41,169.91,10.96,30.17,23.03,5.10,0.29,77.96,23.26,0.48,0.52,2.49,45.62,5.62,0.00,0.00
 TN170,Jul 15 2004 07:13:06,47 27.42 N,122 24.54 W,47.457,-122.409,P30,214.93,213.03,10.85,30.17,23.05,4.81,0.43,63.83,24.55,0.49,1.27,2.75,51.56,5.37,0.00,0.00
 TN170,Jul 15 2004 08:20:29,47 23.64 N,122 21.6 W,47.394,-122.360,P31,2.38,2.36,14.29,29.54,21.91,8.59,3.94,97.01,10.37,0.04,0.33,1.43,29.85,9.37,3.72,0.84
 TN170,Jul 15 2004 08:20:29,47 23.64 N,122 21.6 W,47.394,-122.360,P31,7.27,7.21,13.52,29.59,22.11,8.11,1.89,99.99,9.68,0.49,0.45,1.46,30.84,9.25,2.81,0.66
 TN170,Jul 15 2004 08:20:29,47 23.64 N,122 21.6 W,47.394,-122.360,P31,12.31,12.21,13.33,29.61,22.16,7.93,1.73,102.25,11.28,0.52,0.77,1.58,31.64,8.80,2.53,0.56
 TN170,Jul 15 2004 08:20:29,47 23.64 N,122 21.6 W,47.394,-122.360,P31,22.14,21.96,12.70,29.66,22.31,7.30,0.71,104.47,13.79,0.56,1.33,1.75,32.43,8.08,1.22,0.38
 TN170,Jul 15 2004 08:20:29,47 23.64 N,122 21.6 W,47.394,-122.360,P31,32.31,32.04,12.16,29.72,22.46,6.72,0.29,106.27,16.03,0.57,1.63,1.91,33.82,7.46,0.78,0.24
 TN170,Jul 15 2004 08:20:29,47 23.64 N,122 21.6 W,47.394,-122.360,P31,52.05,51.61,11.98,29.75,22.52,6.54,0.25,106.31,17.21,0.62,1.54,1.96,34.81,7.25,0.00,0.00
 TN170,Jul 15 2004 08:20:29,47 23.64 N,122 21.6 W,47.394,-122.360,P31,87.02,86.28,11.31,30.04,22.86,5.61,0.27,102.42,22.11,0.49,0.48,2.17,39.77,6.17,0.00,0.00
 TN170,Jul 15 2004 08:20:29,47 23.64 N,122 21.6 W,47.394,-122.360,P31,121.98,120.93,11.08,30.15,22.99,5.31,0.25,100.11,23.75,0.43,0.28,2.29,41.75,5.83,0.00,0.00
 TN170,Jul 15 2004 08:20:29,47 23.64 N,122 21.6 W,47.394,-122.360,P31,171.85,170.35,10.86,30.16,23.04,5.07,0.28,94.49,25.13,0.43,0.19,2.43,46.50,5.57,0.00,0.00
 TN170,Jul 15 2004 08:20:29,47 23.64 N,122 21.6 W,47.394,-122.360,P31,214.63,212.73,10.84,30.16,23.04,5.02,0.32,84.56,25.14,0.43,0.29,2.47,47.78,5.52,0.00,0.00
 TN170,Jul 15 2004 09:30:22,47 19.98 N,122 26.46 W,47.333,-122.441,P32,2.30,2.29,14.20,29.34,21.78,9.52,5.10,75.77,7.49,0.47,0.41,1.29,36.76,9.68,3.64,0.67
 TN170,Jul 15 2004 09:30:22,47 19.98 N,122 26.46 W,47.333,-122.441,P32,7.01,6.95,13.06,29.54,22.16,7.75,1.60,83.28,11.21,0.53,1.04,1.57,31.63,8.57,1.75,0.34
 TN170,Jul 15 2004 09:30:22,47 19.98 N,122 26.46 W,47.333,-122.441,P32,11.98,11.88,12.51,29.64,22.34,7.17,0.83,86.80,12.99,0.57,1.37,1.70,32.42,7.44,0.75,0.26
 TN170,Jul 15 2004 09:30:22,47 19.98 N,122 26.46 W,47.333,-122.441,P32,21.91,21.73,12.35,29.66,22.38,7.01,0.47,87.63,14.96,0.60,1.59,1.83,32.82,7.65,0.30,0.21
 TN170,Jul 15 2004 09:30:22,47 19.98 N,122 26.46 W,47.333,-122.441,P32,31.72,31.45,12.09,29.71,22.46,6.74,0.28,88.02,16.22,0.61,1.48,1.90,33.61,8.13,0.42,0.22
 TN170,Jul 15 2004 09:30:22,47 19.98 N,122 26.46 W,47.333,-122.441,P32,51.83,51.39,11.73,29.79,22.59,6.32,0.25,87.79,18.74,0.61,0.88,2.00,35.40,6.96,0.31,0.24
 TN170,Jul 15 2004 09:30:22,47 19.98 N,122 26.46 W,47.333,-122.441,P32,81.57,80.88,11.33,29.99,22.82,5.70,0.25,86.77,22.42,0.48,0.18,2.13,37.68,6.29,0.00,0.00
 TN170,Jul 15 2004 09:30:22,47 19.98 N,122 26.46 W,47.333,-122.441,P32,121.49,120.44,11.09,30.13,22.97,5.37,0.24,84.94,23.72,0.43,0.15,2.25,41.15,5.92,0.00,0.00
 TN170,Jul 15 2004 09:30:22,47 19.98 N,122 26.46 W,47.333,-122.441,P32,174.41,172.88,10.87,30.15,23.02,5.06,0.34,71.78,25.16,0.42,0.23,2.46,46.49,5.56,0.00,0.00
 TN170,Jul 15 2004 10:26:09,47 19.2 N,122 30.0 W,47.320,-122.500,P33,2.10,2.08,14.01,28.86,21.44,9.36,6.50,69.19,4.98,0.45,0.13,1.18,30.10,10.19,8.53,1.19
 TN170,Jul 15 2004 10:26:09,47 19.2 N,122 30.0 W,47.320,-122.500,P33,6.96,6.90,13.49,29.21,21.82,8.84,4.31,72.23,9.55,0.55,0.52,1.51,30.42,9.01,6.29,0.82
 TN170,Jul 15 2004 10:26:09,47 19.2 N,122 30.0 W,47.320,-122.500,P33,11.90,11.80,12.64,29.53,22.23,7.57,2.87,80.37,12.58,0.53,0.71,1.73,30.63,8.33,6.12,0.58
 TN170,Jul 15 2004 10:26:09,47 19.2 N,122 30.0 W,47.320,-122.500,P33,21.95,21.76,12.29,29.64,22.38,7.00,1.04,84.33,14.41,0.59,1.24,1.86,31.72,7.74,3.25,0.31
 TN170,Jul 15 2004 10:26:09,47 19.2 N,122 30.0 W,47.320,-122.500,P33,32.06,31.79,12.05,29.71,22.48,6.69,0.28,86.92,15.98,0.65,1.41,1.96,32.61,7.40,0.35,0.22
 TN170,Jul 15 2004 10:26:09,47 19.2 N,122 30.0 W,47.320,-122.500,P33,51.74,51.30,11.48,29.92,22.74,5.92,0.26,85.90,20.55,0.56,0.28,2.16,35.55,6.49,0.29,0.33
 TN170,Jul 15 2004 10:26:09,47 19.2 N,122 30.0 W,47.320,-122.500,P33,81.80,81.10,11.11,30.10,22.95,5.40,0.27,84.63,23.51,0.45,0.00,2.33,39.28,5.96,0.00,0.00
 TN170,Jul 15 2004 10:26:09,47 19.2 N,122 30.0 W,47.320,-122.500,P33,121.58,120.53,11.00,30.12,22.98,5.29,0.29,83.21,24.59,0.36,0.00,2.38,41.43,5.81,0.00,0.00
 TN170,Jul 15 2004 10:26:09,47 19.2 N,122 30.0 W,47.320,-122.500,P33,150.64,149.33,10.95,30.13,22.99,5.19,0.35,73.56,24.95,0.41,0.00,2.46,43.20,5.73,0.00,0.00
 TN170,Jul 15 2004 12:02:11,47 10.92 N,122 37.98 W,47.182,-122.633,P35,2.23,2.21,14.04,29.33,21.80,10.08,11.10,73.00,2.19,0.22,0.56,1.31,22.23,10.79,19.64,2.67
 TN170,Jul 15 2004 12:02:11,47 10.92 N,122 37.98 W,47.182,-122.633,P35,6.86,6.80,13.22,29.46,22.07,8.05,5.35,79.07,7.52,0.33,1.87,1.61,26.68,8.86,12.00,1.06
 TN170,Jul 15 2004 12:02:11,47 10.92 N,122 37.98 W,47.182,-122.633,P35,12.39,12.29,13.09,29.48,22.10,7.86,4.74,81.17,6.87,2.01,2.10,1.66,27.67,8.62,10.12,1.04
 TN170,Jul 15 2004 12:02:11,47 10.92 N,122 37.98 W,47.182,-122.633,P35,22.25,22.07,13.06,29.49,22.11,7.86,3.82,81.20,8.67,0.34,2.12,1.67,28.06,8.58,10.42,1.02
 TN170,Jul 15 2004 12:02:11,47 10.92 N,122 37.98 W,47.182,-122.633,P35,32.17,31.91,12.95,29.52,22.17,7.80,4.02,79.55,9.91,0.35,1.76,1.69,28.75,8.55,10.61,1.30
 TN170,Jul 15 2004 12:02:11,47 10.92 N,122 37.98 W,47.182,-122.633,P35,52.17,51.73,12.73,29.58,22.25,7.55,4.54,80.24,10.99,0.38,1.52,1.74,31.82,8.34,8.46,1.04
 TN170,Jul 15 2004 12:02:11,47 10.92 N,122 37.98 W,47.182,-122.633,P35,81.64,80.94,12.68,29.61,22.28,7.51,3.16,79.74,11.96,0.38,1.28,1.74,31.52,8.27,0.00,0.00
 TN170,Jul 15 2004 12:02:11,47 10.92 N,122 37.98 W,47.182,-122.633,P35,122.08,121.03,12.56,29.63,22.32,7.24,2.54,80.00,13.08,0.41,1.74,1.84,32.61,7.76,0.00,0.00
 TN170,Jul 15 2004 12:02:11,47 10.92 N,122 37.98 W,47.182,-122.633,P35,164.42,162.98,12.46,29.66,22.37,7.16,3.33,79.01,14.05,0.42,1.86,1.89,33.60,7.80,0.00,0.00
 TN170,Jul 15 2004 13:28:13,47 10.08 N,122 47.22 W,47.168,-122.787,P36,2.28,2.26,14.70,29.33,21.67,9.75,8.32,73.34,0.46,0.20,0.46,1.39,21.64,11.05,18.25,2.15
 TN170,Jul 15 2004 13:28:13,47 10.08 N,122 47.22 W,47.168,-122.787,P36,7.54,7.47,14.69,29.33,21.67,9.97,8.57,74.91,0.43,0.20,0.39,1.35,19.80,11.08,17.66,2.74
 TN170,Jul 15 2004 13:28:13,47 10.08 N,122 47.22 W,47.168,-122.787,P36,12.65,12.55,14.25,29.36,21.79,9.31,8.48,76.12,3.25,0.26,1.33,1.56,22.83,9.87,16.37,1.36
 TN170,Jul 15 2004 13:28:13,47 10.08 N,122 47.22 W,47.168,-122.787,P36,22.64,22.45,13.27,29.45,22.05,8.01,4.62,79.75,8.10,0.35,2.26,1.78,26.65,8.78,11.01,1.29
 TN170,Jul 15 2004 13:28:13,47 10.08 N,122 47.22 W,47.168,-122.787,P36,32.61,32.33,13.03,29.48,22.11,7.67,2.49,81.27,8.45,0.38,2.66,1.83,28.51,8.48,7.76,0.90
 TN170,Jul 15 2004 13:28:13,47 10.08 N,122 47.22 W,47.168,-122.787,P36,52.45,52.01,12.90,29.48,22.15,7.37,1.61,81.44,9.46,0.40,3.33,1.93,30.76,8.12,6.13,0.75
 TN170,Jul 15 2004 13:28:13,47 10.08 N,122 47.22 W,47.168,-122.787,P36,72.39,71.78,12.80,29.50,22.18,7.11,1.39,77.55,10.34,0.41,4.01,2.05,32.52,7.73,0.00,0.00
 TN170,Jul 15 2004 13:28:13,47 10.08 N,122 47.22 W,47.168,-122.787,P36,92.60,91.81,12.75,29.51,22.19,6.96,1.07,73.90,10.50,0.44,4.14,2.07,33.51,7.71,0.00,0.00
 TN170,Jul 15 2004 14:31:57,47 15.9 N,122 51.18 W,47.265,-122.853,P37,1.96,1.95,16.32,29.14,21.18,12.19,8.80,69.32,1.24,0.11,0.96,1.41,17.32,12.62,19.25,1.78
 TN170,Jul 15 2004 14:31:57,47 15.9 N,122 51.18 W,47.265,-122.853,P37,7.05,6.99,14.55,29.27,21.65,9.70,13.28,69.23,1.88,0.14,1.29,1.50,18.82,10.03,19.00,1.83
 TN170,Jul 15 2004 14:31:57,47 15.9 N,122 51.18 W,47.265,-122.853,P37,12.42,12.32,13.61,29.36,21.91,7.98,5.33,76.20,5.28,0.26,2.79,1.80,25.99,8.77,13.19,1.44
 TN170,Jul 15 2004 14:31:57,47 15.9 N,122 51.18 W,47.265,-122.853,P37,22.08,21.89,13.18,29.41,22.04,7.34,2.12,79.13,8.23,0.34,4.29,2.03,29.78,8.06,6.90,1.05
 TN170,Jul 15 2004 14:31:57,47 15.9 N,122 51.18 W,47.265,-122.853,P37,32.02,31.75,12.98,29.44,22.09,7.07,1.70,78.91,8.95,0.37,4.66,2.08,31.27,8.01,5.77,1.07
 TN170,Jul 15 2004 14:31:57,47 15.9 N,122 51.18 W,47.265,-122.853,P37,51.44,51.01,12.80,29.47,22.15,6.76,1.49,75.03,10.28,0.42,5.91,2.29,35.25,7.45,3.91,1.56
 TN170,Jul 15 2004 16:48:50,47 16.56 N,122 42.48 W,47.276,-122.708,P38,2.30,2.28,14.52,29.42,21.77,9.22,6.29,75.15,5.99,0.33,1.80,1.54,27.86,9.83,9.23,2.07
 TN170,Jul 15 2004 16:48:50,47 16.56 N,122 42.48 W,47.276,-122.708,P38,7.12,7.06,13.24,29.49,22.09,8.26,3.28,82.32,6.05,0.34,1.94,1.55,28.07,9.13,8.88,1.47
 TN170,Jul 15 2004 16:48:50,47 16.56 N,122 42.48 W,47.276,-122.708,P38,12.27,12.17,13.21,29.49,22.09,8.19,3.79,81.81,6.81,0.35,2.31,1.63,29.07,9.05,6.53,0.93
 TN170,Jul 15 2004 16:48:50,47 16.56 N,122 42.48 W,47.276,-122.708,P38,22.06,21.88,13.04,29.51,22.14,7.88,3.44,83.13,7.84,0.38,2.45,1.67,30.27,8.70,5.54,0.87
 TN170,Jul 15 2004 16:48:50,47 16.56 N,122 42.48 W,47.276,-122.708,P38,32.23,31.96,12.89,29.50,22.16,7.61,1.67,84.26,8.60,0.39,2.79,1.77,34.96,8.37,3.82,0.82
 TN170,Jul 15 2004 16:48:50,47 16.56 N,122 42.48 W,47.276,-122.708,P38,52.05,51.61,12.44,29.52,22.26,6.93,0.31,86.11,9.39,0.48,4.55,1.97,37.96,7.71,0.77,0.81
 TN170,Jul 15 2004 16:48:50,47 16.56 N,122 42.48 W,47.276,-122.708,P38,81.94,81.24,12.21,29.55,22.33,6.09,0.44,67.90,10.37,0.57,6.35,2.33,42.95,6.74,0.00,0.00
 TN170,Jul 15 2004 16:48:50,47 16.56 N,122 42.48 W,47.276,-122.708,P38,92.92,92.13,12.26,29.61,22.36,6.22,0.55,70.00,11.14,0.53,5.81,2.34,42.36,6.81,0.00,0.00
 TN170,Jul 15 2004 18:28:44,47 17.16 N,122 32.34 W,47.286,-122.539,P34,2.00,1.99,12.71,29.54,22.22,7.58,2.38,80.72,13.52,0.47,0.73,2.12,31.55,8.38,6.02,0.97
 TN170,Jul 15 2004 18:28:44,47 17.16 N,122 32.34 W,47.286,-122.539,P34,7.00,6.94,12.60,29.57,22.27,7.42,2.40,81.00,14.48,0.47,0.80,1.99,32.24,8.24,5.73,0.96
 TN170,Jul 15 2004 18:28:44,47 17.16 N,122 32.34 W,47.286,-122.539,P34,12.02,11.92,12.46,29.63,22.34,7.27,2.53,81.67,14.83,0.47,0.82,1.79,31.34,8.14,4.64,1.38
 TN170,Jul 15 2004 18:28:44,47 17.16 N,122 32.34 W,47.286,-122.539,P34,22.11,21.92,12.50,29.62,22.32,7.29,2.52,81.30,15.26,0.47,0.89,1.79,31.34,7.96,4.82,0.65
 TN170,Jul 15 2004 18:28:44,47 17.16 N,122 32.34 W,47.286,-122.539,P34,31.73,31.46,12.10,29.75,22.50,6.75,2.48,82.77,17.98,0.49,0.89,1.78,33.22,7.41,3.78,0.64
 TN170,Jul 15 2004 18:28:44,47 17.16 N,122 32.34 W,47.286,-122.539,P34,52.22,51.78,11.72,29.84,22.64,6.25,1.19,83.50,19.37,0.51,0.74,1.73,35.21,6.84,2.23,0.64
 TN170,Jul 15 2004 19:36:06,47 24.9 N,122 31.56 W,47.415,-122.526,P39,2.20,2.19,12.86,29.60,22.24,7.79,3.01,80.36,9.41,0.43,0.91,1.69,31.10,8.53,6.55,3.94
 TN170,Jul 15 2004 19:36:06,47 24.9 N,122 31.56 W,47.415,-122.526,P39,7.23,7.17,12.72,29.61,22.28,7.63,4.28,81.39,10.51,0.44,0.99,1.73,32.99,8.34,5.13,3.29
 TN170,Jul 15 2004 19:36:06,47 24.9 N,122 31.56 W,47.415,-122.526,P39,12.26,12.16,12.53,29.65,22.34,7.27,2.35,82.63,11.62,0.46,1.00,1.77,32.80,8.00,7.29,0.86
 TN170,Jul 15 2004 19:36:06,47 24.9 N,122 31.56 W,47.415,-122.526,P39,22.14,21.96,12.43,29.67,22.38,7.13,2.49,83.02,12.30,0.47,1.10,1.79,34.00,7.84,5.57,0.72
 TN170,Jul 15 2004 19:36:06,47 24.9 N,122 31.56 W,47.415,-122.526,P39,32.30,32.02,12.28,29.70,22.43,6.90,2.34,83.46,13.91,0.48,1.18,1.88,34.80,7.52,5.60,0.75
 TN170,Jul 15 2004 19:36:06,47 24.9 N,122 31.56 W,47.415,-122.526,P39,52.06,51.62,12.09,29.76,22.51,6.63,1.42,83.56,14.23,0.48,1.20,1.94,36.21,7.36,3.02,0.66
 TN170,Jul 15 2004 19:36:06,47 24.9 N,122 31.56 W,47.415,-122.526,P39,81.97,81.27,11.69,29.88,22.67,6.13,1.23,83.39,17.22,0.48,1.02,2.08,39.11,6.75,0.00,0.00
 TN170,Jul 15 2004 19:36:06,47 24.9 N,122 31.56 W,47.415,-122.526,P39,116.83,115.83,11.58,29.91,22.72,5.97,0.81,81.19,18.39,0.48,0.68,2.13,39.01,6.59,0.00,0.00
 TN170,Jul 15 2004 21:27:50,47 42.18 N,122 27.18 W,47.703,-122.453,P28,2.30,2.28,13.77,29.52,22.00,8.21,2.56,80.07,8.51,0.44,0.51,1.50,31.92,9.14,2.90,1.05
 TN170,Jul 15 2004 21:27:50,47 42.18 N,122 27.18 W,47.703,-122.453,P28,7.19,7.13,13.73,29.52,22.02,8.26,2.80,81.65,8.86,0.45,0.59,1.51,29.43,9.14,4.34,1.22
 TN170,Jul 15 2004 21:27:50,47 42.18 N,122 27.18 W,47.703,-122.453,P28,12.10,12.00,13.59,29.54,22.05,8.19,2.66,82.54,10.19,0.47,0.82,1.62,31.03,8.74,3.29,2.14
 TN170,Jul 15 2004 21:27:50,47 42.18 N,122 27.18 W,47.703,-122.453,P28,22.10,21.91,12.32,29.70,22.42,6.90,0.85,85.92,13.36,0.55,1.69,1.91,35.43,7.61,1.58,0.72
 TN170,Jul 15 2004 21:27:50,47 42.18 N,122 27.18 W,47.703,-122.453,P28,32.00,31.73,12.02,29.76,22.52,6.52,0.61,86.26,15.54,0.57,2.37,2.04,36.14,7.26,0.79,0.82
 TN170,Jul 15 2004 21:27:50,47 42.18 N,122 27.18 W,47.703,-122.453,P28,52.29,51.84,11.71,29.87,22.66,6.14,0.31,85.62,17.73,0.58,1.68,2.09,36.24,7.26,0.68,0.52
 TN170,Jul 15 2004 21:27:50,47 42.18 N,122 27.18 W,47.703,-122.453,P28,81.95,81.25,11.44,30.12,22.91,5.76,0.27,83.52,18.57,0.57,1.23,2.07,36.16,6.34,0.00,0.00
 TN170,Jul 15 2004 21:27:50,47 42.18 N,122 27.18 W,47.703,-122.453,P28,111.81,110.84,11.41,30.17,22.95,5.77,0.29,83.14,18.49,0.55,1.25,2.08,37.56,6.36,0.00,0.00
 TN170,Jul 15 2004 21:27:50,47 42.18 N,122 27.18 W,47.703,-122.453,P28,151.80,150.47,11.34,30.33,23.09,5.80,0.38,76.74,17.54,0.52,1.85,2.09,38.17,6.39,0.00,0.00
 TN170,Jul 15 2004 21:27:50,47 42.18 N,122 27.18 W,47.703,-122.453,P28,192.74,191.04,11.34,30.49,23.21,5.98,0.47,73.45,16.66,0.47,2.30,2.00,37.18,6.68,0.00,0.00
 TN170,Jul 15 2004 22:34:56,47 48.84 N,122 27.3 W,47.814,-122.455,P27,2.37,2.35,14.34,29.02,21.50,8.67,3.35,78.90,6.02,0.40,0.27,1.22,21.83,9.58,4.91,1.52
 TN170,Jul 15 2004 22:34:56,47 48.84 N,122 27.3 W,47.814,-122.455,P27,7.24,7.18,14.13,29.28,21.75,8.55,2.77,79.67,9.20,0.46,0.49,1.46,26.03,9.12,6.03,1.14
 TN170,Jul 15 2004 22:34:56,47 48.84 N,122 27.3 W,47.814,-122.455,P27,12.38,12.28,12.96,29.62,22.24,7.43,1.05,85.26,12.54,0.54,1.18,1.71,28.87,8.19,2.22,0.79
 TN170,Jul 15 2004 22:34:56,47 48.84 N,122 27.3 W,47.814,-122.455,P27,22.12,21.93,12.22,29.82,22.53,6.66,0.72,86.22,15.55,0.59,1.67,1.91,31.62,6.25,1.43,0.57
 TN170,Jul 15 2004 22:34:56,47 48.84 N,122 27.3 W,47.814,-122.455,P27,32.23,31.96,12.08,29.88,22.60,6.55,0.63,86.45,16.68,0.60,1.76,1.98,33.48,7.10,0.84,0.41
 TN170,Jul 15 2004 22:34:56,47 48.84 N,122 27.3 W,47.814,-122.455,P27,52.15,51.70,11.73,30.04,22.79,6.22,0.32,85.24,17.75,0.60,1.88,2.03,33.60,6.85,0.59,0.41
 TN170,Jul 15 2004 22:34:56,47 48.84 N,122 27.3 W,47.814,-122.455,P27,81.24,80.54,11.61,30.21,22.94,6.20,0.40,85.16,17.85,0.54,1.93,1.99,33.61,6.81,0.00,0.00
 TN170,Jul 15 2004 22:34:56,47 48.84 N,122 27.3 W,47.814,-122.455,P27,112.61,111.63,11.46,30.38,23.10,6.10,0.43,83.31,17.93,0.50,2.06,2.03,35.28,6.70,0.00,0.00
 TN170,Jul 15 2004 22:34:56,47 48.84 N,122 27.3 W,47.814,-122.455,P27,152.46,151.12,11.33,30.55,23.25,6.04,0.54,82.61,18.79,0.45,1.81,2.02,35.88,6.65,0.00,0.00
 TN170,Jul 15 2004 22:34:56,47 48.84 N,122 27.3 W,47.814,-122.455,P27,190.93,189.24,11.26,30.63,23.33,5.98,0.69,78.55,18.65,0.44,1.83,2.03,36.58,6.59,0.00,0.00
 TN170,Jul 15 2004 23:44:32,47 52.98 N,122 22.02 W,47.883,-122.367,P5,2.34,2.32,14.81,26.99,19.84,9.04,4.19,68.21,1.49,0.19,0.21,0.64,12.29,10.02,4.78,1.01
 TN170,Jul 15 2004 23:44:32,47 52.98 N,122 22.02 W,47.883,-122.367,P5,7.37,7.31,12.30,29.58,22.33,6.98,1.15,84.32,15.68,0.69,1.67,1.94,31.61,8.58,1.27,0.90
 TN170,Jul 15 2004 23:44:32,47 52.98 N,122 22.02 W,47.883,-122.367,P5,12.46,12.35,12.16,29.71,22.45,6.77,0.61,85.34,16.29,0.71,1.75,1.98,31.91,7.49,1.32,0.87
 TN170,Jul 15 2004 23:44:32,47 52.98 N,122 22.02 W,47.883,-122.367,P5,22.36,22.17,11.92,29.78,22.55,6.51,0.28,86.85,17.78,0.68,1.67,2.06,32.80,7.11,0.35,0.56
 TN170,Jul 15 2004 23:44:32,47 52.98 N,122 22.02 W,47.883,-122.367,P5,32.41,32.13,11.76,29.83,22.62,6.35,0.24,86.37,19.08,0.64,1.13,2.07,33.59,6.97,0.52,0.46
 TN170,Jul 15 2004 23:44:32,47 52.98 N,122 22.02 W,47.883,-122.367,P5,52.17,51.72,11.46,29.88,22.71,6.06,0.25,86.18,21.09,0.56,0.31,2.12,34.97,6.65,0.26,0.43
 TN170,Jul 15 2004 23:44:32,47 52.98 N,122 22.02 W,47.883,-122.367,P5,81.98,81.28,10.47,29.92,22.91,5.23,0.25,82.92,26.66,0.11,0.00,2.53,46.28,5.80,0.00,0.00
 TN170,Jul 15 2004 23:44:32,47 52.98 N,122 22.02 W,47.883,-122.367,P5,112.16,111.19,11.16,30.16,22.98,5.67,0.28,82.13,22.26,0.49,0.47,2.20,38.60,6.20,0.00,0.00
 TN170,Jul 15 2004 23:44:32,47 52.98 N,122 22.02 W,47.883,-122.367,P5,151.88,150.55,11.33,30.37,23.12,5.90,0.39,76.33,18.97,0.49,1.97,2.58,37.15,6.47,0.00,0.00
 TN170,Jul 15 2004 23:44:32,47 52.98 N,122 22.02 W,47.883,-122.367,P5,207.52,205.68,11.29,30.48,23.21,5.85,0.61,64.12,18.87,0.48,2.30,2.16,37.85,6.44,0.00,0.00
 TN170,Jul 16 2004 01:29:31,48 1.02 N,122 18.12 W,48.017,-122.302,P1,2.24,2.22,15.57,24.96,18.13,10.62,3.13,61.85,0.00,0.00,0.04,0.09,116.45,7.90,5.48,0.51
 TN170,Jul 16 2004 01:29:31,48 1.02 N,122 18.12 W,48.017,-122.302,P1,7.69,7.62,13.71,27.36,20.35,9.04,4.33,65.41,0.29,0.10,0.09,0.34,10.11,10.98,5.83,0.67
 TN170,Jul 16 2004 01:29:31,48 1.02 N,122 18.12 W,48.017,-122.302,P1,12.30,12.20,12.13,29.33,22.17,7.09,1.51,84.02,13.57,0.61,0.92,1.71,29.17,8.66,1.34,0.57
 TN170,Jul 16 2004 01:29:31,48 1.02 N,122 18.12 W,48.017,-122.302,P1,22.28,22.10,11.79,29.63,22.46,6.56,0.46,86.83,16.87,0.68,1.13,1.92,32.48,7.27,0.63,0.55
 TN170,Jul 16 2004 01:29:31,48 1.02 N,122 18.12 W,48.017,-122.302,P1,32.31,32.04,11.42,29.64,22.53,6.14,0.29,86.14,18.95,0.57,0.60,2.04,35.87,6.81,0.35,0.39
 TN170,Jul 16 2004 01:29:31,48 1.02 N,122 18.12 W,48.017,-122.302,P1,52.52,52.07,10.12,29.63,22.75,5.16,0.24,82.44,28.25,0.05,0.00,2.65,53.15,6.15,0.26,0.43
 TN170,Jul 16 2004 01:29:31,48 1.02 N,122 18.12 W,48.017,-122.302,P1,81.99,81.29,9.83,29.86,22.97,4.19,0.26,72.72,29.85,0.05,0.00,3.11,68.33,4.40,0.00,0.00
 TN170,Jul 16 2004 01:29:31,48 1.02 N,122 18.12 W,48.017,-122.302,P1,98.17,97.32,9.71,29.88,23.00,3.72,0.26,73.39,30.53,0.03,0.00,3.32,74.02,4.07,0.00,0.00
 TN170,Jul 16 2004 02:36:28,48 7.92 N,122 23.82 W,48.132,-122.397,P2,2.10,2.09,14.93,27.93,20.55,9.30,4.55,58.21,1.83,0.12,0.00,0.99,25.14,10.16,5.29,1.17
 TN170,Jul 16 2004 02:36:28,48 7.92 N,122 23.82 W,48.132,-122.397,P2,7.76,7.69,11.64,29.08,22.06,6.69,3.65,76.13,16.54,0.35,,1.89,32.09,7.27,2.75,0.62
 TN170,Jul 16 2004 02:36:28,48 7.92 N,122 23.82 W,48.132,-122.397,P2,12.55,12.44,10.59,29.32,22.43,5.89,0.49,81.55,24.24,0.27,0.03,2.35,38.63,6.71,0.63,0.20
 TN170,Jul 16 2004 02:36:28,48 7.92 N,122 23.82 W,48.132,-122.397,P2,22.37,22.18,10.36,29.31,22.45,5.72,0.29,80.68,27.42,0.07,0.00,2.48,43.51,6.30,0.22,0.54
 TN170,Jul 16 2004 02:36:28,48 7.92 N,122 23.82 W,48.132,-122.397,P2,31.06,30.79,10.28,29.38,22.52,5.71,0.23,82.92,28.45,0.06,0.00,2.53,44.49,6.27,0.26,0.22
 TN170,Jul 16 2004 02:36:28,48 7.92 N,122 23.82 W,48.132,-122.397,P2,52.55,52.11,9.46,29.44,22.70,5.03,0.23,78.36,33.99,0.05,0.00,2.91,57.65,5.45,0.16,0.25
 TN170,Jul 16 2004 02:36:28,48 7.92 N,122 23.82 W,48.132,-122.397,P2,82.25,81.54,9.19,29.61,22.88,4.07,0.20,81.32,36.80,0.05,0.00,3.26,68.66,4.33,0.00,0.00
 TN170,Jul 16 2004 02:36:28,48 7.92 N,122 23.82 W,48.132,-122.397,P2,111.82,110.85,9.83,29.93,23.03,3.43,0.30,72.63,32.82,0.03,0.00,3.60,73.93,4.03,0.00,0.00
 TN170,Jul 16 2004 04:11:04,48 6.36 N,122 29.34 W,48.106,-122.489,P3,1.97,1.95,12.30,27.81,20.96,9.77,4.64,71.91,1.85,0.16,0.08,0.79,12.02,11.09,6.86,0.46
 TN170,Jul 16 2004 04:11:04,48 6.36 N,122 29.34 W,48.106,-122.489,P3,7.16,7.10,11.25,29.10,22.14,7.06,3.62,82.85,13.94,0.40,0.37,1.82,29.05,8.00,5.34,0.50
 TN170,Jul 16 2004 04:11:04,48 6.36 N,122 29.34 W,48.106,-122.489,P3,12.19,12.09,11.18,29.42,22.41,6.45,1.86,85.13,18.02,0.47,0.48,2.07,35.87,6.94,1.97,0.42
 TN170,Jul 16 2004 04:11:04,48 6.36 N,122 29.34 W,48.106,-122.489,P3,21.92,21.73,11.11,29.55,22.52,6.02,0.43,86.65,20.55,0.49,0.36,2.21,40.90,6.46,0.39,0.57
 TN170,Jul 16 2004 04:11:04,48 6.36 N,122 29.34 W,48.106,-122.489,P3,32.07,31.80,11.04,29.66,22.61,5.88,0.27,86.00,22.02,0.40,0.08,2.27,42.12,6.23,0.36,0.39
 TN170,Jul 16 2004 04:11:04,48 6.36 N,122 29.34 W,48.106,-122.489,P3,51.99,51.55,10.71,29.65,22.66,5.50,0.28,83.58,23.47,0.29,0.03,2.41,46.84,6.01,0.28,0.43
 TN170,Jul 16 2004 04:11:04,48 6.36 N,122 29.34 W,48.106,-122.489,P3,81.90,81.20,10.20,29.77,22.84,4.91,0.29,72.03,25.77,0.11,0.00,2.62,56.04,5.36,0.00,0.00
 TN170,Jul 16 2004 04:11:04,48 6.36 N,122 29.34 W,48.106,-122.489,P3,112.05,111.08,10.15,29.85,22.91,4.85,0.33,64.94,26.69,0.09,0.00,2.67,57.26,5.30,0.00,0.00
 TN170,Jul 16 2004 04:11:04,48 6.36 N,122 29.34 W,48.106,-122.489,P3,137.41,136.21,10.15,29.88,22.93,4.87,0.29,64.64,26.65,0.07,0.00,2.66,57.18,5.29,0.00,0.00
 TN170,Jul 16 2004 05:25:09,48 14.46 N,122 33.18 W,48.241,-122.553,P4,2.49,2.47,13.07,26.97,20.16,9.44,8.94,58.26,3.93,0.15,0.22,0.95,18.72,10.15,16.07,1.18
 TN170,Jul 16 2004 05:25:09,48 14.46 N,122 33.18 W,48.241,-122.553,P4,7.27,7.20,10.61,29.21,22.34,5.62,2.16,82.98,21.97,0.38,1.19,2.46,45.51,6.16,4.83,0.63
 TN170,Jul 16 2004 05:25:09,48 14.46 N,122 33.18 W,48.241,-122.553,P4,12.24,12.14,10.76,29.37,22.44,5.76,0.71,84.47,22.68,0.40,0.58,2.45,44.55,6.25,1.86,0.61
 TN170,Jul 16 2004 05:25:09,48 14.46 N,122 33.18 W,48.241,-122.553,P4,22.20,22.01,10.53,29.42,22.51,5.48,0.42,83.54,24.23,0.37,0.31,2.58,47.78,5.95,0.78,0.89
 TN170,Jul 16 2004 05:25:09,48 14.46 N,122 33.18 W,48.241,-122.553,P4,32.16,31.89,10.41,29.45,22.55,5.33,0.40,83.40,25.40,0.29,0.27,2.66,49.93,5.76,0.63,0.48
 TN170,Jul 16 2004 05:25:09,48 14.46 N,122 33.18 W,48.241,-122.553,P4,52.20,51.75,10.21,29.52,22.64,4.74,0.70,62.74,26.00,0.27,1.04,3.04,57.52,5.11,0.98,0.82
 TN170,Jul 16 2004 05:25:09,48 14.46 N,122 33.18 W,48.241,-122.553,P4,84.66,83.93,9.90,29.62,22.77,3.90,0.62,59.28,27.44,0.28,1.56,3.60,1.33,4.46,0.00,0.00
 TN170,Jul 16 2004 08:25:52,47 55.5 N,122 28.08 W,47.925,-122.468,P6,2.43,2.41,12.69,29.67,22.33,7.26,2.19,81.49,12.61,0.47,1.05,1.59,29.29,7.99,4.84,0.61
 TN170,Jul 16 2004 08:25:52,47 55.5 N,122 28.08 W,47.925,-122.468,P6,7.03,6.97,12.62,29.73,22.39,7.20,3.30,81.93,12.78,0.46,1.08,1.62,29.42,7.97,3.80,0.75
 TN170,Jul 16 2004 08:25:52,47 55.5 N,122 28.08 W,47.925,-122.468,P6,12.12,12.02,12.70,29.66,22.32,7.25,2.51,81.73,13.37,0.47,1.15,1.63,30.25,7.83,3.69,0.45
 TN170,Jul 16 2004 08:25:52,47 55.5 N,122 28.08 W,47.925,-122.468,P6,22.08,21.89,12.41,29.88,22.54,6.95,1.85,82.89,14.20,0.47,1.27,1.71,31.18,7.56,2.36,0.58
 TN170,Jul 16 2004 08:25:52,47 55.5 N,122 28.08 W,47.925,-122.468,P6,31.84,31.57,12.34,29.93,22.59,6.90,1.48,83.14,15.03,0.48,1.34,1.75,32.00,7.53,2.97,0.72
 TN170,Jul 16 2004 08:25:52,47 55.5 N,122 28.08 W,47.925,-122.468,P6,51.87,51.42,12.01,30.12,22.81,6.62,1.40,83.70,15.86,0.47,1.44,1.81,33.23,7.09,2.16,0.65
 TN170,Jul 16 2004 08:25:52,47 55.5 N,122 28.08 W,47.925,-122.468,P6,81.61,80.91,11.30,30.60,23.30,6.02,1.10,83.03,18.29,0.48,1.61,1.93,36.15,6.64,0.00,0.00
 TN170,Jul 16 2004 08:25:52,47 55.5 N,122 28.08 W,47.925,-122.468,P6,109.45,108.50,11.17,30.69,23.40,5.98,0.81,82.85,18.73,0.43,1.63,1.96,36.58,6.53,0.00,0.00
 TN170,Jul 16 2004 09:32:52,47 58.98 N,122 37.26 W,47.983,-122.621,P7,2.54,2.52,11.87,30.24,22.92,6.75,2.57,83.48,16.79,0.39,1.00,1.86,34.24,7.35,3.81,0.61
 TN170,Jul 16 2004 09:32:52,47 58.98 N,122 37.26 W,47.983,-122.621,P7,7.76,7.70,11.63,30.38,23.07,6.54,1.75,83.41,17.30,0.39,1.03,1.88,35.13,7.19,3.52,0.61
 TN170,Jul 16 2004 09:32:52,47 58.98 N,122 37.26 W,47.983,-122.621,P7,12.71,12.60,11.44,30.51,23.20,6.37,1.84,83.40,17.64,0.38,1.04,1.93,35.73,7.03,2.79,0.59
 TN170,Jul 16 2004 09:32:52,47 58.98 N,122 37.26 W,47.983,-122.621,P7,22.31,22.12,11.14,30.70,23.41,6.07,1.59,82.94,19.02,0.38,1.09,1.97,36.92,6.73,2.80,0.60
 TN170,Jul 16 2004 09:32:52,47 58.98 N,122 37.26 W,47.983,-122.621,P7,32.31,32.03,10.78,30.96,23.67,5.76,1.16,82.84,21.01,0.35,1.15,2.05,38.60,6.38,2.43,0.86
 TN170,Jul 16 2004 09:32:52,47 58.98 N,122 37.26 W,47.983,-122.621,P7,52.43,51.99,10.72,31.02,23.73,5.76,1.39,83.13,20.43,0.35,1.15,2.05,38.71,6.39,2.13,0.64
 TN170,Jul 16 2004 09:32:52,47 58.98 N,122 37.26 W,47.983,-122.621,P7,72.47,71.85,10.73,31.06,23.76,5.77,1.43,83.64,20.26,0.37,1.16,2.05,37.94,6.34,0.00,0.00
 TN170,Jul 16 2004 09:32:52,47 58.98 N,122 37.26 W,47.983,-122.621,P7,90.47,89.69,10.71,31.08,23.78,5.75,1.35,83.54,20.98,0.37,1.17,2.06,37.95,6.32,0.00,0.00
 TN170,Jul 16 2004 10:35:20,47 53.82 N,122 36.3 W,47.897,-122.605,P8,2.41,2.39,14.05,29.85,22.20,7.47,1.54,83.79,9.90,0.40,1.31,1.72,32.95,8.23,3.28,0.00
 TN170,Jul 16 2004 10:35:20,47 53.82 N,122 36.3 W,47.897,-122.605,P8,7.02,6.96,14.04,29.86,22.21,7.42,1.37,84.99,10.21,0.41,1.42,1.73,33.95,8.04,2.24,0.00
 TN170,Jul 16 2004 10:35:20,47 53.82 N,122 36.3 W,47.897,-122.605,P8,12.10,12.00,13.36,29.95,22.41,7.09,1.12,85.78,11.27,0.44,1.49,1.75,33.11,7.89,2.12,0.00
 TN170,Jul 16 2004 10:35:20,47 53.82 N,122 36.3 W,47.897,-122.605,P8,22.28,22.09,12.54,30.14,22.72,6.70,1.53,86.05,13.29,0.44,1.85,1.85,34.03,7.37,1.91,0.00
 TN170,Jul 16 2004 10:35:20,47 53.82 N,122 36.3 W,47.897,-122.605,P8,32.23,31.96,11.85,30.42,23.06,6.17,0.58,84.39,15.20,0.44,2.21,1.97,36.02,7.10,1.06,0.00
 TN170,Jul 16 2004 10:35:20,47 53.82 N,122 36.3 W,47.897,-122.605,P8,52.17,51.72,11.50,30.54,23.22,6.08,0.53,83.14,17.30,0.44,2.05,2.00,36.05,6.63,1.25,0.00
 TN170,Jul 16 2004 10:35:20,47 53.82 N,122 36.3 W,47.897,-122.605,P8,81.86,81.15,11.16,30.73,23.42,5.88,0.67,83.23,18.40,0.41,2.01,2.04,37.07,6.50,0.00,0.00
 TN170,Jul 16 2004 10:35:20,47 53.82 N,122 36.3 W,47.897,-122.605,P8,129.75,128.62,11.01,30.83,23.53,5.75,0.67,80.25,18.83,0.40,2.04,2.08,38.08,6.43,0.00,0.00
 TN170,Jul 16 2004 11:48:18,47 50.04 N,122 40.02 W,47.834,-122.667,P9,2.45,2.43,15.24,29.45,21.65,7.55,2.30,79.69,7.70,0.35,1.19,1.61,34.99,7.17,3.63,0.00
 TN170,Jul 16 2004 11:48:18,47 50.04 N,122 40.02 W,47.834,-122.667,P9,7.49,7.43,13.17,29.99,22.48,6.62,1.10,84.71,11.98,0.47,2.13,1.87,38.08,7.21,1.39,0.00
 TN170,Jul 16 2004 11:48:18,47 50.04 N,122 40.02 W,47.834,-122.667,P9,12.36,12.26,12.79,30.07,22.62,6.38,0.72,85.45,12.67,0.48,2.27,1.90,38.02,7.00,1.32,0.00
 TN170,Jul 16 2004 11:48:18,47 50.04 N,122 40.02 W,47.834,-122.667,P9,22.61,22.42,12.22,30.26,22.87,6.27,0.56,85.53,13.29,0.46,2.46,1.93,37.24,6.89,1.09,0.00
 TN170,Jul 16 2004 11:48:18,47 50.04 N,122 40.02 W,47.834,-122.667,P9,32.80,32.52,12.08,30.32,22.94,6.18,0.59,84.49,14.06,0.46,2.58,1.95,37.78,6.81,0.62,0.00
 TN170,Jul 16 2004 11:48:18,47 50.04 N,122 40.02 W,47.834,-122.667,P9,52.31,51.86,11.83,30.41,23.06,6.08,0.64,82.95,15.40,0.45,2.70,1.98,38.22,6.71,0.54,0.00
 TN170,Jul 16 2004 11:48:18,47 50.04 N,122 40.02 W,47.834,-122.667,P9,66.07,65.51,11.19,30.69,23.39,5.75,0.47,79.10,16.81,0.45,2.89,2.06,39.27,6.36,0.00,0.00
 TN170,Jul 16 2004 12:28:47,47 48.0 N,122 43.2 W,47.800,-122.720,P10,2.42,2.40,15.33,29.27,21.49,7.61,2.21,79.66,4.70,0.27,0.42,1.43,32.93,4.44,2.39,0.00
 TN170,Jul 16 2004 12:28:47,47 48.0 N,122 43.2 W,47.800,-122.720,P10,7.19,7.13,14.50,29.56,21.89,7.10,1.68,81.95,7.79,0.36,1.17,1.65,35.71,8.07,2.60,0.00
 TN170,Jul 16 2004 12:28:47,47 48.0 N,122 43.2 W,47.800,-122.720,P10,12.25,12.15,13.49,29.82,22.29,6.56,1.23,82.72,10.49,0.45,1.69,1.83,37.98,7.49,1.61,0.00
 TN170,Jul 16 2004 12:28:47,47 48.0 N,122 43.2 W,47.800,-122.720,P10,22.27,22.09,12.18,30.20,22.84,5.85,0.69,80.53,13.77,0.53,3.07,2.08,40.67,6.81,0.69,0.00
 TN170,Jul 16 2004 12:28:47,47 48.0 N,122 43.2 W,47.800,-122.720,P10,32.17,31.89,11.89,30.34,22.99,5.83,0.58,80.21,14.72,0.50,3.15,2.09,40.09,6.41,1.34,0.00
 TN170,Jul 16 2004 12:28:47,47 48.0 N,122 43.2 W,47.800,-122.720,P10,42.31,41.95,11.42,30.55,23.24,5.67,0.52,71.88,15.85,0.47,3.51,2.13,40.94,6.28,1.04,0.00
 TN170,Jul 16 2004 12:28:47,47 48.0 N,122 43.2 W,47.800,-122.720,P10,51.41,50.98,11.30,30.62,23.32,5.71,0.59,73.38,15.96,0.45,3.38,2.13,40.87,6.24,0.00,0.00
 TN170,Jul 16 2004 13:20:35,47 44.1 N,122 45.66 W,47.735,-122.761,P17,2.44,2.42,18.34,28.02,19.86,8.00,2.51,75.83,0.64,0.06,0.23,0.97,28.31,8.85,2.22,0.93
 TN170,Jul 16 2004 13:20:35,47 44.1 N,122 45.66 W,47.735,-122.761,P17,7.35,7.29,16.72,28.70,20.75,7.75,3.35,74.53,3.45,0.15,0.34,1.21,30.31,8.53,2.67,0.96
 TN170,Jul 16 2004 13:20:35,47 44.1 N,122 45.66 W,47.735,-122.761,P17,12.35,12.25,13.85,29.60,22.05,6.43,1.80,81.16,12.31,0.40,1.57,1.89,36.99,7.05,1.75,0.72
 TN170,Jul 16 2004 13:20:35,47 44.1 N,122 45.66 W,47.735,-122.761,P17,22.63,22.44,11.98,30.06,22.76,5.27,0.71,79.47,19.00,0.40,1.86,2.39,43.17,5.73,0.64,0.70
 TN170,Jul 16 2004 13:20:35,47 44.1 N,122 45.66 W,47.735,-122.761,P17,32.09,31.82,11.88,30.16,22.86,5.30,0.61,79.25,18.25,0.49,2.44,2.37,42.63,5.80,0.47,0.71
 TN170,Jul 16 2004 13:20:35,47 44.1 N,122 45.66 W,47.735,-122.761,P17,52.01,51.56,11.70,30.28,22.98,5.37,0.50,78.14,18.27,0.50,3.13,2.37,41.89,5.95,0.38,0.60
 TN170,Jul 16 2004 13:20:35,47 44.1 N,122 45.66 W,47.735,-122.761,P17,81.97,81.26,11.61,30.34,23.04,5.39,0.40,76.11,17.98,0.51,2.81,2.36,41.44,5.93,0.53,0.67
 TN170,Jul 16 2004 13:20:35,47 44.1 N,122 45.66 W,47.735,-122.761,P17,107.12,106.19,11.60,30.37,23.07,5.43,0.43,70.54,17.97,0.52,2.92,2.38,41.57,5.96,0.60,0.88
 TN170,Jul 16 2004 14:09:14,47 41.52 N,122 45.78 W,47.692,-122.763,P16,2.32,2.30,18.39,27.83,19.70,8.16,2.01,76.10,0.00,0.05,0.01,0.81,28.32,9.08,1.19,0.60
 TN170,Jul 16 2004 14:09:14,47 41.52 N,122 45.78 W,47.692,-122.763,P16,7.23,7.17,14.03,29.43,21.88,6.64,2.69,76.65,10.22,0.30,0.31,1.72,38.28,7.13,2.23,0.96
 TN170,Jul 16 2004 14:09:14,47 41.52 N,122 45.78 W,47.692,-122.763,P16,12.33,12.22,12.94,29.68,22.29,5.77,1.95,78.59,15.48,0.36,0.45,2.07,42.35,6.43,1.71,1.01
 TN170,Jul 16 2004 14:09:14,47 41.52 N,122 45.78 W,47.692,-122.763,P16,22.43,22.24,12.29,29.86,22.55,5.36,1.57,78.96,18.26,0.40,0.80,2.31,45.41,5.73,1.11,0.81
 TN170,Jul 16 2004 14:09:14,47 41.52 N,122 45.78 W,47.692,-122.763,P16,32.11,31.84,11.48,30.10,22.88,4.82,0.66,78.84,20.59,0.40,1.28,2.48,47.47,5.28,0.50,0.64
 TN170,Jul 16 2004 14:09:14,47 41.52 N,122 45.78 W,47.692,-122.763,P16,52.22,51.78,11.34,30.20,22.98,4.81,0.44,77.53,20.11,0.45,2.08,2.48,47.49,5.31,0.35,0.65
 TN170,Jul 16 2004 14:09:14,47 41.52 N,122 45.78 W,47.692,-122.763,P16,67.30,66.72,11.46,30.25,23.00,4.99,0.40,76.95,18.81,0.48,2.61,2.45,46.31,5.50,0.00,0.00
 TN170,Jul 16 2004 14:09:14,47 41.52 N,122 45.78 W,47.692,-122.763,P16,103.18,102.29,11.53,30.38,23.09,5.37,0.42,70.99,17.01,0.50,3.56,2.32,43.42,5.90,0.00,0.00
 TN170,Jul 16 2004 15:00:45,47 39.72 N,122 51.54 W,47.662,-122.859,P15,2.51,2.49,16.58,28.39,20.55,8.02,3.76,74.40,2.53,0.05,0.08,0.80,6.56,8.53,2.42,1.42
 TN170,Jul 16 2004 15:00:45,47 39.72 N,122 51.54 W,47.662,-122.859,P15,7.30,7.24,12.21,29.68,22.42,5.62,2.42,80.71,11.96,0.09,0.08,1.26,30.28,6.75,1.90,1.31
 TN170,Jul 16 2004 15:00:45,47 39.72 N,122 51.54 W,47.662,-122.859,P15,12.11,12.01,11.70,29.77,22.59,5.00,1.62,82.20,19.79,0.09,0.02,1.91,35.67,5.36,0.92,0.76
 TN170,Jul 16 2004 15:00:45,47 39.72 N,122 51.54 W,47.662,-122.859,P15,22.22,22.03,10.95,29.94,22.85,4.14,0.35,86.70,26.02,0.06,,2.37,41.66,4.55,0.23,0.52
 TN170,Jul 16 2004 15:00:45,47 39.72 N,122 51.54 W,47.662,-122.859,P15,32.04,31.77,10.94,30.03,22.92,4.08,0.31,82.57,26.37,0.18,0.01,2.74,48.63,4.49,0.20,0.61
 TN170,Jul 16 2004 15:00:45,47 39.72 N,122 51.54 W,47.662,-122.859,P15,52.08,51.64,10.95,30.15,23.01,4.10,0.31,78.03,25.49,0.38,0.68,2.82,51.30,4.57,0.22,0.58
 TN170,Jul 16 2004 15:00:45,47 39.72 N,122 51.54 W,47.662,-122.859,P15,81.78,81.08,10.16,30.08,23.09,3.14,0.22,82.64,31.13,0.06,0.00,2.83,51.63,3.37,0.00,0.00
 TN170,Jul 16 2004 15:00:45,47 39.72 N,122 51.54 W,47.662,-122.859,P15,126.28,125.18,9.98,30.15,23.17,2.34,0.20,79.45,32.83,0.10,0.00,3.27,64.17,2.54,0.00,0.00
 TN170,Jul 16 2004 15:55:05,47 36.42 N,122 56.4 W,47.607,-122.940,P14,2.19,2.17,19.10,27.36,19.17,7.69,1.86,75.48,0.00,0.03,0.00,0.88,34.79,8.69,1.28,0.57
 TN170,Jul 16 2004 15:55:05,47 36.42 N,122 56.4 W,47.607,-122.940,P14,7.06,7.00,17.10,28.16,20.25,7.99,3.26,75.96,0.09,0.03,0.00,1.02,33.46,8.60,1.74,0.91
 TN170,Jul 16 2004 15:55:05,47 36.42 N,122 56.4 W,47.607,-122.940,P14,11.94,11.84,11.72,29.70,22.52,5.24,1.44,84.20,19.18,0.07,0.00,2.31,41.29,5.46,0.67,0.60
 TN170,Jul 16 2004 15:55:05,47 36.42 N,122 56.4 W,47.607,-122.940,P14,21.82,21.64,10.66,29.90,22.87,4.13,0.31,86.02,26.45,0.06,0.00,2.73,51.76,4.52,0.16,0.64
 TN170,Jul 16 2004 15:55:05,47 36.42 N,122 56.4 W,47.607,-122.940,P14,31.77,31.50,10.50,29.96,22.94,3.91,0.27,85.00,27.98,0.06,0.00,2.86,56.60,4.27,0.14,0.47
 TN170,Jul 16 2004 15:55:05,47 36.42 N,122 56.4 W,47.607,-122.940,P14,51.87,51.43,10.51,30.05,23.01,3.47,0.24,83.85,29.13,0.05,0.00,3.00,61.74,3.82,0.10,0.43
 TN170,Jul 16 2004 15:55:05,47 36.42 N,122 56.4 W,47.607,-122.940,P14,81.65,80.95,9.98,30.05,23.10,2.83,0.22,84.38,32.59,0.05,0.00,3.32,69.78,3.04,0.00,0.00
 TN170,Jul 16 2004 15:55:05,47 36.42 N,122 56.4 W,47.607,-122.940,P14,111.61,110.65,9.92,30.10,23.14,2.08,0.19,84.08,34.82,0.03,0.00,3.78,83.82,2.15,0.00,0.00
 TN170,Jul 16 2004 15:55:05,47 36.42 N,122 56.4 W,47.607,-122.940,P14,141.56,140.33,10.00,30.16,23.18,1.92,0.19,81.76,33.83,0.02,0.00,3.96,91.84,2.05,0.00,0.00
 TN170,Jul 16 2004 15:55:05,47 36.42 N,122 56.4 W,47.607,-122.940,P14,175.79,174.25,10.05,30.20,23.20,1.60,0.20,75.85,33.22,0.05,0.00,4.18,100.85,1.82,0.00,0.00
 TN170,Jul 16 2004 16:58:27,47 32.82 N,123 0.48 W,47.547,-123.008,P13,1.85,1.83,19.59,26.09,18.09,7.93,2.72,70.77,0.00,0.01,0.08,0.75,45.27,8.77,1.97,0.50
 TN170,Jul 16 2004 16:58:27,47 32.82 N,123 0.48 W,47.547,-123.008,P13,6.88,6.82,14.00,28.98,21.54,6.51,4.26,75.99,5.05,0.04,0.06,1.72,31.37,7.07,2.57,1.43
 TN170,Jul 16 2004 16:58:27,47 32.82 N,123 0.48 W,47.547,-123.008,P13,12.13,12.03,11.48,29.72,22.59,5.01,1.19,85.72,19.46,0.06,,2.31,36.94,5.47,1.30,1.01
 TN170,Jul 16 2004 16:58:27,47 32.82 N,123 0.48 W,47.547,-123.008,P13,21.91,21.73,10.48,29.83,22.84,3.96,0.39,86.45,15.57,0.05,0.03,2.16,33.36,4.73,0.20,0.70
 TN170,Jul 16 2004 16:58:27,47 32.82 N,123 0.48 W,47.547,-123.008,P13,31.99,31.72,10.43,29.92,22.92,3.95,0.26,86.08,28.88,0.04,,2.91,53.56,4.91,0.09,0.51
 TN170,Jul 16 2004 16:58:27,47 32.82 N,123 0.48 W,47.547,-123.008,P13,51.95,51.51,9.98,29.98,23.04,3.21,0.22,85.22,32.42,0.05,0.00,3.19,62.61,1.97,0.07,0.61
 TN170,Jul 16 2004 16:58:27,47 32.82 N,123 0.48 W,47.547,-123.008,P13,81.64,80.94,9.85,30.04,23.11,2.14,0.20,84.73,36.04,0.05,0.00,3.73,75.29,2.24,0.00,0.00
 TN170,Jul 16 2004 16:58:27,47 32.82 N,123 0.48 W,47.547,-123.008,P13,111.61,110.65,10.02,30.14,23.16,1.31,0.18,82.65,34.93,0.03,0.00,4.13,89.15,1.41,0.00,0.00
 TN170,Jul 16 2004 16:58:27,47 32.82 N,123 0.48 W,47.547,-123.008,P13,141.70,140.47,10.07,30.18,23.18,1.29,0.18,80.35,34.25,0.03,0.00,4.26,94.29,1.41,0.00,0.00
 TN170,Jul 16 2004 17:55:45,47 29.52 N,123 3.36 W,47.492,-123.056,P401,2.23,2.21,18.19,27.29,19.34,7.42,6.04,69.00,1.31,0.06,0.23,1.36,42.56,7.50,4.24,0.72
 TN170,Jul 16 2004 17:55:45,47 29.52 N,123 3.36 W,47.492,-123.056,P401,7.33,7.26,12.45,29.32,22.10,5.28,1.83,82.53,14.70,0.06,0.18,2.12,38.23,5.59,1.27,0.88
 TN170,Jul 16 2004 17:55:45,47 29.52 N,123 3.36 W,47.492,-123.056,P401,12.22,12.12,11.09,29.68,22.62,4.40,0.75,86.08,22.21,0.07,0.03,2.49,42.90,4.81,0.53,0.52
 TN170,Jul 16 2004 17:55:45,47 29.52 N,123 3.36 W,47.492,-123.056,P401,22.31,22.12,10.38,29.81,22.84,3.71,0.36,86.73,28.57,0.04,0.01,2.85,53.58,4.11,0.17,0.64
 TN170,Jul 16 2004 17:55:45,47 29.52 N,123 3.36 W,47.492,-123.056,P401,32.12,31.85,10.12,29.87,22.93,3.45,0.29,86.12,31.32,0.02,0.01,2.95,59.52,3.86,0.11,0.60
 TN170,Jul 16 2004 17:55:45,47 29.52 N,123 3.36 W,47.492,-123.056,P401,52.24,51.80,9.89,29.93,23.02,3.13,0.24,85.90,33.91,0.02,,3.13,66.04,3.33,0.10,0.59
 TN170,Jul 16 2004 17:55:45,47 29.52 N,123 3.36 W,47.492,-123.056,P401,82.12,81.42,9.83,30.01,23.09,2.09,0.21,85.13,37.76,0.05,0.01,3.75,79.30,2.13,0.00,0.00
 TN170,Jul 16 2004 17:55:45,47 29.52 N,123 3.36 W,47.492,-123.056,P401,102.07,101.20,9.92,30.07,23.12,1.39,0.19,84.59,37.37,0.01,,3.91,86.02,1.46,0.00,0.00
 TN170,Jul 16 2004 17:55:45,47 29.52 N,123 3.36 W,47.492,-123.056,P401,122.00,120.94,10.08,30.16,23.17,1.06,0.19,82.54,34.72,0.01,0.01,4.16,97.89,1.11,0.00,0.00
 TN170,Jul 16 2004 17:55:45,47 29.52 N,123 3.36 W,47.492,-123.056,P401,151.76,150.44,10.12,30.19,23.18,1.03,0.19,77.16,33.86,0.04,0.00,4.31,105.60,1.10,0.00,0.00
 TN170,Jul 16 2004 18:53:47,47 25.5 N,123 6.48 W,47.425,-123.108,P12,2.22,2.20,15.55,28.31,20.70,5.97,6.12,70.94,5.38,0.09,0.22,2.01,49.15,6.71,3.13,3.77
 TN170,Jul 16 2004 18:53:47,47 25.5 N,123 6.48 W,47.425,-123.108,P12,7.39,7.33,11.42,29.56,22.47,4.38,0.90,85.51,23.12,0.08,0.06,2.71,43.59,4.62,0.58,0.55
 TN170,Jul 16 2004 18:53:47,47 25.5 N,123 6.48 W,47.425,-123.108,P12,12.18,12.08,10.89,29.67,22.65,3.61,0.49,87.39,27.93,0.07,0.06,3.11,51.64,3.67,0.24,0.42
 TN170,Jul 16 2004 18:53:47,47 25.5 N,123 6.48 W,47.425,-123.108,P12,22.37,22.18,10.07,29.82,22.90,2.80,0.27,86.22,32.80,0.03,0.02,3.37,62.26,3.14,0.11,0.48
 TN170,Jul 16 2004 18:53:47,47 25.5 N,123 6.48 W,47.425,-123.108,P12,32.41,32.14,9.87,29.88,22.98,2.45,0.25,85.97,34.19,0.01,0.01,3.41,66.03,2.80,0.10,0.55
 TN170,Jul 16 2004 18:53:47,47 25.5 N,123 6.48 W,47.425,-123.108,P12,52.27,51.82,9.80,29.92,23.02,2.13,0.21,85.50,36.32,0.03,0.00,3.75,73.68,2.28,0.10,0.48
 TN170,Jul 16 2004 18:53:47,47 25.5 N,123 6.48 W,47.425,-123.108,P12,82.05,81.35,9.86,30.01,23.08,1.47,0.21,84.41,40.97,0.02,0.02,3.99,79.92,2.30,0.00,0.00
 TN170,Jul 16 2004 18:53:47,47 25.5 N,123 6.48 W,47.425,-123.108,P12,122.31,121.26,10.12,30.17,23.16,0.60,0.21,74.89,34.48,0.07,0.01,4.67,107.74,0.63,0.00,0.00
 TN170,Jul 16 2004 19:41:55,47 22.32 N,123 7.98 W,47.372,-123.133,P11,1.87,1.86,14.63,28.60,21.12,4.72,3.31,78.52,17.60,0.14,0.97,3.16,60.77,7.14,0.79,0.00
 TN170,Jul 16 2004 19:41:55,47 22.32 N,123 7.98 W,47.372,-123.133,P11,7.49,7.43,11.32,29.56,22.49,2.89,0.44,88.20,28.03,0.12,0.44,3.47,59.80,4.54,0.21,0.00
 TN170,Jul 16 2004 19:41:55,47 22.32 N,123 7.98 W,47.372,-123.133,P11,12.38,12.28,10.73,29.69,22.69,2.40,0.36,87.96,31.45,0.12,0.22,3.74,67.40,,0.16,0.00
 TN170,Jul 16 2004 19:41:55,47 22.32 N,123 7.98 W,47.372,-123.133,P11,22.37,22.18,10.27,29.82,22.87,1.52,0.29,85.41,34.32,0.05,0.04,3.99,75.01,2.10,0.12,0.00
 TN170,Jul 16 2004 19:41:55,47 22.32 N,123 7.98 W,47.372,-123.133,P11,32.41,32.13,10.20,29.86,22.91,1.34,0.29,84.33,35.32,0.04,0.04,4.10,79.61,1.52,0.13,0.00
 TN170,Jul 16 2004 19:41:55,47 22.32 N,123 7.98 W,47.372,-123.133,P11,52.26,51.82,10.02,29.96,23.02,1.06,0.24,82.98,37.07,0.02,0.04,4.15,84.71,1.26,0.08,0.00
 TN170,Jul 16 2004 19:41:55,47 22.32 N,123 7.98 W,47.372,-123.133,P11,72.21,71.60,9.99,30.02,23.07,0.82,0.24,79.51,37.12,0.09,0.11,4.22,90.50,0.92,0.00,0.00
 TN170,Jul 16 2004 19:41:55,47 22.32 N,123 7.98 W,47.372,-123.133,P11,88.74,87.98,10.02,30.06,23.09,0.56,0.25,74.97,35.31,0.19,0.33,4.36,98.49,0.65,0.00,0.00
 TN170,Jul 17 2004 02:22:17,48 1.98 N,122 37.02 W,48.033,-122.617,P18,2.50,2.48,12.82,29.53,22.19,7.52,3.56,78.81,12.04,0.45,0.74,1.54,28.83,8.21,4.37,0.88
 TN170,Jul 17 2004 02:22:17,48 1.98 N,122 37.02 W,48.033,-122.617,P18,7.18,7.12,12.33,29.84,22.52,7.03,2.88,80.42,14.04,0.45,1.09,1.71,31.84,7.50,3.39,0.70
 TN170,Jul 17 2004 02:22:17,48 1.98 N,122 37.02 W,48.033,-122.617,P18,11.93,11.83,11.97,30.08,22.78,6.65,1.81,83.02,15.10,0.45,1.24,1.78,33.13,7.34,2.75,0.71
 TN170,Jul 17 2004 02:22:17,48 1.98 N,122 37.02 W,48.033,-122.617,P18,22.28,22.09,11.93,30.11,22.81,6.62,1.56,83.01,15.40,0.47,1.23,1.78,33.19,7.30,2.45,0.65
 TN170,Jul 17 2004 02:22:17,48 1.98 N,122 37.02 W,48.033,-122.617,P18,32.05,31.78,11.93,30.10,22.80,6.57,1.47,82.99,15.91,0.48,1.34,1.82,33.96,7.23,2.41,0.74
 TN170,Jul 17 2004 02:22:17,48 1.98 N,122 37.02 W,48.033,-122.617,P18,52.01,51.57,11.81,30.21,22.91,6.47,1.45,83.57,16.10,0.48,1.41,1.85,34.32,7.11,1.98,0.61
 TN170,Jul 17 2004 02:22:17,48 1.98 N,122 37.02 W,48.033,-122.617,P18,81.83,81.12,11.60,30.29,23.01,6.27,0.96,83.88,16.60,0.48,1.54,1.91,35.50,6.89,0.00,0.00
 TN170,Jul 17 2004 02:22:17,48 1.98 N,122 37.02 W,48.033,-122.617,P18,117.82,116.80,11.30,30.60,23.30,6.07,0.93,83.95,17.21,0.44,1.57,1.94,36.69,6.72,0.00,0.00
 TN170,Jul 17 2004 03:09:45,48 5.46 N,122 37.92 W,48.091,-122.632,P19,2.59,2.57,12.64,29.71,22.37,7.22,2.91,79.76,11.64,0.44,0.67,1.50,28.64,8.37,5.24,0.69
 TN170,Jul 17 2004 03:09:45,48 5.46 N,122 37.92 W,48.091,-122.632,P19,7.10,7.04,12.48,29.80,22.46,7.26,3.33,79.28,12.41,0.44,0.75,1.55,28.50,8.19,4.83,0.73
 TN170,Jul 17 2004 03:09:45,48 5.46 N,122 37.92 W,48.091,-122.632,P19,12.18,12.07,12.40,29.85,22.52,7.10,2.68,82.26,14.69,0.48,1.20,1.72,30.59,7.45,2.87,0.67
 TN170,Jul 17 2004 03:09:45,48 5.46 N,122 37.92 W,48.091,-122.632,P19,22.27,22.08,11.94,30.07,22.78,6.53,1.12,84.65,15.94,0.49,1.42,1.85,32.38,7.18,2.02,0.63
 TN170,Jul 17 2004 03:09:45,48 5.46 N,122 37.92 W,48.091,-122.632,P19,32.26,31.98,11.65,30.32,23.02,6.32,1.13,84.73,16.56,0.47,1.43,1.85,32.86,7.00,1.84,0.54
 TN170,Jul 17 2004 03:09:45,48 5.46 N,122 37.92 W,48.091,-122.632,P19,51.96,51.52,11.59,30.39,23.08,6.28,1.12,84.39,16.84,0.45,1.47,1.86,33.12,6.99,2.16,0.77
 TN170,Jul 17 2004 03:09:45,48 5.46 N,122 37.92 W,48.091,-122.632,P19,101.41,100.54,10.98,30.87,23.57,5.78,1.10,83.84,19.35,0.40,1.57,1.98,36.75,6.41,0.00,0.00
 TN170,Jul 17 2004 03:09:45,48 5.46 N,122 37.92 W,48.091,-122.632,P19,160.59,159.18,10.71,31.04,23.75,5.57,0.89,83.60,20.76,0.39,1.52,2.02,38.45,6.09,0.00,0.00
 TN170,Jul 17 2004 04:07:16,48 8.4 N,122 40.92 W,48.140,-122.682,P20,2.05,2.03,12.33,29.94,22.60,6.95,1.29,58.75,14.13,0.45,1.01,1.70,30.69,6.32,2.14,0.47
 TN170,Jul 17 2004 04:07:16,48 8.4 N,122 40.92 W,48.140,-122.682,P20,7.40,7.34,12.07,30.10,22.78,6.79,1.97,82.66,15.01,0.45,1.09,1.74,31.06,7.51,3.77,0.65
 TN170,Jul 17 2004 04:07:16,48 8.4 N,122 40.92 W,48.140,-122.682,P20,12.34,12.23,11.67,30.40,23.08,6.41,2.17,83.65,16.75,0.44,1.16,1.94,33.16,7.16,2.90,0.57
 TN170,Jul 17 2004 04:07:16,48 8.4 N,122 40.92 W,48.140,-122.682,P20,22.65,22.45,11.35,30.66,23.34,6.22,2.61,83.38,18.07,0.41,1.16,1.86,35.16,6.86,3.22,0.72
 TN170,Jul 17 2004 04:07:16,48 8.4 N,122 40.92 W,48.140,-122.682,P20,32.49,32.22,10.85,31.05,23.73,5.86,1.51,83.27,19.80,0.39,1.20,1.99,37.37,6.51,2.96,0.91
 TN170,Jul 17 2004 04:07:16,48 8.4 N,122 40.92 W,48.140,-122.682,P20,48.57,48.16,10.79,31.09,23.77,5.80,1.38,83.20,20.23,0.38,1.19,1.95,37.83,6.45,2.43,0.80
 TN170,Jul 17 2004 05:24:15,48 11.28 N,122 51.0 W,48.188,-122.850,P21,2.27,2.25,10.94,30.92,23.61,5.86,0.99,83.62,19.22,0.39,1.25,1.94,37.23,6.39,2.10,0.64
 TN170,Jul 17 2004 05:24:15,48 11.28 N,122 51.0 W,48.188,-122.850,P21,6.36,6.31,10.83,31.00,23.69,5.80,1.34,83.37,19.99,0.39,1.27,1.97,37.29,6.38,2.48,0.81
 TN170,Jul 17 2004 05:24:15,48 11.28 N,122 51.0 W,48.188,-122.850,P21,11.35,11.25,10.86,30.98,23.67,5.78,1.24,83.42,19.93,0.39,1.27,1.94,37.55,6.34,2.50,0.66
 TN170,Jul 17 2004 05:24:15,48 11.28 N,122 51.0 W,48.188,-122.850,P21,21.27,21.09,10.73,31.07,23.77,5.71,1.26,83.45,20.36,0.39,1.26,1.98,38.43,6.26,2.04,0.70
 TN170,Jul 17 2004 05:24:15,48 11.28 N,122 51.0 W,48.188,-122.850,P21,30.83,30.57,10.35,31.33,24.03,5.39,0.93,83.31,21.43,0.37,1.25,2.06,39.21,6.01,2.20,0.83
 TN170,Jul 17 2004 05:24:15,48 11.28 N,122 51.0 W,48.188,-122.850,P21,50.05,49.62,10.05,31.51,24.22,5.13,1.05,83.03,23.08,0.35,1.12,2.11,41.92,5.84,1.37,0.79
 TN170,Jul 17 2004 05:24:15,48 11.28 N,122 51.0 W,48.188,-122.850,P21,73.59,72.95,9.28,32.09,24.80,4.50,0.67,78.38,25.22,0.34,0.98,2.24,44.95,4.96,0.00,0.00
 TN170,Jul 17 2004 07:18:27,48 22.5 N,122 43.08 W,48.375,-122.718,P26,2.64,2.62,11.10,30.20,23.02,5.84,1.71,80.36,18.13,0.29,1.40,1.94,40.82,6.53,3.49,0.77
 TN170,Jul 17 2004 07:18:27,48 22.5 N,122 43.08 W,48.375,-122.718,P26,6.25,6.19,11.31,30.05,22.87,6.01,1.58,79.40,17.69,0.29,1.38,1.89,40.87,6.42,3.33,0.79
 TN170,Jul 17 2004 07:18:27,48 22.5 N,122 43.08 W,48.375,-122.718,P26,11.27,11.18,11.03,30.24,23.07,5.73,2.17,79.99,19.05,0.29,1.37,1.93,41.35,6.37,2.53,0.72
 TN170,Jul 17 2004 07:18:27,48 22.5 N,122 43.08 W,48.375,-122.718,P26,21.15,20.97,10.86,30.46,23.26,5.61,1.55,80.59,20.13,0.29,1.41,1.97,41.92,6.24,2.34,0.73
 TN170,Jul 17 2004 07:18:27,48 22.5 N,122 43.08 W,48.375,-122.718,P26,30.91,30.65,10.71,30.63,23.42,5.50,1.40,81.34,20.11,0.30,1.45,2.01,42.29,6.05,2.49,0.69
 TN170,Jul 17 2004 07:18:27,48 22.5 N,122 43.08 W,48.375,-122.718,P26,50.97,50.53,9.94,31.40,24.15,4.95,0.86,84.08,23.61,0.30,1.31,2.15,43.70,5.42,1.14,0.44
 TN170,Jul 17 2004 07:18:27,48 22.5 N,122 43.08 W,48.375,-122.718,P26,71.13,70.52,9.02,32.19,24.92,4.23,0.80,69.72,27.35,0.36,1.10,2.31,47.83,4.64,0.00,0.00
 TN170,Jul 17 2004 07:18:27,48 22.5 N,122 43.08 W,48.375,-122.718,P26,95.71,94.89,8.98,32.23,24.95,4.18,0.74,67.38,27.68,0.32,1.08,2.35,48.50,4.56,0.00,0.00
 TN170,Jul 17 2004 08:54:47,48 24.0 N,123 0.48 W,48.400,-123.008,P25,2.39,2.37,10.97,30.66,23.40,5.86,1.23,84.75,20.91,0.29,0.88,1.92,41.76,6.33,2.38,0.55
 TN170,Jul 17 2004 08:54:47,48 24.0 N,123 0.48 W,48.400,-123.008,P25,7.25,7.19,10.82,30.74,23.49,5.70,1.56,84.78,21.95,0.29,0.90,1.97,42.64,6.13,2.23,0.47
 TN170,Jul 17 2004 08:54:47,48 24.0 N,123 0.48 W,48.400,-123.008,P25,12.06,11.96,10.52,30.95,23.70,5.53,1.59,85.09,22.77,0.29,0.93,2.00,42.80,6.13,2.14,0.45
 TN170,Jul 17 2004 08:54:47,48 24.0 N,123 0.48 W,48.400,-123.008,P25,22.06,21.88,10.37,31.05,23.81,5.36,1.17,85.38,23.47,0.29,0.95,2.05,43.58,5.94,2.17,0.50
 TN170,Jul 17 2004 08:54:47,48 24.0 N,123 0.48 W,48.400,-123.008,P25,32.17,31.90,9.99,31.35,24.10,5.05,1.01,85.55,24.48,0.29,0.90,2.07,44.47,5.52,1.68,0.53
 TN170,Jul 17 2004 08:54:47,48 24.0 N,123 0.48 W,48.400,-123.008,P25,51.93,51.49,9.66,31.62,24.37,4.78,0.68,85.60,25.47,0.29,1.02,2.13,45.55,5.19,1.24,0.52
 TN170,Jul 17 2004 08:54:47,48 24.0 N,123 0.48 W,48.400,-123.008,P25,81.84,81.14,9.12,32.09,24.82,4.34,0.72,85.77,27.83,0.29,0.80,2.27,47.36,4.72,0.00,0.00
 TN170,Jul 17 2004 08:54:47,48 24.0 N,123 0.48 W,48.400,-123.008,P25,118.65,117.61,8.46,32.67,25.38,3.85,0.67,85.95,29.71,0.30,0.62,2.36,49.08,4.21,0.00,0.00
 TN170,Jul 17 2004 08:54:47,48 24.0 N,123 0.48 W,48.400,-123.008,P25,162.99,161.56,7.84,33.14,25.84,3.30,0.48,72.56,32.74,0.31,0.32,2.45,52.32,3.58,0.00,0.00
 TN170,Jul 17 2004 10:11:34,48 16.26 N,123 1.2 W,48.271,-123.020,P22,2.29,2.27,12.12,30.33,22.94,7.00,2.96,81.55,16.71,0.33,0.87,1.76,37.68,7.69,3.73,0.56
 TN170,Jul 17 2004 10:11:34,48 16.26 N,123 1.2 W,48.271,-123.020,P22,6.80,6.75,12.15,30.33,22.94,6.99,2.11,82.72,16.88,0.33,0.86,1.77,37.77,7.68,4.26,0.45
 TN170,Jul 17 2004 10:11:34,48 16.26 N,123 1.2 W,48.271,-123.020,P22,11.98,11.88,11.94,30.34,22.99,6.86,2.17,83.06,17.24,0.33,0.89,1.78,37.76,7.55,4.29,0.57
 TN170,Jul 17 2004 10:11:34,48 16.26 N,123 1.2 W,48.271,-123.020,P22,22.02,21.83,11.16,30.64,23.35,6.23,2.48,84.55,19.56,0.35,1.19,1.91,37.97,6.68,3.56,0.50
 TN170,Jul 17 2004 10:11:34,48 16.26 N,123 1.2 W,48.271,-123.020,P22,31.94,31.67,9.99,31.43,24.16,5.09,0.70,86.67,23.80,0.33,1.18,2.09,42.54,5.53,1.50,0.43
 TN170,Jul 17 2004 10:11:34,48 16.26 N,123 1.2 W,48.271,-123.020,P22,51.80,51.36,8.83,32.42,25.13,4.21,0.50,87.27,27.82,0.31,0.82,2.26,46.64,4.67,0.00,0.00
 TN170,Jul 17 2004 10:11:34,48 16.26 N,123 1.2 W,48.271,-123.020,P22,81.64,80.94,8.22,32.85,25.55,3.65,0.38,86.34,29.59,0.29,0.55,2.39,49.52,3.98,0.00,0.00
 TN170,Jul 17 2004 10:11:34,48 16.26 N,123 1.2 W,48.271,-123.020,P22,105.69,104.78,8.14,32.90,25.61,3.58,0.36,86.40,30.12,0.29,0.49,2.39,49.62,3.90,0.00,0.00
 TN170,Jul 17 2004 11:23:49,48 20.46 N,123 7.5 W,48.341,-123.125,P24,2.41,2.39,11.26,30.64,23.34,6.62,2.16,85.00,20.53,0.31,0.88,1.90,40.28,7.16,3.05,0.52
 TN170,Jul 17 2004 11:23:49,48 20.46 N,123 7.5 W,48.341,-123.125,P24,7.65,7.58,10.85,30.84,23.57,6.10,1.63,85.74,21.43,0.30,0.92,1.95,40.68,6.56,2.85,0.53
 TN170,Jul 17 2004 11:23:49,48 20.46 N,123 7.5 W,48.341,-123.125,P24,12.64,12.54,10.60,30.99,23.72,5.86,1.79,86.40,22.19,0.29,0.94,1.95,41.37,6.37,2.80,0.53
 TN170,Jul 17 2004 11:23:49,48 20.46 N,123 7.5 W,48.341,-123.125,P24,22.66,22.47,10.31,31.22,23.95,5.51,1.31,86.72,23.86,0.30,1.00,2.03,42.55,5.92,1.94,0.42
 TN170,Jul 17 2004 11:23:49,48 20.46 N,123 7.5 W,48.341,-123.125,P24,32.52,32.24,9.90,31.53,24.26,5.10,0.81,87.22,24.82,0.30,0.99,2.11,43.54,5.54,1.49,0.45
 TN170,Jul 17 2004 11:23:49,48 20.46 N,123 7.5 W,48.341,-123.125,P24,52.68,52.23,9.26,32.02,24.75,4.53,0.53,86.85,26.55,0.29,0.87,2.20,45.73,4.98,0.89,0.41
 TN170,Jul 17 2004 11:23:49,48 20.46 N,123 7.5 W,48.341,-123.125,P24,82.49,81.78,8.07,32.92,25.63,3.46,0.53,83.51,31.02,0.27,0.43,2.41,51.20,3.74,0.00,0.00
 TN170,Jul 17 2004 11:23:49,48 20.46 N,123 7.5 W,48.341,-123.125,P24,120.72,119.67,7.81,33.12,25.83,3.28,0.37,81.32,31.49,0.27,0.35,2.42,52.09,3.55,0.00,0.00
 TN170,Jul 17 2004 12:38:31,48 14.52 N,123 13.5 W,48.242,-123.225,P23,2.60,2.58,10.85,30.92,23.63,6.06,2.29,83.24,19.21,0.33,0.94,1.81,38.24,7.08,3.99,0.55
 TN170,Jul 17 2004 12:38:31,48 14.52 N,123 13.5 W,48.242,-123.225,P23,7.07,7.01,10.77,30.93,23.65,5.95,1.70,85.01,20.23,0.33,1.09,1.89,38.63,6.59,3.37,0.54
 TN170,Jul 17 2004 12:38:31,48 14.52 N,123 13.5 W,48.242,-123.225,P23,12.27,12.16,10.76,30.94,23.66,5.93,2.24,85.00,20.46,0.33,1.12,1.89,38.62,6.56,3.53,0.57
 TN170,Jul 17 2004 12:38:31,48 14.52 N,123 13.5 W,48.242,-123.225,P23,22.23,22.05,10.19,31.45,24.15,5.42,1.34,86.34,22.76,0.33,1.10,1.99,40.51,5.96,2.65,0.50
 TN170,Jul 17 2004 12:38:31,48 14.52 N,123 13.5 W,48.242,-123.225,P23,32.16,31.89,9.62,31.78,24.50,4.85,0.70,87.30,25.11,0.32,1.13,2.08,42.89,5.35,1.62,0.38
 TN170,Jul 17 2004 12:38:31,48 14.52 N,123 13.5 W,48.242,-123.225,P23,51.96,51.52,9.14,32.17,24.88,4.45,0.69,86.65,27.17,0.30,0.89,2.17,45.46,4.86,1.09,0.43
 TN170,Jul 17 2004 12:38:31,48 14.52 N,123 13.5 W,48.242,-123.225,P23,82.08,81.38,8.28,32.80,25.51,3.74,0.50,86.14,30.12,0.28,0.56,2.29,49.33,4.11,0.00,0.00
 TN170,Jul 17 2004 12:38:31,48 14.52 N,123 13.5 W,48.242,-123.225,P23,147.28,145.99,7.40,33.46,26.15,2.94,0.29,84.49,33.00,0.27,0.23,2.46,52.71,3.19,0.00,0.00
 TN170,Jul 17 2004 14:05:04,48 13.8 N,123 25.74 W,48.230,-123.429,P136,2.28,2.26,11.14,30.99,23.63,6.69,1.86,85.41,19.28,0.31,0.86,1.77,38.57,7.38,3.13,0.79
 TN170,Jul 17 2004 14:05:04,48 13.8 N,123 25.74 W,48.230,-123.429,P136,2.31,2.29,11.15,30.98,23.62,6.72,1.81,85.77,,,,,,,,
 TN170,Jul 17 2004 14:05:04,48 13.8 N,123 25.74 W,48.230,-123.429,P136,7.73,7.67,11.14,30.99,23.63,6.70,1.93,85.15,19.25,0.31,0.86,1.82,38.56,7.35,3.29,0.62
 TN170,Jul 17 2004 14:05:04,48 13.8 N,123 25.74 W,48.230,-123.429,P136,12.96,12.85,11.15,30.98,23.62,6.59,1.85,85.78,20.79,0.31,0.89,1.88,39.54,6.91,2.35,1.28
 TN170,Jul 17 2004 14:05:04,48 13.8 N,123 25.74 W,48.230,-123.429,P136,22.49,22.30,9.63,31.88,24.58,5.02,0.85,87.33,24.47,0.31,0.94,2.09,42.63,5.50,1.87,0.59
 TN170,Jul 17 2004 14:05:04,48 13.8 N,123 25.74 W,48.230,-123.429,P136,32.30,32.03,9.55,31.93,24.63,4.94,0.76,87.38,24.83,0.31,0.93,2.10,43.31,5.38,1.75,0.45
 TN170,Jul 17 2004 14:05:04,48 13.8 N,123 25.74 W,48.230,-123.429,P136,52.37,51.92,9.02,32.27,24.98,4.38,0.55,87.53,27.74,0.29,0.78,2.24,46.47,4.63,0.74,0.48
 TN170,Jul 17 2004 14:05:04,48 13.8 N,123 25.74 W,48.230,-123.429,P136,77.40,76.74,7.52,33.40,26.09,3.15,0.27,86.71,32.45,0.27,0.21,2.40,50.76,3.34,0.00,0.00
 TN170,Jul 17 2004 14:05:04,48 13.8 N,123 25.74 W,48.230,-123.429,P136,102.77,101.88,7.13,33.67,26.35,2.83,0.20,86.33,33.77,0.27,0.10,2.49,52.44,3.05,0.00,0.00
 TN170,Jul 17 2004 14:05:04,48 13.8 N,123 25.74 W,48.230,-123.429,P136,128.44,127.32,7.06,33.71,26.40,2.72,0.20,85.64,33.79,0.24,0.11,2.49,53.13,3.10,0.00,0.00
 TN170,Jul 17 2004 15:40:04,48 14.34 N,123 43.98 W,48.239,-123.733,P133,2.18,2.16,10.51,31.28,23.96,5.85,0.98,87.45,21.48,0.32,1.20,1.91,39.40,6.56,1.55,0.96
 TN170,Jul 17 2004 15:40:04,48 14.34 N,123 43.98 W,48.239,-123.733,P133,7.26,7.20,11.10,30.97,23.62,6.46,0.96,87.46,20.79,0.32,1.21,1.88,38.49,6.88,1.37,0.40
 TN170,Jul 17 2004 15:40:04,48 14.34 N,123 43.98 W,48.239,-123.733,P133,12.15,12.04,10.44,31.32,24.00,6.33,1.02,87.50,21.02,0.32,1.20,1.91,38.69,6.65,1.46,0.74
 TN170,Jul 17 2004 15:40:04,48 14.34 N,123 43.98 W,48.239,-123.733,P133,22.38,22.19,10.41,31.34,24.03,5.82,1.00,87.39,21.77,0.32,1.12,1.93,39.38,6.38,1.61,1.08
 TN170,Jul 17 2004 15:40:04,48 14.34 N,123 43.98 W,48.239,-123.733,P133,32.33,32.05,9.56,31.95,24.64,5.00,1.87,87.18,24.44,0.32,0.85,2.07,42.64,5.95,1.70,0.53
 TN170,Jul 17 2004 15:40:04,48 14.34 N,123 43.98 W,48.239,-123.733,P133,52.12,51.68,8.95,32.45,25.13,4.52,0.58,87.76,27.10,0.31,0.65,2.17,45.02,4.95,1.17,0.43
 TN170,Jul 17 2004 15:40:04,48 14.34 N,123 43.98 W,48.239,-123.733,P133,77.29,76.63,7.84,33.19,25.88,3.39,0.21,86.05,31.37,0.32,0.40,2.40,48.98,3.67,0.00,0.00
 TN170,Jul 17 2004 15:40:04,48 14.34 N,123 43.98 W,48.239,-123.733,P133,102.23,101.34,6.87,33.82,26.51,2.66,0.19,86.17,34.74,0.24,0.01,2.52,53.83,2.88,0.00,0.00
 TN170,Jul 17 2004 15:40:04,48 14.34 N,123 43.98 W,48.239,-123.733,P133,152.32,150.98,6.84,33.83,26.52,2.62,0.17,85.71,35.27,0.24,0.01,2.53,54.91,2.81,0.00,0.00
 TN170,Jul 17 2004 15:40:04,48 14.34 N,123 43.98 W,48.239,-123.733,P133,161.97,160.55,6.84,33.83,26.52,2.62,0.17,85.78,35.00,0.24,0.02,2.53,55.10,2.80,0.00,0.00
 TN170,Jul 17 2004 17:11:13,48 14.82 N,123 58.98 W,48.247,-123.983,P132,1.74,1.72,11.56,31.03,23.59,6.98,1.00,55.37,,,,,,,,
 TN170,Jul 17 2004 17:11:13,48 14.82 N,123 58.98 W,48.247,-123.983,P132,2.17,2.15,11.56,30.99,23.55,6.98,0.99,84.76,,,,,,,,
 TN170,Jul 17 2004 17:11:13,48 14.82 N,123 58.98 W,48.247,-123.983,P132,7.45,7.39,11.54,31.05,23.60,6.93,1.04,86.29,,,,,,,,
 TN170,Jul 17 2004 17:11:13,48 14.82 N,123 58.98 W,48.247,-123.983,P132,12.25,12.15,11.24,31.08,23.68,6.75,0.92,86.34,,,,,,,,
 TN170,Jul 17 2004 17:11:13,48 14.82 N,123 58.98 W,48.247,-123.983,P132,22.39,22.20,10.83,31.16,23.82,6.25,1.67,85.97,,,,,,,,
 TN170,Jul 17 2004 17:11:13,48 14.82 N,123 58.98 W,48.247,-123.983,P132,32.37,32.10,9.46,32.12,24.79,5.05,0.78,87.40,,,,,,,,
 TN170,Jul 17 2004 17:11:13,48 14.82 N,123 58.98 W,48.247,-123.983,P132,52.41,51.96,8.81,32.53,25.22,4.33,0.29,87.29,,,,,,,,
 TN170,Jul 17 2004 17:11:13,48 14.82 N,123 58.98 W,48.247,-123.983,P132,77.35,76.69,7.46,33.53,26.20,3.23,0.21,87.93,,,,,,,,
 TN170,Jul 17 2004 17:11:13,48 14.82 N,123 58.98 W,48.247,-123.983,P132,102.13,101.25,7.16,33.69,26.37,3.01,0.19,87.52,,,,,,,,
 TN170,Jul 17 2004 17:11:13,48 14.82 N,123 58.98 W,48.247,-123.983,P132,152.26,150.93,7.00,33.78,26.46,2.76,0.19,85.82,,,,,,,,
 TN170,Jul 17 2004 17:11:13,48 14.82 N,123 58.98 W,48.247,-123.983,P132,168.66,167.17,7.00,33.78,26.46,2.76,0.20,85.89,,,,,,,,
 TN170,Jul 17 2004 17:42:52,48 14.82 N,123 58.98 W,48.247,-123.983,P132,2.23,2.21,11.39,31.08,23.65,6.80,1.02,86.13,,,,,,,,
 TN170,Jul 17 2004 17:42:52,48 14.82 N,123 58.98 W,48.247,-123.983,P132,2.27,2.25,11.40,31.08,23.65,6.82,0.99,86.16,19.40,0.32,0.98,1.88,39.49,7.52,1.07,0.30
 TN170,Jul 17 2004 17:42:52,48 14.82 N,123 58.98 W,48.247,-123.983,P132,7.29,7.22,11.21,31.09,23.70,6.68,1.05,86.28,20.10,0.32,0.99,1.93,39.54,7.30,1.39,0.28
 TN170,Jul 17 2004 17:42:52,48 14.82 N,123 58.98 W,48.247,-123.983,P132,12.11,12.01,10.58,31.26,23.94,6.20,1.74,86.05,21.47,0.33,0.75,1.96,40.82,6.52,2.20,0.56
 TN170,Jul 17 2004 17:42:52,48 14.82 N,123 58.98 W,48.247,-123.983,P132,21.97,21.78,9.27,32.22,24.90,4.76,0.54,87.86,26.92,0.32,0.93,2.27,45.47,5.34,0.49,0.38
 TN170,Jul 17 2004 17:42:52,48 14.82 N,123 58.98 W,48.247,-123.983,P132,32.10,31.82,8.87,32.46,25.15,4.35,0.29,87.89,28.11,0.31,0.91,2.33,46.13,4.75,0.55,0.30
 TN170,Jul 17 2004 17:42:52,48 14.82 N,123 58.98 W,48.247,-123.983,P132,52.23,51.78,8.02,33.04,25.73,3.43,0.21,86.90,31.57,0.31,0.17,2.49,49.65,3.66,0.14,0.31
 TN170,Jul 17 2004 17:42:52,48 14.82 N,123 58.98 W,48.247,-123.983,P132,77.02,76.36,7.33,33.59,26.26,3.11,0.19,87.78,32.63,0.29,0.03,2.49,51.04,3.38,0.00,0.00
 TN170,Jul 17 2004 17:42:52,48 14.82 N,123 58.98 W,48.247,-123.983,P132,102.05,101.17,7.06,33.74,26.42,2.84,0.20,86.62,33.83,0.27,0.03,2.53,53.02,3.13,0.00,0.00
 TN170,Jul 17 2004 17:42:52,48 14.82 N,123 58.98 W,48.247,-123.983,P132,152.23,150.89,6.99,33.78,26.46,2.74,0.20,85.67,33.90,0.29,0.07,2.54,54.09,3.05,0.00,0.00
 TN170,Jul 17 2004 17:42:52,48 14.82 N,123 58.98 W,48.247,-123.983,P132,169.42,167.93,6.99,33.78,26.46,2.74,0.19,85.90,,,,,,,,
 TN170,Jul 17 2004 17:42:52,48 14.82 N,123 58.98 W,48.247,-123.983,P132,169.43,167.93,6.99,33.78,26.46,2.75,0.18,85.91,,,,,,,,
 TN170,Jul 17 2004 17:42:52,48 14.82 N,123 58.98 W,48.247,-123.983,P132,169.43,167.94,6.99,33.78,26.46,2.74,0.20,85.93,34.30,0.29,0.06,2.57,54.23,3.00,,
 TN170,Jul 17 2004 18:51:43,48 17.88 N,124 5.94 W,48.298,-124.099,P131,2.18,2.17,11.26,31.00,23.62,6.85,0.94,86.36,19.03,0.32,1.08,1.91,38.56,7.83,1.09,0.27
 TN170,Jul 17 2004 18:51:43,48 17.88 N,124 5.94 W,48.298,-124.099,P131,7.29,7.23,11.69,30.93,23.49,7.08,0.97,86.39,19.13,0.32,1.10,1.89,38.51,7.83,1.06,0.30
 TN170,Jul 17 2004 18:51:43,48 17.88 N,124 5.94 W,48.298,-124.099,P131,12.27,12.16,11.68,30.93,23.49,7.06,1.01,86.33,20.47,0.31,1.06,1.98,39.97,7.27,1.19,0.31
 TN170,Jul 17 2004 18:51:43,48 17.88 N,124 5.94 W,48.298,-124.099,P131,22.21,22.02,10.70,31.32,23.96,6.19,1.24,86.17,22.73,0.31,1.06,2.07,41.55,6.42,0.95,0.30
 TN170,Jul 17 2004 18:51:43,48 17.88 N,124 5.94 W,48.298,-124.099,P131,32.29,32.01,9.87,31.84,24.51,5.41,0.45,88.08,24.29,0.34,1.22,2.17,42.53,5.83,0.46,0.29
 TN170,Jul 17 2004 18:51:43,48 17.88 N,124 5.94 W,48.298,-124.099,P131,52.13,51.69,8.71,32.67,25.34,4.39,0.39,85.67,28.25,0.31,0.84,2.33,46.45,4.82,0.30,0.48
 TN170,Jul 17 2004 18:51:43,48 17.88 N,124 5.94 W,48.298,-124.099,P131,77.23,76.57,7.54,33.37,26.06,4.08,0.20,88.36,29.03,0.22,0.01,2.27,42.60,4.46,0.00,0.00
 TN170,Jul 17 2004 18:51:43,48 17.88 N,124 5.94 W,48.298,-124.099,P131,102.21,101.32,7.15,33.69,26.37,3.12,0.20,88.27,32.75,0.26,0.01,2.49,49.72,3.38,0.00,0.00
 TN170,Jul 17 2004 18:51:43,48 17.88 N,124 5.94 W,48.298,-124.099,P131,152.28,150.94,6.77,33.87,26.56,2.60,0.17,86.69,34.87,0.27,0.11,2.63,56.83,2.82,0.00,0.00
 TN170,Jul 17 2004 18:51:43,48 17.88 N,124 5.94 W,48.298,-124.099,P131,194.11,192.39,6.77,33.87,26.57,2.60,0.17,86.58,34.93,0.26,0.09,2.63,57.38,2.78,0.00,0.00
 TN170,Jul 17 2004 20:13:23,48 21.06 N,124 15.96 W,48.351,-124.266,P128,2.52,2.50,11.68,31.25,23.73,6.98,1.11,85.93,20.89,0.30,0.47,1.97,40.46,7.64,1.07,0.52
 TN170,Jul 17 2004 20:13:23,48 21.06 N,124 15.96 W,48.351,-124.266,P128,7.47,7.41,11.18,31.16,23.76,6.66,1.13,85.73,21.16,0.30,0.81,1.97,39.71,7.88,1.08,0.43
 TN170,Jul 17 2004 20:13:23,48 21.06 N,124 15.96 W,48.351,-124.266,P128,12.37,12.26,10.82,31.22,23.86,6.37,1.17,86.02,20.90,0.30,0.91,2.01,40.57,6.98,1.39,0.40
 TN170,Jul 17 2004 20:13:23,48 21.06 N,124 15.96 W,48.351,-124.266,P128,22.51,22.32,10.29,31.57,24.23,5.83,0.66,87.10,22.02,0.31,1.01,2.04,40.83,6.67,0.89,0.38
 TN170,Jul 17 2004 20:13:23,48 21.06 N,124 15.96 W,48.351,-124.266,P128,32.48,32.21,10.00,31.99,24.60,5.84,0.64,87.12,23.72,0.34,0.86,2.11,42.00,6.43,0.58,0.60
 TN170,Jul 17 2004 20:13:23,48 21.06 N,124 15.96 W,48.351,-124.266,P128,52.48,52.03,8.20,32.98,25.66,4.00,0.24,87.39,29.20,0.31,0.47,2.36,46.51,4.40,0.21,0.34
 TN170,Jul 17 2004 20:13:23,48 21.06 N,124 15.96 W,48.351,-124.266,P128,77.45,76.79,7.61,33.38,26.06,3.79,0.23,88.10,30.21,0.30,0.02,2.35,46.08,4.11,0.00,0.00
 TN170,Jul 17 2004 20:13:23,48 21.06 N,124 15.96 W,48.351,-124.266,P128,102.56,101.67,7.17,33.70,26.37,3.08,0.20,87.64,32.50,0.29,0.13,2.47,50.66,3.35,0.00,0.00
 TN170,Jul 17 2004 20:13:23,48 21.06 N,124 15.96 W,48.351,-124.266,P128,152.54,151.20,6.79,33.85,26.55,2.57,0.17,86.86,34.51,0.29,0.10,2.63,56.93,2.74,0.00,0.00
 TN170,Jul 17 2004 20:13:23,48 21.06 N,124 15.96 W,48.351,-124.266,P128,220.92,218.94,6.74,33.88,26.57,2.56,0.17,86.02,35.11,0.25,0.14,2.69,58.08,2.71,0.00,0.00
 TN170,Jul 17 2004 21:34:06,48 24.36 N,124 26.04 W,48.406,-124.434,P123,2.42,2.40,11.50,31.13,23.68,6.89,1.36,84.73,20.15,0.30,0.64,1.94,40.53,7.63,1.53,0.34
 TN170,Jul 17 2004 21:34:06,48 24.36 N,124 26.04 W,48.406,-124.434,P123,7.52,7.46,11.33,31.11,23.69,6.82,1.42,84.62,20.45,0.30,0.79,1.96,40.18,7.54,1.62,0.32
 TN170,Jul 17 2004 21:34:06,48 24.36 N,124 26.04 W,48.406,-124.434,P123,12.50,12.40,11.13,31.14,23.75,6.65,1.41,84.73,20.85,0.30,0.79,1.97,40.44,7.32,1.62,0.39
 TN170,Jul 17 2004 21:34:06,48 24.36 N,124 26.04 W,48.406,-124.434,P123,22.43,22.24,10.66,31.36,24.00,6.38,1.35,86.37,21.52,0.33,0.81,1.95,40.30,6.88,0.00,0.00
 TN170,Jul 17 2004 21:34:06,48 24.36 N,124 26.04 W,48.406,-124.434,P123,32.09,31.82,9.73,31.93,24.60,5.29,0.44,88.05,24.74,0.34,1.07,2.18,43.57,5.85,0.00,0.00
 TN170,Jul 17 2004 21:34:06,48 24.36 N,124 26.04 W,48.406,-124.434,P123,52.31,51.87,8.69,32.64,25.32,4.35,0.25,87.64,28.20,0.30,0.69,2.32,46.54,4.69,0.00,0.00
 TN170,Jul 17 2004 21:34:06,48 24.36 N,124 26.04 W,48.406,-124.434,P123,77.48,76.81,7.48,33.50,26.17,3.44,0.27,87.97,31.17,0.27,0.11,2.41,48.73,3.75,0.00,0.00
 TN170,Jul 17 2004 21:34:06,48 24.36 N,124 26.04 W,48.406,-124.434,P123,102.49,101.60,7.17,33.67,26.35,3.03,0.30,87.86,32.79,0.29,0.07,2.49,51.68,3.28,0.00,0.00
 TN170,Jul 17 2004 21:34:06,48 24.36 N,124 26.04 W,48.406,-124.434,P123,152.43,151.09,6.82,33.86,26.54,2.60,0.18,86.79,34.62,0.27,0.17,2.59,54.43,2.82,0.00,0.00
 TN170,Jul 17 2004 21:34:06,48 24.36 N,124 26.04 W,48.406,-124.434,P123,224.69,222.68,6.75,33.88,26.57,2.54,0.21,84.16,35.13,0.25,0.19,2.60,55.78,2.74,0.00,0.00
 TN170,Jul 17 2004 23:11:39,48 28.8 N,124 41.34 W,48.480,-124.689,P122,2.55,2.53,11.54,31.07,23.63,7.05,1.31,83.60,19.75,0.30,0.73,1.90,37.12,7.78,1.77,0.40
 TN170,Jul 17 2004 23:11:39,48 28.8 N,124 41.34 W,48.480,-124.689,P122,7.73,7.67,11.51,31.07,23.63,7.02,1.55,83.74,19.65,0.30,0.74,1.90,37.17,7.75,1.80,0.39
 TN170,Jul 17 2004 23:11:39,48 28.8 N,124 41.34 W,48.480,-124.689,P122,12.94,12.83,11.38,31.13,23.70,6.89,1.21,85.64,19.88,0.30,0.93,1.92,37.83,7.69,1.55,0.37
 TN170,Jul 17 2004 23:11:39,48 28.8 N,124 41.34 W,48.480,-124.689,P122,22.51,22.32,9.50,32.00,24.69,4.90,0.43,88.16,25.30,0.33,1.08,2.20,42.09,5.38,0.37,0.35
 TN170,Jul 17 2004 23:11:39,48 28.8 N,124 41.34 W,48.480,-124.689,P122,31.93,31.66,9.08,32.41,25.08,4.81,0.35,87.28,26.42,0.32,0.97,2.21,42.95,5.35,0.35,0.42
 TN170,Jul 17 2004 23:11:39,48 28.8 N,124 41.34 W,48.480,-124.689,P122,50.78,50.34,8.10,33.08,25.75,3.93,0.31,87.64,29.37,0.32,0.29,2.33,44.42,4.32,0.18,0.46
 TN170,Jul 17 2004 23:11:39,48 28.8 N,124 41.34 W,48.480,-124.689,P122,77.46,76.80,7.65,33.44,26.10,3.59,0.38,87.34,30.46,0.28,0.23,2.37,46.08,3.94,0.00,0.00
 TN170,Jul 17 2004 23:11:39,48 28.8 N,124 41.34 W,48.480,-124.689,P122,102.48,101.59,7.37,33.56,26.23,3.22,0.25,87.61,31.97,0.27,0.14,2.42,47.62,3.50,0.00,0.00
 TN170,Jul 17 2004 23:11:39,48 28.8 N,124 41.34 W,48.480,-124.689,P122,147.71,146.41,6.97,33.72,26.42,2.63,0.20,86.76,33.98,0.28,0.16,2.58,52.45,2.82,0.00,0.00
 TN170,Jul 17 2004 23:11:39,48 28.8 N,124 41.34 W,48.480,-124.689,P122,200.05,198.26,6.68,33.90,26.59,2.41,0.17,86.95,35.31,0.26,0.17,2.62,57.27,2.59,0.00,0.00
 TN170,Jul 17 2004 23:11:39,48 28.8 N,124 41.34 W,48.480,-124.689,P122,254.06,251.76,6.65,33.91,26.61,2.39,0.24,83.89,35.64,0.24,0.21,2.66,58.21,2.57,0.00,0.00
