Cruise ID,UTC Time,Latitude DegMin,Longitude DegMin,Latitude Deg,Longitude Deg,Station,Pressure,Depth,Temperature,Salinity,Sigma-t,Oxygen Concentration MG,Chlorophyll Fluorescence ,Nitrate,Nitrite,Ammonium,Phosphate,Silicate,Oxygen Concentration MG Titration,Chlorophyll Concentration,Phaeopigment Concentration
,,[deg min],[deg min],[deg],[deg],,[db],[m],[deg C],,[kg/m^3],[mg/l],[mg/m^3],[uM],[uM],[uM],[uM],[uM],[mg/l],[ug/l],[ug/l]
,,,,,,,CTD,CTD,CTD,CTD,CTD,CTD,CTD,Lab,Lab,Lab,Lab,Lab,Lab,Lab,Lab
 BOLD200808,Aug 13 2008 05:54:01,48 7.92 N,122 23.82 W,48.132,-122.397,P2,1.13,1.12,17.09,25.16,17.96,11.44,4.50,,,,,,,,
 BOLD200808,Aug 13 2008 05:54:01,48 7.92 N,122 23.82 W,48.132,-122.397,P2,1.14,1.13,17.04,25.20,18.00,11.57,4.36,0.27,0.02,0.08,0.36,18.35,11.52,21.71,2.36
 BOLD200808,Aug 13 2008 05:54:01,48 7.92 N,122 23.82 W,48.132,-122.397,P2,4.88,4.84,13.23,28.26,21.14,13.29,11.00,9.86,0.48,0.04,1.16,22.26,9.75,3.31,0.72
 BOLD200808,Aug 13 2008 05:54:01,48 7.92 N,122 23.82 W,48.132,-122.397,P2,10.11,10.03,11.43,29.14,22.14,6.80,4.90,22.69,0.66,0.01,2.05,42.07,6.54,2.77,1.24
 BOLD200808,Aug 13 2008 05:54:01,48 7.92 N,122 23.82 W,48.132,-122.397,P2,20.50,20.32,10.25,29.23,22.41,6.09,2.91,27.56,0.05,0.06,2.35,43.80,6.04,0.56,0.36
 BOLD200808,Aug 13 2008 05:54:01,48 7.92 N,122 23.82 W,48.132,-122.397,P2,30.26,30.01,9.77,29.29,22.53,6.14,2.21,28.57,0.02,,2.44,47.53,6.13,0.18,0.18
 BOLD200808,Aug 13 2008 05:54:01,48 7.92 N,122 23.82 W,48.132,-122.397,P2,49.96,49.53,9.29,29.43,22.72,6.02,2.19,30.71,0.00,0.00,2.61,53.52,5.89,0.11,0.26
 BOLD200808,Aug 13 2008 05:54:01,48 7.92 N,122 23.82 W,48.132,-122.397,P2,80.61,79.92,8.76,29.62,22.94,5.02,2.28,33.95,0.02,0.00,2.94,62.63,4.91,,
 BOLD200808,Aug 13 2008 05:54:01,48 7.92 N,122 23.82 W,48.132,-122.397,P2,101.36,100.49,8.49,29.73,23.07,4.36,2.22,35.60,0.01,0.00,3.31,73.13,4.16,,
 BOLD200808,Aug 13 2008 05:54:01,48 7.92 N,122 23.82 W,48.132,-122.397,P2,117.01,116.00,8.27,29.93,23.26,2.85,2.63,35.19,0.01,0.01,3.59,86.40,3.22,,
 BOLD200808,Aug 13 2008 07:37:56,48 1.02 N,122 18.18 W,48.017,-122.303,P1,1.22,1.21,15.75,26.22,19.06,12.43,7.29,1.13,0.08,0.43,0.38,13.19,11.56,11.23,1.26
 BOLD200808,Aug 13 2008 07:37:56,48 1.02 N,122 18.18 W,48.017,-122.303,P1,1.22,1.21,15.77,26.22,19.05,12.41,7.56,,,,,,,,
 BOLD200808,Aug 13 2008 07:37:56,48 1.02 N,122 18.18 W,48.017,-122.303,P1,4.69,4.65,13.80,27.39,20.36,11.26,17.07,3.26,0.23,0.09,0.67,15.71,10.04,19.18,2.67
 BOLD200808,Aug 13 2008 07:37:56,48 1.02 N,122 18.18 W,48.017,-122.303,P1,9.69,9.61,12.54,29.07,21.89,8.96,11.77,15.40,0.87,0.84,1.53,29.76,8.15,18.14,1.42
 BOLD200808,Aug 13 2008 07:37:56,48 1.02 N,122 18.18 W,48.017,-122.303,P1,20.19,20.02,10.53,29.44,22.53,6.29,2.50,25.90,0.08,0.21,2.24,45.98,6.17,0.37,0.24
 BOLD200808,Aug 13 2008 07:37:56,48 1.02 N,122 18.18 W,48.017,-122.303,P1,30.18,29.92,10.69,29.58,22.61,6.24,2.17,26.34,0.02,0.05,2.30,47.35,6.04,0.23,0.19
 BOLD200808,Aug 13 2008 07:37:56,48 1.02 N,122 18.18 W,48.017,-122.303,P1,50.30,49.87,10.15,29.62,22.73,5.84,2.09,27.73,0.01,0.05,2.42,50.64,5.78,0.14,0.34
 BOLD200808,Aug 13 2008 07:37:56,48 1.02 N,122 18.18 W,48.017,-122.303,P1,80.95,80.25,9.87,29.86,22.97,5.36,2.18,28.60,0.08,0.33,2.52,57.57,5.33,,
 BOLD200808,Aug 13 2008 07:37:56,48 1.02 N,122 18.18 W,48.017,-122.303,P1,105.22,104.31,8.32,29.90,23.23,2.92,2.78,31.99,0.05,0.33,3.17,78.53,3.78,,
 BOLD200808,Aug 13 2008 09:40:39,47 55.5 N,122 28.14 W,47.925,-122.469,P6,1.08,1.07,14.91,27.50,20.22,11.31,12.00,0.56,0.21,0.32,0.63,17.01,11.12,15.49,0.53
 BOLD200808,Aug 13 2008 09:40:39,47 55.5 N,122 28.14 W,47.925,-122.469,P6,5.13,5.09,14.11,28.10,20.84,10.83,11.24,3.56,0.41,0.29,0.99,22.99,9.30,15.84,0.78
 BOLD200808,Aug 13 2008 09:40:39,47 55.5 N,122 28.14 W,47.925,-122.469,P6,9.82,9.74,11.80,29.54,22.39,7.20,4.35,15.19,0.91,1.09,1.89,42.41,7.13,3.59,0.28
 BOLD200808,Aug 13 2008 09:40:39,47 55.5 N,122 28.14 W,47.925,-122.469,P6,20.36,20.19,11.71,29.60,22.45,7.08,3.88,16.54,0.89,0.73,1.98,43.28,6.91,1.98,0.27
 BOLD200808,Aug 13 2008 09:40:39,47 55.5 N,122 28.14 W,47.925,-122.469,P6,29.55,29.30,11.55,29.83,22.66,6.81,3.49,17.22,0.88,1.73,2.00,44.05,6.67,1.75,0.20
 BOLD200808,Aug 13 2008 09:40:39,47 55.5 N,122 28.14 W,47.925,-122.469,P6,50.08,49.66,11.52,29.91,22.73,6.72,3.24,17.83,0.86,1.22,2.08,45.26,6.48,1.31,0.52
 BOLD200808,Aug 13 2008 09:40:39,47 55.5 N,122 28.14 W,47.925,-122.469,P6,81.44,80.74,11.25,30.21,23.01,6.36,3.17,18.55,0.76,1.41,2.16,46.03,6.27,,
 BOLD200808,Aug 13 2008 09:40:39,47 55.5 N,122 28.14 W,47.925,-122.469,P6,113.89,112.90,10.88,30.55,23.33,5.90,3.36,19.73,0.69,2.16,2.21,47.50,5.88,,
 BOLD200808,Aug 13 2008 10:50:10,47 59.04 N,122 37.2 W,47.984,-122.620,P7,1.31,1.30,13.37,29.64,22.17,8.41,6.18,9.53,0.50,1.43,1.57,36.78,,6.71,0.51
 BOLD200808,Aug 13 2008 10:50:10,47 59.04 N,122 37.2 W,47.984,-122.620,P7,1.32,1.31,13.35,29.64,22.18,8.38,5.86,,,,,,8.19,,
 BOLD200808,Aug 13 2008 10:50:10,47 59.04 N,122 37.2 W,47.984,-122.620,P7,1.34,1.33,13.36,29.64,22.17,8.41,6.11,,,,,,,,
 BOLD200808,Aug 13 2008 10:50:10,47 59.04 N,122 37.2 W,47.984,-122.620,P7,3.35,3.32,13.31,29.65,22.19,8.38,6.01,11.33,0.57,1.29,1.68,39.37,,5.19,0.64
 BOLD200808,Aug 13 2008 10:50:10,47 59.04 N,122 37.2 W,47.984,-122.620,P7,4.84,4.80,13.07,29.66,22.24,8.19,5.39,12.77,0.61,1.82,1.79,40.92,7.68,5.16,0.51
 BOLD200808,Aug 13 2008 10:50:10,47 59.04 N,122 37.2 W,47.984,-122.620,P7,10.89,10.80,12.13,29.94,22.64,7.29,4.74,14.90,0.64,1.20,1.90,42.81,7.07,2.81,0.40
 BOLD200808,Aug 13 2008 10:50:10,47 59.04 N,122 37.2 W,47.984,-122.620,P7,13.56,13.45,12.01,30.00,22.71,7.15,4.41,15.94,0.65,1.47,1.97,42.78,,3.66,0.52
 BOLD200808,Aug 13 2008 10:50:10,47 59.04 N,122 37.2 W,47.984,-122.620,P7,20.14,19.97,11.39,30.28,23.04,6.52,3.69,18.04,0.67,1.46,2.13,45.73,6.38,1.80,0.39
 BOLD200808,Aug 13 2008 10:50:10,47 59.04 N,122 37.2 W,47.984,-122.620,P7,30.25,29.99,11.12,30.45,23.21,6.30,3.61,19.10,0.65,1.49,2.16,45.90,6.24,1.84,0.27
 BOLD200808,Aug 13 2008 10:50:10,47 59.04 N,122 37.2 W,47.984,-122.620,P7,51.05,50.62,10.37,31.09,23.84,5.53,3.27,21.38,0.48,1.82,2.25,48.83,5.43,1.43,0.30
 BOLD200808,Aug 13 2008 10:50:10,47 59.04 N,122 37.2 W,47.984,-122.620,P7,70.47,69.86,9.91,31.47,24.22,5.10,3.19,22.68,0.42,1.76,2.36,50.46,4.94,,
 BOLD200808,Aug 13 2008 10:50:10,47 59.04 N,122 37.2 W,47.984,-122.620,P7,95.55,94.73,9.72,31.61,24.35,4.91,3.28,22.99,0.42,1.39,2.38,50.54,4.93,,
 BOLD200808,Aug 13 2008 12:19:16,47 53.82 N,122 36.3 W,47.897,-122.605,P8,1.21,1.20,13.86,29.59,22.04,8.15,4.89,,,,,,,,
 BOLD200808,Aug 13 2008 12:19:16,47 53.82 N,122 36.3 W,47.897,-122.605,P8,1.21,1.20,13.86,29.58,22.03,8.23,5.16,,,,,,7.48,2.57,0.62
 BOLD200808,Aug 13 2008 12:19:16,47 53.82 N,122 36.3 W,47.897,-122.605,P8,4.87,4.83,12.86,29.86,22.44,7.38,4.40,11.29,0.40,2.30,1.61,40.09,7.03,1.94,0.70
 BOLD200808,Aug 13 2008 12:19:16,47 53.82 N,122 36.3 W,47.897,-122.605,P8,10.07,9.98,12.08,30.11,22.78,6.73,3.31,12.46,0.43,2.02,1.74,42.49,6.53,1.71,0.56
 BOLD200808,Aug 13 2008 12:19:16,47 53.82 N,122 36.3 W,47.897,-122.605,P8,19.95,19.78,11.63,30.30,23.01,6.33,3.05,15.61,0.52,2.31,1.98,44.21,6.19,1.67,0.32
 BOLD200808,Aug 13 2008 12:19:16,47 53.82 N,122 36.3 W,47.897,-122.605,P8,30.39,30.13,11.16,30.51,23.25,6.06,2.99,17.18,0.53,3.63,2.04,46.04,5.96,1.30,0.57
 BOLD200808,Aug 13 2008 12:19:16,47 53.82 N,122 36.3 W,47.897,-122.605,P8,50.61,50.18,10.80,30.71,23.47,5.73,2.74,20.97,0.56,2.10,2.27,49.44,5.55,1.32,0.67
 BOLD200808,Aug 13 2008 12:19:16,47 53.82 N,122 36.3 W,47.897,-122.605,P8,50.61,50.18,10.80,30.71,23.47,5.74,2.71,19.38,0.58,1.92,2.16,47.04,,,
 BOLD200808,Aug 13 2008 12:19:16,47 53.82 N,122 36.3 W,47.897,-122.605,P8,80.76,80.06,10.46,30.95,23.72,5.45,2.57,22.11,0.53,2.01,2.30,50.38,5.36,,
 BOLD200808,Aug 13 2008 12:19:16,47 53.82 N,122 36.3 W,47.897,-122.605,P8,100.59,99.72,10.29,31.10,23.86,5.30,2.77,22.75,0.49,2.14,2.32,50.63,5.21,,
 BOLD200808,Aug 13 2008 12:19:16,47 53.82 N,122 36.3 W,47.897,-122.605,P8,124.71,123.63,10.26,31.13,23.89,5.20,3.28,,,,,,,,
 BOLD200808,Aug 13 2008 12:19:16,47 53.82 N,122 36.3 W,47.897,-122.605,P8,124.72,123.64,10.25,31.14,23.90,5.19,3.04,22.71,0.49,2.20,2.37,52.00,5.15,,
 BOLD200808,Aug 13 2008 13:41:47,47 50.04 N,122 40.02 W,47.834,-122.667,P9,1.22,1.21,14.62,29.22,21.60,8.85,5.66,5.77,0.21,1.21,1.23,31.88,8.48,2.25,0.76
 BOLD200808,Aug 13 2008 13:41:47,47 50.04 N,122 40.02 W,47.834,-122.667,P9,4.97,4.93,14.16,29.36,21.80,8.37,6.22,7.48,0.24,1.17,1.33,35.57,7.66,2.34,0.95
 BOLD200808,Aug 13 2008 13:41:47,47 50.04 N,122 40.02 W,47.834,-122.667,P9,10.10,10.01,12.83,29.62,22.26,7.14,4.76,14.10,0.34,2.06,1.86,44.50,6.78,1.56,1.23
 BOLD200808,Aug 13 2008 13:41:47,47 50.04 N,122 40.02 W,47.834,-122.667,P9,20.43,20.25,11.56,30.06,22.84,6.01,3.28,18.00,0.43,2.97,2.17,46.62,5.97,0.84,0.90
 BOLD200808,Aug 13 2008 13:41:47,47 50.04 N,122 40.02 W,47.834,-122.667,P9,30.25,30.00,11.50,30.22,22.97,6.04,3.10,18.70,0.50,3.09,2.17,47.73,5.99,0.72,0.65
 BOLD200808,Aug 13 2008 13:41:47,47 50.04 N,122 40.02 W,47.834,-122.667,P9,50.66,50.23,11.12,30.53,23.27,5.90,2.71,20.83,0.55,2.58,2.30,50.58,5.61,0.69,0.85
 BOLD200808,Aug 13 2008 13:41:47,47 50.04 N,122 40.02 W,47.834,-122.667,P9,66.23,65.67,10.53,30.88,23.65,5.27,2.92,21.46,0.55,2.74,2.36,51.43,5.39,,
 BOLD200808,Aug 13 2008 14:27:30,47 48.0 N,122 43.26 W,47.800,-122.721,P10,1.08,1.07,14.63,29.20,21.58,8.76,5.37,6.79,0.19,1.28,1.25,30.73,8.45,2.12,0.91
 BOLD200808,Aug 13 2008 14:27:30,47 48.0 N,122 43.26 W,47.800,-122.721,P10,4.95,4.91,14.40,29.24,21.66,8.62,5.76,8.00,0.21,1.46,1.34,32.19,8.26,2.00,0.94
 BOLD200808,Aug 13 2008 14:27:30,47 48.0 N,122 43.26 W,47.800,-122.721,P10,10.12,10.04,13.46,29.48,22.03,7.82,5.29,14.46,0.32,2.17,1.82,41.53,6.88,1.30,0.96
 BOLD200808,Aug 13 2008 14:27:30,47 48.0 N,122 43.26 W,47.800,-122.721,P10,20.31,20.14,11.19,30.20,23.01,5.70,2.75,21.09,0.44,2.73,2.31,49.49,5.51,0.40,0.74
 BOLD200808,Aug 13 2008 14:27:30,47 48.0 N,122 43.26 W,47.800,-122.721,P10,30.73,30.47,11.21,30.32,23.10,5.75,2.58,20.54,0.51,3.23,2.30,49.31,5.74,0.45,0.63
 BOLD200808,Aug 13 2008 14:27:30,47 48.0 N,122 43.26 W,47.800,-122.721,P10,40.47,40.13,11.13,30.43,23.20,5.72,2.53,21.27,0.52,3.10,2.33,49.73,5.62,,
 BOLD200808,Aug 13 2008 14:27:30,47 48.0 N,122 43.26 W,47.800,-122.721,P10,52.31,51.87,10.87,30.63,23.40,5.53,2.63,20.84,0.51,3.01,2.28,48.78,5.72,0.61,0.70
 BOLD200808,Aug 13 2008 15:16:07,47 44.1 N,122 45.78 W,47.735,-122.763,P17,1.22,1.21,14.06,29.06,21.59,9.16,14.00,6.94,0.17,0.40,1.17,28.34,8.55,3.79,2.05
 BOLD200808,Aug 13 2008 15:16:07,47 44.1 N,122 45.78 W,47.735,-122.763,P17,4.88,4.84,13.50,29.16,21.78,8.54,12.20,9.02,0.18,0.95,1.30,30.50,8.11,3.23,1.89
 BOLD200808,Aug 13 2008 15:16:07,47 44.1 N,122 45.78 W,47.735,-122.763,P17,10.02,9.93,13.10,29.32,21.98,7.86,8.72,14.03,0.26,0.74,1.65,37.32,7.10,1.64,1.19
 BOLD200808,Aug 13 2008 15:16:07,47 44.1 N,122 45.78 W,47.735,-122.763,P17,20.90,20.73,10.65,29.94,22.90,5.21,3.06,25.04,0.30,0.69,2.40,50.11,5.20,0.53,0.86
 BOLD200808,Aug 13 2008 15:16:07,47 44.1 N,122 45.78 W,47.735,-122.763,P17,30.34,30.08,10.61,30.10,23.03,5.18,2.54,25.30,0.34,1.55,2.43,51.57,5.14,0.28,0.70
 BOLD200808,Aug 13 2008 15:16:07,47 44.1 N,122 45.78 W,47.735,-122.763,P17,50.62,50.19,10.68,30.19,23.09,5.26,2.40,24.19,0.40,2.09,2.42,51.13,5.18,0.27,0.57
 BOLD200808,Aug 13 2008 15:16:07,47 44.1 N,122 45.78 W,47.735,-122.763,P17,50.63,50.20,10.68,30.19,23.09,5.25,2.42,,,,,,,,
 BOLD200808,Aug 13 2008 15:16:07,47 44.1 N,122 45.78 W,47.735,-122.763,P17,80.79,80.10,11.05,30.47,23.24,5.63,2.35,21.16,0.55,3.50,2.30,50.43,5.52,,
 BOLD200808,Aug 13 2008 15:16:07,47 44.1 N,122 45.78 W,47.735,-122.763,P17,80.81,80.12,11.05,30.47,23.24,5.60,2.37,,,,,,,,
 BOLD200808,Aug 13 2008 15:16:07,47 44.1 N,122 45.78 W,47.735,-122.763,P17,97.00,96.17,11.02,30.50,23.28,5.56,2.48,21.03,0.54,3.44,2.29,50.25,5.52,,
 BOLD200808,Aug 13 2008 15:16:07,47 44.1 N,122 45.78 W,47.735,-122.763,P17,97.03,96.20,11.02,30.51,23.28,5.57,2.53,,,,,,,,
 BOLD200808,Aug 13 2008 15:56:20,47 41.52 N,122 45.78 W,47.692,-122.763,P16,1.00,0.99,14.71,28.97,21.39,9.54,12.47,5.45,0.12,0.51,1.08,23.26,8.92,3.83,1.82
 BOLD200808,Aug 13 2008 15:56:20,47 41.52 N,122 45.78 W,47.692,-122.763,P16,4.84,4.80,12.81,29.34,22.05,7.78,10.01,15.42,0.21,0.37,1.76,26.72,6.77,2.29,1.68
 BOLD200808,Aug 13 2008 15:56:20,47 41.52 N,122 45.78 W,47.692,-122.763,P16,9.53,9.45,11.36,29.70,22.59,6.02,5.68,24.56,0.18,0.19,2.33,48.32,5.34,0.83,0.89
 BOLD200808,Aug 13 2008 15:56:20,47 41.52 N,122 45.78 W,47.692,-122.763,P16,20.41,20.24,10.19,29.89,22.94,4.87,2.67,28.32,0.05,0.12,2.64,53.50,4.67,0.22,0.91
 BOLD200808,Aug 13 2008 15:56:20,47 41.52 N,122 45.78 W,47.692,-122.763,P16,30.41,30.16,9.88,29.94,23.02,4.60,2.25,29.89,0.04,0.08,2.72,55.22,4.53,0.13,0.65
 BOLD200808,Aug 13 2008 15:56:20,47 41.52 N,122 45.78 W,47.692,-122.763,P16,50.12,49.70,9.89,30.07,23.12,4.53,2.25,29.58,0.20,0.24,2.71,56.00,4.52,0.13,0.61
 BOLD200808,Aug 13 2008 15:56:20,47 41.52 N,122 45.78 W,47.692,-122.763,P16,80.94,80.25,10.81,30.41,23.24,5.37,2.39,23.05,0.49,2.86,2.42,52.62,5.27,,
 BOLD200808,Aug 13 2008 15:56:20,47 41.52 N,122 45.78 W,47.692,-122.763,P16,106.92,105.99,10.87,30.46,23.26,5.43,2.54,23.16,0.48,3.08,2.42,52.61,5.26,,
 BOLD200808,Aug 13 2008 16:49:55,47 39.66 N,122 51.6 W,47.661,-122.860,P15,1.18,1.17,17.23,28.46,20.45,10.13,7.13,0.18,0.02,0.36,0.46,17.15,10.16,2.39,0.78
 BOLD200808,Aug 13 2008 16:49:55,47 39.66 N,122 51.6 W,47.661,-122.860,P15,5.40,5.36,14.56,28.85,21.33,10.97,23.73,7.06,0.05,0.14,1.21,24.75,8.41,4.97,2.15
 BOLD200808,Aug 13 2008 16:49:55,47 39.66 N,122 51.6 W,47.661,-122.860,P15,10.04,9.96,11.35,29.58,22.50,6.24,8.09,23.91,0.06,0.07,2.28,44.80,5.20,1.06,0.92
 BOLD200808,Aug 13 2008 16:49:55,47 39.66 N,122 51.6 W,47.661,-122.860,P15,20.36,20.19,10.21,29.88,22.93,4.89,2.45,27.95,0.03,0.14,2.57,51.02,4.75,0.30,0.64
 BOLD200808,Aug 13 2008 16:49:55,47 39.66 N,122 51.6 W,47.661,-122.860,P15,30.77,30.51,10.11,29.97,23.01,4.76,2.27,28.44,0.11,0.04,2.63,53.86,4.66,0.20,0.62
 BOLD200808,Aug 13 2008 16:49:55,47 39.66 N,122 51.6 W,47.661,-122.860,P15,51.00,50.56,10.18,30.12,23.11,4.72,2.34,27.45,0.34,0.73,2.60,54.55,4.64,0.18,0.67
 BOLD200808,Aug 13 2008 16:49:55,47 39.66 N,122 51.6 W,47.661,-122.860,P15,80.99,80.29,9.65,30.15,23.22,4.42,2.13,31.38,0.08,0.02,2.88,61.03,4.27,,
 BOLD200808,Aug 13 2008 16:49:55,47 39.66 N,122 51.6 W,47.661,-122.860,P15,100.47,99.61,8.91,30.10,23.30,3.94,2.10,33.99,0.02,0.01,3.17,67.24,3.87,,
 BOLD200808,Aug 13 2008 16:49:55,47 39.66 N,122 51.6 W,47.661,-122.860,P15,129.53,128.41,8.69,30.14,23.37,3.67,2.13,34.58,0.12,0.11,3.41,74.33,3.78,,
 BOLD200808,Aug 13 2008 17:45:09,47 36.42 N,122 56.4 W,47.607,-122.940,P14,1.01,1.00,16.82,28.21,20.35,10.57,6.38,0.18,0.02,0.32,0.54,18.81,10.36,0.10,0.47
 BOLD200808,Aug 13 2008 17:45:09,47 36.42 N,122 56.4 W,47.607,-122.940,P14,4.66,4.62,13.54,28.94,21.60,10.22,34.30,5.17,0.08,0.20,1.13,20.10,8.97,8.02,1.45
 BOLD200808,Aug 13 2008 17:45:09,47 36.42 N,122 56.4 W,47.607,-122.940,P14,10.38,10.29,11.48,29.52,22.43,6.58,7.69,22.59,0.11,,2.20,42.14,5.62,1.19,1.55
 BOLD200808,Aug 13 2008 17:45:09,47 36.42 N,122 56.4 W,47.607,-122.940,P14,20.52,20.35,9.99,29.85,22.94,4.89,2.31,29.02,0.02,0.03,2.64,51.81,4.79,0.17,0.73
 BOLD200808,Aug 13 2008 17:45:09,47 36.42 N,122 56.4 W,47.607,-122.940,P14,30.72,30.46,9.82,29.91,23.01,4.68,2.15,30.21,0.01,0.00,2.71,54.83,4.52,0.13,0.78
 BOLD200808,Aug 13 2008 17:45:09,47 36.42 N,122 56.4 W,47.607,-122.940,P14,50.61,50.18,9.58,29.99,23.11,4.35,2.07,31.43,0.01,0.04,2.82,57.51,4.23,0.17,0.54
 BOLD200808,Aug 13 2008 17:45:09,47 36.42 N,122 56.4 W,47.607,-122.940,P14,81.33,80.63,9.26,30.06,23.21,4.05,2.08,33.73,0.01,0.04,3.02,61.99,3.92,,
 BOLD200808,Aug 13 2008 17:45:09,47 36.42 N,122 56.4 W,47.607,-122.940,P14,111.00,110.04,8.84,30.10,23.31,3.67,2.05,35.33,0.01,0.09,3.30,69.08,3.57,,
 BOLD200808,Aug 13 2008 17:45:09,47 36.42 N,122 56.4 W,47.607,-122.940,P14,141.29,140.05,8.70,30.15,23.37,3.70,2.06,35.44,,0.04,3.43,74.17,3.61,,
 BOLD200808,Aug 13 2008 17:45:09,47 36.42 N,122 56.4 W,47.607,-122.940,P14,172.32,170.80,8.67,30.17,23.39,3.53,2.12,35.58,0.02,0.03,3.53,78.57,3.54,,
 BOLD200808,Aug 13 2008 18:43:32,47 32.82 N,123 0.48 W,47.547,-123.008,P13,1.01,1.00,16.91,27.45,19.75,11.34,6.59,0.06,0.00,0.10,0.44,7.48,11.03,5.79,0.74
 BOLD200808,Aug 13 2008 18:43:32,47 32.82 N,123 0.48 W,47.547,-123.008,P13,2.25,2.23,16.77,27.58,19.88,11.38,8.49,0.06,0.00,0.26,0.48,11.62,,6.03,1.45
 BOLD200808,Aug 13 2008 18:43:32,47 32.82 N,123 0.48 W,47.547,-123.008,P13,4.12,4.08,14.08,28.78,21.37,11.32,23.20,0.28,,0.32,0.65,12.74,,9.79,2.97
 BOLD200808,Aug 13 2008 18:43:32,47 32.82 N,123 0.48 W,47.547,-123.008,P13,6.30,6.25,13.61,28.92,21.57,10.83,32.68,1.60,0.02,0.22,0.83,15.93,10.32,13.13,3.55
 BOLD200808,Aug 13 2008 18:43:32,47 32.82 N,123 0.48 W,47.547,-123.008,P13,8.11,8.04,12.75,29.02,21.81,8.89,35.05,7.72,0.05,0.24,1.27,20.77,6.24,5.60,1.96
 BOLD200808,Aug 13 2008 18:43:32,47 32.82 N,123 0.48 W,47.547,-123.008,P13,13.36,13.24,10.37,29.69,22.75,5.20,3.75,26.85,0.04,0.09,2.47,45.75,4.96,0.70,1.15
 BOLD200808,Aug 13 2008 18:43:32,47 32.82 N,123 0.48 W,47.547,-123.008,P13,20.32,20.14,9.94,29.75,22.87,4.82,2.57,29.31,0.02,0.04,2.65,50.58,4.65,0.62,1.20
 BOLD200808,Aug 13 2008 18:43:32,47 32.82 N,123 0.48 W,47.547,-123.008,P13,30.54,30.28,9.66,29.84,22.98,4.71,2.17,30.84,0.01,,2.78,54.99,4.46,0.34,1.00
 BOLD200808,Aug 13 2008 18:43:32,47 32.82 N,123 0.48 W,47.547,-123.008,P13,51.18,50.74,9.29,29.94,23.12,4.40,2.13,32.35,0.01,0.00,2.89,58.35,4.19,0.19,1.00
 BOLD200808,Aug 13 2008 18:43:32,47 32.82 N,123 0.48 W,47.547,-123.008,P13,80.72,80.03,9.05,30.02,23.22,3.93,2.10,34.56,,,3.08,62.93,3.77,,
 BOLD200808,Aug 13 2008 18:43:32,47 32.82 N,123 0.48 W,47.547,-123.008,P13,111.10,110.14,8.88,30.09,23.30,3.39,2.12,36.07,,,3.40,71.39,3.28,,
 BOLD200808,Aug 13 2008 18:43:32,47 32.82 N,123 0.48 W,47.547,-123.008,P13,142.04,140.80,8.71,30.16,23.38,3.36,2.21,36.20,0.00,0.04,3.51,77.61,3.19,,
 BOLD200808,Aug 13 2008 20:16:19,47 29.52 N,123 3.36 W,47.492,-123.056,P401,1.12,1.11,15.97,28.22,20.55,12.21,7.20,0.53,0.04,0.13,0.48,11.21,11.66,5.71,1.13
 BOLD200808,Aug 13 2008 20:16:19,47 29.52 N,123 3.36 W,47.492,-123.056,P401,3.73,3.70,13.85,28.85,21.47,11.75,17.62,7.54,0.13,0.64,1.22,20.07,9.04,0.20,1.42
 BOLD200808,Aug 13 2008 20:16:19,47 29.52 N,123 3.36 W,47.492,-123.056,P401,10.01,9.93,11.69,29.36,22.26,6.84,12.21,22.63,0.15,0.16,2.20,40.63,5.40,2.07,1.60
 BOLD200808,Aug 13 2008 20:16:19,47 29.52 N,123 3.36 W,47.492,-123.056,P401,20.46,20.29,9.74,29.75,22.90,4.63,3.08,29.92,0.04,0.02,2.75,52.76,4.46,0.29,1.81
 BOLD200808,Aug 13 2008 20:16:19,47 29.52 N,123 3.36 W,47.492,-123.056,P401,30.18,29.92,9.47,29.84,23.01,4.46,2.80,31.48,0.02,0.02,2.86,57.26,4.30,0.13,1.15
 BOLD200808,Aug 13 2008 20:16:19,47 29.52 N,123 3.36 W,47.492,-123.056,P401,51.11,50.67,9.22,29.94,23.13,4.21,2.81,32.56,0.02,0.02,2.97,60.79,4.12,0.12,0.64
 BOLD200808,Aug 13 2008 20:16:19,47 29.52 N,123 3.36 W,47.492,-123.056,P401,80.92,80.23,9.00,30.03,23.23,3.64,2.83,34.95,0.02,0.02,3.18,66.00,3.59,,
 BOLD200808,Aug 13 2008 20:16:19,47 29.52 N,123 3.36 W,47.492,-123.056,P401,101.06,100.19,8.93,30.08,23.28,3.06,2.85,36.57,0.01,0.02,3.47,73.15,2.96,,
 BOLD200808,Aug 13 2008 20:16:19,47 29.52 N,123 3.36 W,47.492,-123.056,P401,121.23,120.17,8.86,30.14,23.34,2.77,2.91,36.71,,0.09,3.63,80.48,2.86,,
 BOLD200808,Aug 13 2008 20:16:19,47 29.52 N,123 3.36 W,47.492,-123.056,P401,151.88,150.55,8.78,30.16,23.37,3.06,3.18,36.20,0.05,0.03,3.65,83.12,3.03,,
 BOLD200808,Aug 13 2008 21:20:14,47 25.56 N,123 6.48 W,47.426,-123.108,P12,1.26,1.25,16.31,27.24,19.72,12.37,10.04,,,,,,,,
 BOLD200808,Aug 13 2008 21:20:14,47 25.56 N,123 6.48 W,47.426,-123.108,P12,1.27,1.26,15.83,27.57,20.08,12.40,10.49,37.17,0.02,,3.84,87.91,,7.23,1.04
 BOLD200808,Aug 13 2008 21:20:14,47 25.56 N,123 6.48 W,47.426,-123.108,P12,4.75,4.71,11.95,29.26,22.14,7.29,15.15,0.86,0.02,0.19,0.57,11.43,11.98,4.44,2.20
 BOLD200808,Aug 13 2008 21:20:14,47 25.56 N,123 6.48 W,47.426,-123.108,P12,10.26,10.17,11.34,29.46,22.41,6.27,8.19,16.57,0.27,0.09,1.88,31.07,6.58,1.89,1.65
 BOLD200808,Aug 13 2008 21:20:14,47 25.56 N,123 6.48 W,47.426,-123.108,P12,20.64,20.47,9.91,29.68,22.81,3.87,3.57,21.69,0.28,0.03,2.22,37.15,3.70,,
 BOLD200808,Aug 13 2008 21:20:14,47 25.56 N,123 6.48 W,47.426,-123.108,P12,30.36,30.11,9.54,29.79,22.96,3.27,2.67,30.17,0.08,0.02,2.97,49.98,3.67,0.11,0.88
 BOLD200808,Aug 13 2008 21:20:14,47 25.56 N,123 6.48 W,47.426,-123.108,P12,50.85,50.41,9.24,29.91,23.10,3.12,2.54,33.33,0.02,0.01,3.27,60.58,,0.11,0.74
 BOLD200808,Aug 13 2008 21:20:14,47 25.56 N,123 6.48 W,47.426,-123.108,P12,80.87,80.17,9.04,30.02,23.22,2.76,2.60,34.65,0.00,0.02,3.28,63.39,2.58,,
 BOLD200808,Aug 13 2008 21:20:14,47 25.56 N,123 6.48 W,47.426,-123.108,P12,100.68,99.81,8.95,30.10,23.29,2.37,2.61,37.04,0.03,,3.51,72.03,2.38,,
 BOLD200808,Aug 13 2008 21:20:14,47 25.56 N,123 6.48 W,47.426,-123.108,P12,123.15,122.08,8.87,30.15,23.34,2.36,2.67,37.27,0.02,,3.73,81.92,2.96,,
 BOLD200808,Aug 13 2008 22:14:22,47 22.32 N,123 7.98 W,47.372,-123.133,P11,1.13,1.12,13.76,28.62,21.31,11.76,27.15,,,,,,,,
 BOLD200808,Aug 13 2008 22:14:22,47 22.32 N,123 7.98 W,47.372,-123.133,P11,1.13,1.12,13.69,28.64,21.34,11.76,26.98,1.43,0.05,0.26,0.82,15.59,11.72,17.91,2.76
 BOLD200808,Aug 13 2008 22:14:22,47 22.32 N,123 7.98 W,47.372,-123.133,P11,2.15,2.13,13.62,28.64,21.36,11.35,30.23,2.25,0.04,0.19,0.90,17.17,,18.31,2.68
 BOLD200808,Aug 13 2008 22:14:22,47 22.32 N,123 7.98 W,47.372,-123.133,P11,3.17,3.14,12.88,28.88,21.68,10.36,39.32,9.20,0.11,0.14,1.48,23.52,,15.55,3.03
 BOLD200808,Aug 13 2008 22:14:22,47 22.32 N,123 7.98 W,47.372,-123.133,P11,5.19,5.14,12.39,29.03,21.89,8.38,30.78,11.38,0.13,0.07,1.63,25.09,8.05,12.73,2.51
 BOLD200808,Aug 13 2008 22:14:22,47 22.32 N,123 7.98 W,47.372,-123.133,P11,6.66,6.60,12.29,29.10,21.96,8.21,23.80,13.05,0.14,0.30,1.75,26.84,,11.69,2.18
 BOLD200808,Aug 13 2008 22:14:22,47 22.32 N,123 7.98 W,47.372,-123.133,P11,9.66,9.58,11.37,29.38,22.34,6.35,11.31,18.75,0.17,0.03,2.07,33.98,6.34,4.18,1.93
 BOLD200808,Aug 13 2008 22:14:22,47 22.32 N,123 7.98 W,47.372,-123.133,P11,19.76,19.60,9.82,29.72,22.86,2.92,3.48,32.08,0.14,,3.40,59.38,2.77,0.69,0.61
 BOLD200808,Aug 13 2008 22:14:22,47 22.32 N,123 7.98 W,47.372,-123.133,P11,30.16,29.90,9.43,29.86,23.03,2.28,2.86,34.75,0.07,0.02,3.57,67.56,2.26,0.24,0.74
 BOLD200808,Aug 13 2008 22:14:22,47 22.32 N,123 7.98 W,47.372,-123.133,P11,50.41,49.98,9.23,29.94,23.12,2.37,2.72,36.25,0.05,0.05,3.47,67.28,2.60,0.02,0.63
 BOLD200808,Aug 13 2008 22:14:22,47 22.32 N,123 7.98 W,47.372,-123.133,P11,71.31,70.69,9.10,30.01,23.20,2.23,2.66,38.00,0.15,0.11,3.66,73.61,1.99,,
 BOLD200808,Aug 13 2008 22:14:22,47 22.32 N,123 7.98 W,47.372,-123.133,P11,87.12,86.38,9.04,30.06,23.25,1.82,2.80,37.97,0.20,0.21,3.82,78.79,1.88,,
 BOLD200808,Aug 14 2008 05:17:50,48 2.04 N,122 37.02 W,48.034,-122.617,P18,1.47,1.46,12.25,29.80,22.51,7.82,5.86,18.03,0.66,1.46,1.85,41.62,7.66,6.91,0.29
 BOLD200808,Aug 14 2008 05:17:50,48 2.04 N,122 37.02 W,48.034,-122.617,P18,5.47,5.43,12.19,29.82,22.53,7.74,6.44,18.13,0.67,1.26,1.86,40.90,7.64,5.71,0.44
 BOLD200808,Aug 14 2008 05:17:50,48 2.04 N,122 37.02 W,48.034,-122.617,P18,10.80,10.71,12.11,29.87,22.59,7.56,5.70,18.49,0.67,1.54,1.83,41.58,7.54,7.56,0.29
 BOLD200808,Aug 14 2008 05:17:50,48 2.04 N,122 37.02 W,48.034,-122.617,P18,21.41,21.23,11.73,30.08,22.82,7.09,5.13,19.94,0.66,1.70,1.94,42.62,7.07,3.70,0.52
 BOLD200808,Aug 14 2008 05:17:50,48 2.04 N,122 37.02 W,48.034,-122.617,P18,29.96,29.71,11.63,30.13,22.87,7.00,4.82,20.03,0.67,1.50,2.02,43.40,6.90,3.27,0.44
 BOLD200808,Aug 14 2008 05:17:50,48 2.04 N,122 37.02 W,48.034,-122.617,P18,51.30,50.86,10.56,30.98,23.72,5.73,4.21,23.87,0.50,1.72,2.22,48.40,5.67,2.52,0.35
 BOLD200808,Aug 14 2008 05:17:50,48 2.04 N,122 37.02 W,48.034,-122.617,P18,80.67,79.98,10.13,31.27,24.02,5.36,3.97,25.32,0.41,1.26,2.27,50.41,5.38,,
 BOLD200808,Aug 14 2008 05:17:50,48 2.04 N,122 37.02 W,48.034,-122.617,P18,100.82,99.95,10.10,31.32,24.07,5.37,4.26,25.00,0.42,1.24,2.26,51.18,5.29,,
 BOLD200808,Aug 14 2008 05:17:50,48 2.04 N,122 37.02 W,48.034,-122.617,P18,121.39,120.33,10.11,31.35,24.09,5.32,4.11,24.96,0.42,1.31,2.27,50.55,5.29,,
 BOLD200808,Aug 14 2008 06:08:22,48 5.34 N,122 37.68 W,48.089,-122.628,P19,1.15,1.14,12.20,29.70,22.44,7.93,6.61,17.58,0.67,1.04,1.84,40.56,7.62,6.93,0.90
 BOLD200808,Aug 14 2008 06:08:22,48 5.34 N,122 37.68 W,48.089,-122.628,P19,4.93,4.89,11.82,29.95,22.70,7.20,4.96,18.39,0.67,1.14,1.89,42.13,7.26,5.60,0.30
 BOLD200808,Aug 14 2008 06:08:22,48 5.34 N,122 37.68 W,48.089,-122.628,P19,9.63,9.55,11.62,30.12,22.87,7.01,5.18,19.71,0.63,1.39,1.97,45.45,6.88,4.12,0.33
 BOLD200808,Aug 14 2008 06:08:22,48 5.34 N,122 37.68 W,48.089,-122.628,P19,21.35,21.17,11.48,30.30,23.04,6.86,5.25,20.13,0.58,1.35,2.01,45.88,6.73,4.10,0.20
 BOLD200808,Aug 14 2008 06:08:22,48 5.34 N,122 37.68 W,48.089,-122.628,P19,32.65,32.38,11.10,30.58,23.32,6.45,5.19,21.48,0.52,1.26,2.08,47.62,6.37,4.88,0.33
 BOLD200808,Aug 14 2008 06:08:22,48 5.34 N,122 37.68 W,48.089,-122.628,P19,50.35,49.92,11.02,30.63,23.37,6.33,5.23,21.83,0.52,1.26,2.10,48.39,6.24,4.36,0.17
 BOLD200808,Aug 14 2008 06:08:22,48 5.34 N,122 37.68 W,48.089,-122.628,P19,80.50,79.81,10.13,31.26,24.02,5.40,3.98,24.94,0.41,1.03,2.26,51.01,5.31,,
 BOLD200808,Aug 14 2008 06:08:22,48 5.34 N,122 37.68 W,48.089,-122.628,P19,101.14,100.26,10.00,31.36,24.11,5.26,4.18,26.07,0.37,1.27,2.32,51.95,5.06,,
 BOLD200808,Aug 14 2008 06:08:22,48 5.34 N,122 37.68 W,48.089,-122.628,P19,148.02,146.72,9.54,31.77,24.51,4.76,3.67,26.99,0.36,1.13,2.38,52.90,4.75,,
 BOLD200808,Aug 14 2008 07:01:53,48 8.46 N,122 40.86 W,48.141,-122.681,P20,1.18,1.17,11.06,30.62,23.36,6.47,4.93,22.18,0.56,1.95,2.10,46.44,6.44,2.22,0.13
 BOLD200808,Aug 14 2008 07:01:53,48 8.46 N,122 40.86 W,48.141,-122.681,P20,5.12,5.08,10.94,30.72,23.45,6.31,5.48,22.56,0.52,1.32,2.11,47.31,6.17,4.84,0.36
 BOLD200808,Aug 14 2008 07:01:53,48 8.46 N,122 40.86 W,48.141,-122.681,P20,9.76,9.67,10.87,30.79,23.52,6.24,5.65,22.72,0.51,1.58,2.08,46.79,6.14,3.96,0.31
 BOLD200808,Aug 14 2008 07:01:53,48 8.46 N,122 40.86 W,48.141,-122.681,P20,20.38,20.20,10.83,30.82,23.55,6.21,5.67,22.93,0.49,1.16,2.12,46.97,6.05,4.62,0.46
 BOLD200808,Aug 14 2008 07:01:53,48 8.46 N,122 40.86 W,48.141,-122.681,P20,30.58,30.32,10.74,30.90,23.63,6.11,5.72,23.31,0.49,1.35,2.15,47.32,5.93,4.71,0.26
 BOLD200808,Aug 14 2008 07:01:53,48 8.46 N,122 40.86 W,48.141,-122.681,P20,47.22,46.81,10.48,31.08,23.82,5.77,4.63,24.00,0.47,1.51,2.19,48.20,5.73,2.53,0.42
 BOLD200808,Aug 14 2008 08:29:56,48 11.28 N,122 51.0 W,48.188,-122.850,P21,1.22,1.21,10.73,30.95,23.67,6.31,6.11,22.66,0.46,1.56,2.08,46.98,6.31,4.68,0.45
 BOLD200808,Aug 14 2008 08:29:56,48 11.28 N,122 51.0 W,48.188,-122.850,P21,1.25,1.24,10.72,30.96,23.68,6.34,6.09,,,,,,,,
 BOLD200808,Aug 14 2008 08:29:56,48 11.28 N,122 51.0 W,48.188,-122.850,P21,4.80,4.76,10.29,31.26,23.98,5.71,4.64,24.55,0.42,1.20,2.19,48.99,5.60,3.27,0.40
 BOLD200808,Aug 14 2008 08:29:56,48 11.28 N,122 51.0 W,48.188,-122.850,P21,10.66,10.57,10.26,31.28,24.00,5.67,4.97,24.87,0.40,1.33,2.21,50.92,5.49,2.83,0.45
 BOLD200808,Aug 14 2008 08:29:56,48 11.28 N,122 51.0 W,48.188,-122.850,P21,20.44,20.27,10.04,31.46,24.18,5.45,5.02,25.91,0.38,1.03,2.27,50.74,5.18,3.38,0.54
 BOLD200808,Aug 14 2008 08:29:56,48 11.28 N,122 51.0 W,48.188,-122.850,P21,29.82,29.57,9.34,31.93,24.66,4.63,2.64,28.33,0.33,1.43,2.37,52.76,4.49,,
 BOLD200808,Aug 14 2008 08:29:56,48 11.28 N,122 51.0 W,48.188,-122.850,P21,50.54,50.11,8.61,32.46,25.19,3.89,1.91,30.95,0.24,0.66,2.52,56.26,3.75,1.11,0.29
 BOLD200808,Aug 14 2008 08:29:56,48 11.28 N,122 51.0 W,48.188,-122.850,P21,75.50,74.85,8.21,32.79,25.50,3.49,1.91,31.77,0.21,0.83,2.55,55.82,3.45,,
 BOLD200808,Aug 14 2008 10:37:18,48 22.5 N,122 43.02 W,48.375,-122.717,P26,1.07,1.07,10.81,30.19,23.07,5.89,4.35,22.82,0.31,1.00,2.07,51.02,5.73,1.51,1.47
 BOLD200808,Aug 14 2008 10:37:18,48 22.5 N,122 43.02 W,48.375,-122.717,P26,1.08,1.07,10.81,30.19,23.07,5.91,4.28,,,,,,,,
 BOLD200808,Aug 14 2008 10:37:18,48 22.5 N,122 43.02 W,48.375,-122.717,P26,5.18,5.13,10.60,30.37,23.24,5.70,3.90,23.98,0.30,0.85,2.16,51.72,5.39,1.48,0.28
 BOLD200808,Aug 14 2008 10:37:18,48 22.5 N,122 43.02 W,48.375,-122.717,P26,10.20,10.12,10.38,30.60,23.46,5.49,3.28,25.03,0.30,0.94,2.22,52.42,5.13,1.05,0.31
 BOLD200808,Aug 14 2008 10:37:18,48 22.5 N,122 43.02 W,48.375,-122.717,P26,19.71,19.55,10.00,30.93,23.78,5.10,2.73,25.81,0.30,0.94,2.26,52.69,4.91,0.73,0.33
 BOLD200808,Aug 14 2008 10:37:18,48 22.5 N,122 43.02 W,48.375,-122.717,P26,29.80,29.55,9.89,31.04,23.88,4.98,2.85,26.61,0.30,0.94,2.31,53.21,4.78,0.73,0.37
 BOLD200808,Aug 14 2008 10:37:18,48 22.5 N,122 43.02 W,48.375,-122.717,P26,50.60,50.17,9.00,31.97,24.75,4.19,2.60,30.03,0.27,0.75,2.49,57.15,3.85,1.09,0.37
 BOLD200808,Aug 14 2008 10:37:18,48 22.5 N,122 43.02 W,48.375,-122.717,P26,80.79,80.09,8.56,32.38,25.13,3.76,2.52,31.03,0.24,0.55,2.56,56.11,3.61,,
 BOLD200808,Aug 14 2008 10:37:18,48 22.5 N,122 43.02 W,48.375,-122.717,P26,97.06,96.22,8.46,32.48,25.23,3.61,2.76,31.15,0.24,0.80,2.54,56.28,3.57,,
 BOLD200808,Aug 14 2008 12:10:50,48 24.0 N,123 0.48 W,48.400,-123.008,P25,1.05,1.04,10.81,30.47,23.28,6.05,3.66,23.55,0.34,0.96,2.09,50.16,5.87,1.47,0.41
 BOLD200808,Aug 14 2008 12:10:50,48 24.0 N,123 0.48 W,48.400,-123.008,P25,4.97,4.93,10.77,30.48,23.30,5.98,3.51,23.67,0.34,1.03,2.10,51.56,5.87,1.61,0.50
 BOLD200808,Aug 14 2008 12:10:50,48 24.0 N,123 0.48 W,48.400,-123.008,P25,10.00,9.91,10.64,30.56,23.39,5.87,3.66,23.71,0.34,0.86,2.12,50.16,5.72,1.77,0.38
 BOLD200808,Aug 14 2008 12:10:50,48 24.0 N,123 0.48 W,48.400,-123.008,P25,20.78,20.61,10.49,30.70,23.51,5.73,3.42,24.71,0.32,0.77,2.18,52.88,5.46,1.31,0.48
 BOLD200808,Aug 14 2008 12:10:50,48 24.0 N,123 0.48 W,48.400,-123.008,P25,29.93,29.68,10.30,30.78,23.61,5.49,3.20,25.24,0.31,0.91,2.18,51.57,5.26,0.98,0.43
 BOLD200808,Aug 14 2008 12:10:50,48 24.0 N,123 0.48 W,48.400,-123.008,P25,50.44,50.01,9.90,31.12,23.94,5.02,3.18,27.02,0.30,0.68,2.28,52.45,4.82,0.82,0.32
 BOLD200808,Aug 14 2008 12:10:50,48 24.0 N,123 0.48 W,48.400,-123.008,P25,81.34,80.65,8.33,32.58,25.33,3.58,2.59,31.96,0.21,0.67,2.53,57.09,3.49,,
 BOLD200808,Aug 14 2008 12:10:50,48 24.0 N,123 0.48 W,48.400,-123.008,P25,122.05,120.98,7.72,33.15,25.86,2.97,2.66,33.92,0.17,0.17,2.66,56.74,2.99,,
 BOLD200808,Aug 14 2008 12:10:50,48 24.0 N,123 0.48 W,48.400,-123.008,P25,164.29,162.85,7.66,33.20,25.91,2.89,2.81,34.20,0.16,0.12,2.67,57.01,2.90,,
 BOLD200808,Aug 14 2008 14:03:33,48 16.32 N,123 1.2 W,48.272,-123.020,P22,1.02,1.02,10.99,30.13,22.99,6.53,5.04,21.81,0.31,0.73,2.01,50.46,6.27,2.75,0.37
 BOLD200808,Aug 14 2008 14:03:33,48 16.32 N,123 1.2 W,48.272,-123.020,P22,1.05,1.04,10.99,30.13,22.99,6.50,5.28,,,,,,,,
 BOLD200808,Aug 14 2008 14:03:33,48 16.32 N,123 1.2 W,48.272,-123.020,P22,4.87,4.83,10.95,30.18,23.03,6.27,4.69,22.10,0.31,1.04,2.03,52.12,6.18,2.54,0.38
 BOLD200808,Aug 14 2008 14:03:33,48 16.32 N,123 1.2 W,48.272,-123.020,P22,10.04,9.95,10.82,30.34,23.18,6.05,4.02,22.57,0.34,0.83,2.06,50.47,5.90,2.02,0.34
 BOLD200808,Aug 14 2008 14:03:33,48 16.32 N,123 1.2 W,48.272,-123.020,P22,20.66,20.49,10.64,30.63,23.43,5.85,4.04,23.04,0.37,1.05,2.10,49.51,5.74,1.63,0.29
 BOLD200808,Aug 14 2008 14:03:33,48 16.32 N,123 1.2 W,48.272,-123.020,P22,30.34,30.09,10.80,30.76,23.51,6.13,4.28,22.94,0.47,1.13,2.13,48.82,5.92,2.00,0.39
 BOLD200808,Aug 14 2008 14:03:33,48 16.32 N,123 1.2 W,48.272,-123.020,P22,50.06,49.64,8.84,32.22,24.97,4.12,3.04,29.98,0.24,0.60,2.46,53.96,3.92,0.60,0.27
 BOLD200808,Aug 14 2008 14:03:33,48 16.32 N,123 1.2 W,48.272,-123.020,P22,81.13,80.44,8.03,32.92,25.64,3.34,2.77,32.44,0.16,0.19,2.60,56.21,3.29,,
 BOLD200808,Aug 14 2008 14:03:33,48 16.32 N,123 1.2 W,48.272,-123.020,P22,108.16,107.23,7.90,33.03,25.74,3.13,2.57,32.69,0.15,0.36,2.65,57.62,3.12,,
 BOLD200808,Aug 14 2008 15:02:25,48 20.28 N,123 7.68 W,48.338,-123.128,P24,1.14,1.13,10.98,30.44,23.23,6.45,3.73,22.62,0.33,0.86,2.03,48.92,6.28,2.61,0.44
 BOLD200808,Aug 14 2008 15:02:25,48 20.28 N,123 7.68 W,48.338,-123.128,P24,5.11,5.07,10.91,30.47,23.27,6.36,3.31,22.82,0.34,0.89,2.03,48.93,6.14,1.94,0.33
 BOLD200808,Aug 14 2008 15:02:25,48 20.28 N,123 7.68 W,48.338,-123.128,P24,10.02,9.93,10.85,30.50,23.30,6.26,2.99,,,,,,6.11,,
 BOLD200808,Aug 14 2008 15:02:25,48 20.28 N,123 7.68 W,48.338,-123.128,P24,10.69,10.60,10.86,30.50,23.30,6.24,3.53,22.97,0.33,0.73,2.06,49.02,,1.69,0.45
 BOLD200808,Aug 14 2008 15:02:25,48 20.28 N,123 7.68 W,48.338,-123.128,P24,17.38,17.24,10.82,30.53,23.33,6.14,2.99,23.04,0.33,0.63,2.06,49.45,,2.07,0.18
 BOLD200808,Aug 14 2008 15:02:25,48 20.28 N,123 7.68 W,48.338,-123.128,P24,20.30,20.13,10.80,30.54,23.34,6.12,3.00,,,,,,5.93,,
 BOLD200808,Aug 14 2008 15:02:25,48 20.28 N,123 7.68 W,48.338,-123.128,P24,23.37,23.18,10.68,30.61,23.41,5.90,2.67,23.62,0.32,0.84,2.09,52.24,,1.37,0.35
 BOLD200808,Aug 14 2008 15:02:25,48 20.28 N,123 7.68 W,48.338,-123.128,P24,30.45,30.20,10.35,30.76,23.59,5.54,2.37,24.83,0.30,0.66,2.17,51.37,5.33,1.09,0.40
 BOLD200808,Aug 14 2008 15:02:25,48 20.28 N,123 7.68 W,48.338,-123.128,P24,37.45,37.13,10.12,30.94,23.76,5.28,2.12,25.52,0.28,0.63,2.20,52.16,,0.89,0.07
 BOLD200808,Aug 14 2008 15:02:25,48 20.28 N,123 7.68 W,48.338,-123.128,P24,50.27,49.84,9.51,31.42,24.24,4.63,1.70,27.45,0.25,0.47,2.32,53.81,4.52,0.57,0.30
 BOLD200808,Aug 14 2008 15:02:25,48 20.28 N,123 7.68 W,48.338,-123.128,P24,81.80,81.10,8.27,32.64,25.38,3.50,1.50,31.80,0.18,0.27,2.57,55.81,3.41,,
 BOLD200808,Aug 14 2008 15:02:25,48 20.28 N,123 7.68 W,48.338,-123.128,P24,114.33,113.34,7.33,33.46,26.16,2.42,1.50,34.25,0.10,0.15,2.70,58.42,2.41,,
 BOLD200808,Aug 14 2008 16:03:15,48 14.52 N,123 13.32 W,48.242,-123.222,P23,1.22,1.21,11.32,30.32,23.08,7.31,2.92,21.63,0.38,0.84,1.99,47.92,7.06,0.53,0.20
 BOLD200808,Aug 14 2008 16:03:15,48 14.52 N,123 13.32 W,48.242,-123.222,P23,1.24,1.23,11.32,30.32,23.08,7.26,2.80,,,,,,,,
 BOLD200808,Aug 14 2008 16:03:15,48 14.52 N,123 13.32 W,48.242,-123.222,P23,4.99,4.94,11.29,30.56,23.27,7.00,5.59,21.56,0.44,0.76,1.98,46.01,6.80,3.33,0.49
 BOLD200808,Aug 14 2008 16:03:15,48 14.52 N,123 13.32 W,48.242,-123.222,P23,9.91,9.83,11.05,30.86,23.55,6.65,7.20,22.13,0.47,0.68,2.02,45.41,6.34,4.34,0.51
 BOLD200808,Aug 14 2008 16:03:15,48 14.52 N,123 13.32 W,48.242,-123.222,P23,19.79,19.62,10.38,31.08,23.83,5.73,3.88,25.07,0.40,1.21,2.20,51.22,5.39,1.97,0.41
 BOLD200808,Aug 14 2008 16:03:15,48 14.52 N,123 13.32 W,48.242,-123.222,P23,30.39,30.14,9.37,31.70,24.48,4.60,2.04,28.05,0.29,0.79,2.35,52.61,4.48,0.91,0.23
 BOLD200808,Aug 14 2008 16:03:15,48 14.52 N,123 13.32 W,48.242,-123.222,P23,50.78,50.34,8.86,32.20,24.95,4.21,1.92,29.83,0.23,0.45,2.46,54.00,4.15,0.80,0.25
 BOLD200808,Aug 14 2008 16:03:15,48 14.52 N,123 13.32 W,48.242,-123.222,P23,83.56,82.84,8.05,32.82,25.56,3.19,1.45,32.77,0.16,0.55,2.59,57.39,3.14,,
 BOLD200808,Aug 14 2008 16:03:15,48 14.52 N,123 13.32 W,48.242,-123.222,P23,109.44,108.49,7.85,32.99,25.72,2.99,1.52,33.62,0.13,0.23,2.64,57.48,2.93,,
 BOLD200808,Aug 14 2008 16:03:15,48 14.52 N,123 13.32 W,48.242,-123.222,P23,143.85,142.59,7.47,33.35,26.06,2.64,1.53,34.68,0.10,0.19,2.70,58.26,2.60,,
 BOLD200808,Aug 14 2008 18:03:01,48 13.68 N,123 28.8 W,48.228,-123.480,P136,0.98,0.97,11.58,30.33,23.04,7.09,1.70,22.01,0.35,0.58,1.98,49.68,6.95,2.25,0.35
 BOLD200808,Aug 14 2008 18:03:01,48 13.68 N,123 28.8 W,48.228,-123.480,P136,4.59,4.56,11.39,30.33,23.07,7.04,3.08,22.00,0.35,0.73,1.95,48.73,6.87,2.00,0.51
 BOLD200808,Aug 14 2008 18:03:01,48 13.68 N,123 28.8 W,48.228,-123.480,P136,10.12,10.04,11.24,30.34,23.11,6.97,3.38,22.19,0.34,0.64,1.99,48.91,6.85,2.36,0.34
 BOLD200808,Aug 14 2008 18:03:01,48 13.68 N,123 28.8 W,48.228,-123.480,P136,20.46,20.29,11.14,30.38,23.16,6.82,3.61,22.28,0.35,0.68,1.99,48.74,6.61,3.03,0.85
 BOLD200808,Aug 14 2008 18:03:01,48 13.68 N,123 28.8 W,48.228,-123.480,P136,30.41,30.15,10.37,30.72,23.55,5.67,2.47,24.81,0.32,0.74,2.15,50.99,5.44,1.23,0.42
 BOLD200808,Aug 14 2008 18:03:01,48 13.68 N,123 28.8 W,48.228,-123.480,P136,50.55,50.12,9.49,31.52,24.32,4.73,1.63,27.98,0.27,0.56,2.30,53.07,4.62,3.66,0.46
 BOLD200808,Aug 14 2008 18:03:01,48 13.68 N,123 28.8 W,48.228,-123.480,P136,81.28,80.58,8.27,32.64,25.38,3.45,1.50,32.16,0.17,0.29,2.56,55.93,3.40,,
 BOLD200808,Aug 14 2008 18:03:01,48 13.68 N,123 28.8 W,48.228,-123.480,P136,121.32,120.27,7.25,33.58,26.26,2.48,1.34,35.33,0.07,0.15,2.71,58.09,2.42,,
 BOLD200808,Aug 14 2008 18:03:01,48 13.68 N,123 28.8 W,48.228,-123.480,P136,155.90,154.53,7.10,33.70,26.38,2.24,1.38,35.71,0.04,0.16,2.71,58.61,2.23,,
 BOLD200808,Aug 14 2008 19:31:24,48 13.86 N,123 43.92 W,48.231,-123.732,P133,1.15,1.14,10.86,19.67,14.90,5.28,3.52,,,,,,6.50,1.55,0.31
 BOLD200808,Aug 14 2008 19:31:24,48 13.86 N,123 43.92 W,48.231,-123.732,P133,1.18,1.17,10.82,15.28,11.49,5.25,3.61,,,,,,,,
 BOLD200808,Aug 14 2008 19:31:24,48 13.86 N,123 43.92 W,48.231,-123.732,P133,4.06,4.03,10.34,30.97,23.75,5.79,3.47,,,,,,5.76,1.53,0.41
 BOLD200808,Aug 14 2008 19:31:24,48 13.86 N,123 43.92 W,48.231,-123.732,P133,8.07,8.01,9.99,31.28,24.05,5.23,3.45,,,,,,5.21,1.69,0.41
 BOLD200808,Aug 14 2008 19:31:24,48 13.86 N,123 43.92 W,48.231,-123.732,P133,19.55,19.38,9.20,31.91,24.67,4.59,3.59,,,,,,4.45,0.64,0.31
 BOLD200808,Aug 14 2008 19:31:24,48 13.86 N,123 43.92 W,48.231,-123.732,P133,32.63,32.36,9.17,32.00,24.75,4.61,3.78,,,,,,4.51,1.09,0.34
 BOLD200808,Aug 14 2008 19:31:24,48 13.86 N,123 43.92 W,48.231,-123.732,P133,52.67,52.22,8.03,33.01,25.71,3.50,3.99,,,,,,3.36,0.43,0.28
 BOLD200808,Aug 14 2008 19:31:24,48 13.86 N,123 43.92 W,48.231,-123.732,P133,82.27,81.57,7.43,33.52,26.19,2.87,4.24,,,,,,2.82,,
 BOLD200808,Aug 14 2008 19:31:24,48 13.86 N,123 43.92 W,48.231,-123.732,P133,123.42,122.34,6.93,33.82,26.50,2.08,4.69,,,,,,2.05,,
 BOLD200808,Aug 14 2008 19:31:24,48 13.86 N,123 43.92 W,48.231,-123.732,P133,160.48,159.07,6.85,33.85,26.54,1.93,1.22,,,,,,1.92,,
 BOLD200808,Aug 15 2008 02:55:30,48 16.02 N,125 0.96 W,48.267,-125.016,P105,1.82,1.81,12.90,32.40,24.40,9.69,13.58,,,,,,,4.68,2.02
 BOLD200808,Aug 15 2008 02:55:30,48 16.02 N,125 0.96 W,48.267,-125.016,P105,1.84,1.82,12.93,32.39,24.39,9.68,13.14,12.97,0.10,0.61,1.16,41.93,,5.40,2.16
 BOLD200808,Aug 15 2008 02:55:30,48 16.02 N,125 0.96 W,48.267,-125.016,P105,2.37,2.35,12.90,32.40,24.40,9.69,13.69,12.90,0.10,0.81,1.17,41.85,,,
 BOLD200808,Aug 15 2008 02:55:30,48 16.02 N,125 0.96 W,48.267,-125.016,P105,4.57,4.53,12.91,32.40,24.39,9.67,13.66,12.93,0.11,0.32,1.09,42.01,,5.55,1.97
 BOLD200808,Aug 15 2008 02:55:30,48 16.02 N,125 0.96 W,48.267,-125.016,P105,7.06,7.00,12.57,32.45,24.50,9.72,13.85,13.27,0.08,0.42,1.14,42.69,,4.92,1.89
 BOLD200808,Aug 15 2008 02:55:30,48 16.02 N,125 0.96 W,48.267,-125.016,P105,9.38,9.30,12.14,32.50,24.62,9.71,15.48,15.57,0.05,0.09,1.35,46.02,,5.10,1.89
 BOLD200808,Aug 15 2008 02:55:30,48 16.02 N,125 0.96 W,48.267,-125.016,P105,14.23,14.12,10.13,32.67,25.12,6.70,9.16,22.63,0.32,0.00,1.81,49.17,,3.12,1.50
 BOLD200808,Aug 15 2008 03:53:47,48 16.08 N,125 1.08 W,48.268,-125.018,P105,1.67,1.65,12.46,32.49,24.55,9.63,13.19,15.38,0.09,0.11,1.29,45.24,9.09,4.38,1.71
 BOLD200808,Aug 15 2008 03:53:47,48 16.08 N,125 1.08 W,48.268,-125.018,P105,5.68,5.63,10.36,32.68,25.08,7.32,10.45,23.39,0.23,0.00,1.84,49.16,6.62,3.36,1.86
 BOLD200808,Aug 15 2008 03:53:47,48 16.08 N,125 1.08 W,48.268,-125.018,P105,9.73,9.65,9.26,32.82,25.37,5.44,6.09,28.30,0.31,0.00,2.20,50.61,4.85,1.33,1.00
 BOLD200808,Aug 15 2008 03:53:47,48 16.08 N,125 1.08 W,48.268,-125.018,P105,19.98,19.81,7.99,33.15,25.82,3.81,2.23,32.04,0.14,0.22,2.44,51.37,3.70,0.44,0.38
 BOLD200808,Aug 15 2008 03:53:47,48 16.08 N,125 1.08 W,48.268,-125.018,P105,29.65,29.40,7.60,33.32,26.01,3.45,1.56,32.85,0.08,0.10,2.53,52.14,3.41,0.27,0.38
 BOLD200808,Aug 15 2008 03:53:47,48 16.08 N,125 1.08 W,48.268,-125.018,P105,50.07,49.64,7.11,33.58,26.28,2.53,1.22,35.15,0.04,0.00,2.70,57.25,2.48,0.14,0.32
 BOLD200808,Aug 15 2008 03:53:47,48 16.08 N,125 1.08 W,48.268,-125.018,P105,80.82,80.12,6.77,33.80,26.51,1.83,1.08,37.19,0.02,0.07,2.85,61.51,1.86,,
 BOLD200808,Aug 15 2008 03:53:47,48 16.08 N,125 1.08 W,48.268,-125.018,P105,121.18,120.13,6.68,33.89,26.59,1.70,1.06,37.37,0.05,0.05,2.84,63.12,1.70,,
 BOLD200808,Aug 15 2008 03:53:47,48 16.08 N,125 1.08 W,48.268,-125.018,P105,170.92,169.42,6.66,33.90,26.60,1.62,1.09,37.46,0.06,0.09,2.88,63.88,1.61,,
 BOLD200808,Aug 15 2008 03:53:47,48 16.08 N,125 1.08 W,48.268,-125.018,P105,223.48,221.48,6.65,33.95,26.64,1.77,1.10,37.00,0.06,,2.85,62.94,1.78,,
 BOLD200808,Aug 15 2008 03:53:47,48 16.08 N,125 1.08 W,48.268,-125.018,P105,283.82,281.25,6.64,33.97,26.66,1.75,1.06,36.50,0.05,0.01,2.81,63.45,1.79,,
 BOLD200808,Aug 15 2008 03:53:47,48 16.08 N,125 1.08 W,48.268,-125.018,P105,325.47,322.49,6.65,33.97,26.66,1.76,1.07,36.72,0.05,0.10,2.81,63.10,1.77,,
 BOLD200808,Aug 15 2008 05:38:56,48 22.02 N,124 53.64 W,48.367,-124.894,P111,1.40,1.39,13.91,32.31,24.12,9.95,12.91,6.22,0.15,0.00,0.68,28.16,9.79,4.31,1.70
 BOLD200808,Aug 15 2008 05:38:56,48 22.02 N,124 53.64 W,48.367,-124.894,P111,4.84,4.80,12.90,32.30,24.32,9.75,10.91,11.41,0.23,0.52,1.07,37.36,9.30,3.90,2.69
 BOLD200808,Aug 15 2008 05:38:56,48 22.02 N,124 53.64 W,48.367,-124.894,P111,10.09,10.00,11.61,32.42,24.66,8.59,8.95,14.91,0.24,0.00,1.24,41.45,8.48,3.72,1.87
 BOLD200808,Aug 15 2008 05:38:56,48 22.02 N,124 53.64 W,48.367,-124.894,P111,20.10,19.93,9.91,32.66,25.14,6.38,5.66,23.90,0.45,0.01,1.91,47.58,6.20,2.18,1.27
 BOLD200808,Aug 15 2008 05:38:56,48 22.02 N,124 53.64 W,48.367,-124.894,P111,29.60,29.35,8.54,33.03,25.65,4.38,2.62,29.62,0.40,0.00,2.30,51.15,4.46,0.61,0.63
 BOLD200808,Aug 15 2008 05:38:56,48 22.02 N,124 53.64 W,48.367,-124.894,P111,50.28,49.85,7.21,33.55,26.25,2.54,1.24,34.93,0.08,0.05,2.68,56.26,2.69,0.15,0.23
 BOLD200808,Aug 15 2008 05:38:56,48 22.02 N,124 53.64 W,48.367,-124.894,P111,81.34,80.64,6.91,33.79,26.48,2.20,1.07,35.31,0.08,0.00,2.67,57.96,2.20,,
 BOLD200808,Aug 15 2008 05:38:56,48 22.02 N,124 53.64 W,48.367,-124.894,P111,120.74,119.69,6.78,33.90,26.59,1.88,1.06,36.40,0.05,0.05,2.75,59.91,1.87,,
 BOLD200808,Aug 15 2008 05:38:56,48 22.02 N,124 53.64 W,48.367,-124.894,P111,173.51,171.98,6.73,33.91,26.60,1.83,1.02,36.52,0.07,0.00,2.75,60.84,1.83,,
 BOLD200808,Aug 15 2008 05:38:56,48 22.02 N,124 53.64 W,48.367,-124.894,P111,224.02,222.02,6.68,33.92,26.62,1.72,1.05,37.11,0.05,0.00,2.83,62.80,1.75,,
 BOLD200808,Aug 15 2008 05:38:56,48 22.02 N,124 53.64 W,48.367,-124.894,P111,281.74,279.19,6.64,33.94,26.64,1.74,1.06,36.72,0.08,0.00,2.80,63.56,1.73,,
 BOLD200808,Aug 15 2008 05:38:56,48 22.02 N,124 53.64 W,48.367,-124.894,P111,334.15,331.08,6.62,33.97,26.66,1.77,1.05,37.01,0.06,0.19,2.83,64.57,1.78,,
 BOLD200808,Aug 15 2008 07:12:53,48 25.98 N,124 49.2 W,48.433,-124.820,P119,1.97,1.96,10.75,31.99,24.47,6.60,2.94,22.83,0.29,1.15,2.00,48.56,6.39,0.94,0.39
 BOLD200808,Aug 15 2008 07:12:53,48 25.98 N,124 49.2 W,48.433,-124.820,P119,4.93,4.89,10.68,32.21,24.66,6.45,3.11,22.85,0.26,1.23,1.97,49.16,6.09,1.07,0.45
 BOLD200808,Aug 15 2008 07:12:53,48 25.98 N,124 49.2 W,48.433,-124.820,P119,9.76,9.68,9.43,33.06,25.53,4.78,2.69,21.26,0.26,1.38,1.88,47.88,6.15,0.95,0.51
 BOLD200808,Aug 15 2008 07:12:53,48 25.98 N,124 49.2 W,48.433,-124.820,P119,19.99,19.82,7.84,33.56,26.17,2.89,1.56,30.94,0.13,0.51,2.53,53.66,2.97,0.36,0.56
 BOLD200808,Aug 15 2008 07:12:53,48 25.98 N,124 49.2 W,48.433,-124.820,P119,30.50,30.24,7.45,33.57,26.23,3.63,1.12,32.10,0.10,0.72,2.36,46.76,3.61,0.39,1.09
 BOLD200808,Aug 15 2008 07:12:53,48 25.98 N,124 49.2 W,48.433,-124.820,P119,50.42,50.00,7.12,33.65,26.34,2.97,1.04,33.50,0.05,0.33,2.56,51.35,2.99,0.68,1.76
 BOLD200808,Aug 15 2008 07:12:53,48 25.98 N,124 49.2 W,48.433,-124.820,P119,79.93,79.25,7.03,33.80,26.47,2.41,1.04,35.27,0.04,0.11,2.67,55.35,2.45,,
 BOLD200808,Aug 15 2008 07:12:53,48 25.98 N,124 49.2 W,48.433,-124.820,P119,120.47,119.43,6.83,33.89,26.57,2.00,1.06,36.26,0.07,0.40,2.74,59.26,2.01,,
 BOLD200808,Aug 15 2008 07:12:53,48 25.98 N,124 49.2 W,48.433,-124.820,P119,171.36,169.85,6.77,33.91,26.60,1.87,1.02,36.58,0.07,0.08,2.79,61.04,1.86,,
 BOLD200808,Aug 15 2008 07:12:53,48 25.98 N,124 49.2 W,48.433,-124.820,P119,221.69,219.72,6.76,33.92,26.60,1.85,1.05,36.65,0.07,0.01,2.78,60.69,1.88,,
 BOLD200808,Aug 15 2008 07:12:53,48 25.98 N,124 49.2 W,48.433,-124.820,P119,283.05,280.49,6.67,33.95,26.64,1.77,1.05,36.92,0.04,0.19,2.82,62.13,1.77,,
 BOLD200808,Aug 15 2008 07:12:53,48 25.98 N,124 49.2 W,48.433,-124.820,P119,312.90,310.04,6.68,33.96,26.64,1.73,1.05,36.56,0.04,0.03,2.78,62.55,1.78,,
 BOLD200808,Aug 15 2008 07:57:05,48 26.04 N,124 49.2 W,48.434,-124.820,P119,11.34,11.25,10.20,32.78,25.19,6.04,3.11,,,,,,,,
 BOLD200808,Aug 15 2008 08:51:14,48 28.02 N,124 46.98 W,48.467,-124.783,P120,1.45,1.44,11.48,31.20,23.73,7.56,3.00,,,,,,,,
 BOLD200808,Aug 15 2008 08:51:14,48 28.02 N,124 46.98 W,48.467,-124.783,P120,1.53,1.52,11.40,31.25,23.79,7.46,3.05,22.24,0.34,1.01,1.99,46.82,7.30,1.18,0.30
 BOLD200808,Aug 15 2008 08:51:14,48 28.02 N,124 46.98 W,48.467,-124.783,P120,5.00,4.96,10.09,32.13,24.70,5.89,3.06,24.76,0.29,0.76,2.12,48.52,6.01,0.98,0.33
 BOLD200808,Aug 15 2008 08:51:14,48 28.02 N,124 46.98 W,48.467,-124.783,P120,11.36,11.26,9.33,32.79,25.34,4.77,2.56,26.20,0.24,0.65,2.21,49.62,5.08,0.99,0.42
 BOLD200808,Aug 15 2008 08:51:14,48 28.02 N,124 46.98 W,48.467,-124.783,P120,20.14,19.97,7.91,33.42,26.04,3.26,1.67,30.93,0.17,0.41,2.48,52.76,3.32,0.45,0.48
 BOLD200808,Aug 15 2008 08:51:14,48 28.02 N,124 46.98 W,48.467,-124.783,P120,29.29,29.04,7.61,33.57,26.21,2.70,1.52,32.38,0.14,0.24,2.62,55.81,2.68,0.32,0.46
 BOLD200808,Aug 15 2008 08:51:14,48 28.02 N,124 46.98 W,48.467,-124.783,P120,51.08,50.65,7.16,33.82,26.47,1.52,1.17,35.52,0.10,0.11,2.86,62.27,1.59,0.14,0.42
 BOLD200808,Aug 15 2008 08:51:14,48 28.02 N,124 46.98 W,48.467,-124.783,P120,79.59,78.91,7.01,33.85,26.51,1.62,1.11,35.93,0.08,0.14,2.85,61.84,1.69,,
 BOLD200808,Aug 15 2008 08:51:14,48 28.02 N,124 46.98 W,48.467,-124.783,P120,122.43,121.36,6.92,33.85,26.53,1.87,1.05,36.07,0.08,0.14,2.78,59.62,1.97,,
 BOLD200808,Aug 15 2008 08:51:14,48 28.02 N,124 46.98 W,48.467,-124.783,P120,169.05,167.56,6.76,33.94,26.62,1.59,1.03,36.67,0.04,0.20,2.85,62.08,1.63,,
 BOLD200808,Aug 15 2008 08:51:14,48 28.02 N,124 46.98 W,48.467,-124.783,P120,232.24,230.16,6.76,33.95,26.63,1.55,1.04,36.88,0.04,0.06,2.88,62.93,1.57,,
 BOLD200808,Aug 15 2008 08:51:14,48 28.02 N,124 46.98 W,48.467,-124.783,P120,289.66,287.03,6.72,33.96,26.64,1.62,1.04,36.95,0.03,0.19,2.85,62.75,1.62,,
 BOLD200808,Aug 15 2008 10:38:49,48 28.38 N,124 41.28 W,48.473,-124.688,P122,1.03,1.02,11.54,30.65,23.30,7.46,2.21,21.51,0.38,1.22,1.96,48.33,7.29,0.78,0.17
 BOLD200808,Aug 15 2008 10:38:49,48 28.38 N,124 41.28 W,48.473,-124.688,P122,4.24,4.20,11.55,30.65,23.30,7.42,2.22,21.58,0.38,1.09,1.98,50.54,7.27,0.73,0.14
 BOLD200808,Aug 15 2008 10:38:49,48 28.38 N,124 41.28 W,48.473,-124.688,P122,10.26,10.17,10.25,31.33,24.04,6.03,3.06,25.26,0.34,0.68,2.16,50.01,5.86,1.01,0.27
 BOLD200808,Aug 15 2008 10:38:49,48 28.38 N,124 41.28 W,48.473,-124.688,P122,19.45,19.28,9.16,32.21,24.91,4.92,1.97,29.29,0.31,0.69,2.38,53.84,4.86,0.47,0.19
 BOLD200808,Aug 15 2008 10:38:49,48 28.38 N,124 41.28 W,48.473,-124.688,P122,30.63,30.37,8.70,32.68,25.35,4.51,1.82,30.55,0.29,0.15,2.44,53.57,4.47,0.43,0.28
 BOLD200808,Aug 15 2008 10:38:49,48 28.38 N,124 41.28 W,48.473,-124.688,P122,50.18,49.76,7.52,33.51,26.17,3.28,1.23,31.10,0.16,0.16,2.48,50.82,3.34,0.18,0.42
 BOLD200808,Aug 15 2008 10:38:49,48 28.38 N,124 41.28 W,48.473,-124.688,P122,80.31,79.62,7.42,33.67,26.31,2.47,1.24,33.41,0.09,0.08,2.70,57.38,2.47,,
 BOLD200808,Aug 15 2008 10:38:49,48 28.38 N,124 41.28 W,48.473,-124.688,P122,124.07,122.99,7.13,33.84,26.48,2.41,0.98,34.75,0.03,0.00,2.66,54.71,2.38,,
 BOLD200808,Aug 15 2008 10:38:49,48 28.38 N,124 41.28 W,48.473,-124.688,P122,169.65,168.16,6.80,33.94,26.61,1.59,1.00,37.31,0.04,0.05,2.85,61.57,1.64,,
 BOLD200808,Aug 15 2008 10:38:49,48 28.38 N,124 41.28 W,48.473,-124.688,P122,208.85,206.99,6.80,33.95,26.62,1.42,1.03,37.53,0.02,0.08,2.93,64.40,1.42,,
 BOLD200808,Aug 15 2008 10:38:49,48 28.38 N,124 41.28 W,48.473,-124.688,P122,252.60,250.32,6.74,33.95,26.63,1.53,0.98,37.54,0.00,0.02,2.89,64.04,1.53,,
 BOLD200808,Aug 15 2008 13:10:31,48 23.88 N,124 25.98 W,48.398,-124.433,P123,1.11,1.10,12.77,30.34,22.83,8.12,1.92,,,,,,7.66,1.03,0.15
 BOLD200808,Aug 15 2008 13:10:31,48 23.88 N,124 25.98 W,48.398,-124.433,P123,1.38,1.36,12.75,30.35,22.84,8.12,1.97,20.19,0.38,1.31,1.88,46.21,,,
 BOLD200808,Aug 15 2008 13:10:31,48 23.88 N,124 25.98 W,48.398,-124.433,P123,5.71,5.66,11.48,30.64,23.30,7.61,2.27,20.70,0.37,1.27,1.89,45.77,7.33,0.96,0.13
 BOLD200808,Aug 15 2008 13:10:31,48 23.88 N,124 25.98 W,48.398,-124.433,P123,9.64,9.56,10.56,31.14,23.85,6.36,2.70,24.67,0.32,0.69,2.11,49.33,6.11,1.13,0.22
 BOLD200808,Aug 15 2008 13:10:31,48 23.88 N,124 25.98 W,48.398,-124.433,P123,19.61,19.45,9.60,31.74,24.47,5.22,2.04,27.67,0.29,0.41,2.28,51.44,5.28,0.96,0.22
 BOLD200808,Aug 15 2008 13:10:31,48 23.88 N,124 25.98 W,48.398,-124.433,P123,29.36,29.12,9.08,32.30,24.99,4.91,1.56,29.93,0.27,0.39,2.42,53.72,4.74,0.37,0.16
 BOLD200808,Aug 15 2008 13:10:31,48 23.88 N,124 25.98 W,48.398,-124.433,P123,49.98,49.56,7.83,33.20,25.88,4.62,1.27,28.48,0.19,0.25,2.28,45.97,4.51,0.21,0.34
 BOLD200808,Aug 15 2008 13:10:31,48 23.88 N,124 25.98 W,48.398,-124.433,P123,81.13,80.44,7.32,33.68,26.34,2.50,1.10,33.87,0.16,0.02,2.67,54.63,2.52,,
 BOLD200808,Aug 15 2008 13:10:31,48 23.88 N,124 25.98 W,48.398,-124.433,P123,121.41,120.35,7.00,33.89,26.55,1.09,1.04,36.62,0.05,0.00,3.01,66.00,1.09,,
 BOLD200808,Aug 15 2008 13:10:31,48 23.88 N,124 25.98 W,48.398,-124.433,P123,171.81,170.30,6.97,33.91,26.56,1.18,1.05,37.01,0.01,0.02,3.00,65.64,1.13,,
 BOLD200808,Aug 15 2008 13:10:31,48 23.88 N,124 25.98 W,48.398,-124.433,P123,226.93,224.90,6.97,33.91,26.56,1.21,1.03,37.04,0.00,0.00,2.98,65.62,1.20,,
 BOLD200808,Aug 15 2008 15:35:13,48 21.12 N,124 15.96 W,48.352,-124.266,P128,0.69,0.69,11.58,30.64,23.28,7.04,2.84,23.27,0.33,0.56,2.04,49.52,6.60,2.04,0.32
 BOLD200808,Aug 15 2008 15:35:13,48 21.12 N,124 15.96 W,48.352,-124.266,P128,1.35,1.34,11.59,30.64,23.28,7.07,2.86,,,,,,,,
 BOLD200808,Aug 15 2008 15:35:13,48 21.12 N,124 15.96 W,48.352,-124.266,P128,4.80,4.76,10.90,30.87,23.58,6.44,3.13,,,,,,6.27,1.70,0.28
 BOLD200808,Aug 15 2008 15:35:13,48 21.12 N,124 15.96 W,48.352,-124.266,P128,9.81,9.73,10.78,30.91,23.63,6.36,3.72,24.13,0.32,0.59,2.08,50.26,6.26,2.24,0.32
 BOLD200808,Aug 15 2008 15:35:13,48 21.12 N,124 15.96 W,48.352,-124.266,P128,19.86,19.70,10.30,31.33,24.03,6.09,3.77,25.18,0.31,0.41,2.14,49.49,5.94,2.87,0.33
 BOLD200808,Aug 15 2008 15:35:13,48 21.12 N,124 15.96 W,48.352,-124.266,P128,30.04,29.79,9.47,31.99,24.69,5.27,2.64,28.14,0.28,0.60,2.28,51.08,5.07,1.22,0.26
 BOLD200808,Aug 15 2008 15:35:13,48 21.12 N,124 15.96 W,48.352,-124.266,P128,51.76,51.32,8.07,32.97,25.67,3.55,1.37,33.10,0.23,0.05,2.61,56.15,3.52,0.40,0.29
 BOLD200808,Aug 15 2008 15:35:13,48 21.12 N,124 15.96 W,48.352,-124.266,P128,81.03,80.33,7.37,33.66,26.31,2.82,1.06,32.43,0.17,0.73,2.57,50.97,2.86,,
 BOLD200808,Aug 15 2008 15:35:13,48 21.12 N,124 15.96 W,48.352,-124.266,P128,122.41,121.34,6.99,33.87,26.53,1.77,0.99,36.45,0.07,0.00,2.84,60.35,1.75,,
 BOLD200808,Aug 15 2008 15:35:13,48 21.12 N,124 15.96 W,48.352,-124.266,P128,172.60,171.08,6.92,33.90,26.56,1.98,0.96,36.46,0.05,0.00,2.79,57.71,1.91,,
 BOLD200808,Aug 15 2008 15:35:13,48 21.12 N,124 15.96 W,48.352,-124.266,P128,220.47,218.50,6.90,33.90,26.57,2.00,0.96,36.46,0.04,0.00,2.77,57.86,1.96,,
 BOLD200808,Aug 15 2008 17:13:49,48 17.94 N,124 5.94 W,48.299,-124.099,P131,0.94,0.93,11.30,30.60,23.30,7.00,2.26,,,,,,,,
 BOLD200808,Aug 15 2008 17:13:49,48 17.94 N,124 5.94 W,48.299,-124.099,P131,1.05,1.04,11.29,30.60,23.30,7.00,2.26,22.75,0.33,0.73,1.99,48.28,6.83,1.94,0.33
 BOLD200808,Aug 15 2008 17:13:49,48 17.94 N,124 5.94 W,48.299,-124.099,P131,4.99,4.95,10.96,30.70,23.43,6.58,4.06,23.14,0.34,0.57,2.04,48.52,6.49,1.91,0.46
 BOLD200808,Aug 15 2008 17:13:49,48 17.94 N,124 5.94 W,48.299,-124.099,P131,9.66,9.58,10.59,30.83,23.60,6.12,3.51,24.18,0.33,0.62,2.10,50.02,5.94,1.90,0.41
 BOLD200808,Aug 15 2008 17:13:49,48 17.94 N,124 5.94 W,48.299,-124.099,P131,20.09,19.92,10.24,31.07,23.84,5.70,2.64,25.30,0.32,0.53,2.17,50.94,5.52,1.71,0.19
 BOLD200808,Aug 15 2008 17:13:49,48 17.94 N,124 5.94 W,48.299,-124.099,P131,30.59,30.33,9.72,31.65,24.39,5.30,3.45,26.76,0.30,0.52,2.28,50.75,5.18,2.18,0.47
 BOLD200808,Aug 15 2008 17:13:49,48 17.94 N,124 5.94 W,48.299,-124.099,P131,50.46,50.03,8.53,32.66,25.36,4.13,1.38,31.84,0.25,0.46,2.51,54.11,4.04,1.97,1.29
 BOLD200808,Aug 15 2008 17:13:49,48 17.94 N,124 5.94 W,48.299,-124.099,P131,80.49,79.80,7.52,33.44,26.12,3.72,1.05,31.33,0.10,0.11,2.42,47.52,3.70,,
 BOLD200808,Aug 15 2008 17:13:49,48 17.94 N,124 5.94 W,48.299,-124.099,P131,121.00,119.95,7.12,33.81,26.47,2.17,1.00,35.33,0.05,0.00,2.73,55.68,2.13,,
 BOLD200808,Aug 15 2008 17:13:49,48 17.94 N,124 5.94 W,48.299,-124.099,P131,173.96,172.43,6.84,33.88,26.56,2.02,0.94,36.71,0.03,0.00,2.80,58.45,2.01,,
 BOLD200808,Aug 15 2008 17:13:49,48 17.94 N,124 5.94 W,48.299,-124.099,P131,191.20,189.51,6.84,33.88,26.56,2.02,0.97,36.41,0.03,0.03,2.73,58.10,2.00,,
 BOLD200808,Aug 15 2008 18:41:03,48 16.32 N,123 58.8 W,48.272,-123.980,P132,0.50,0.50,11.21,30.60,23.32,6.60,1.63,,,,,,,,
 BOLD200808,Aug 15 2008 18:41:03,48 16.32 N,123 58.8 W,48.272,-123.980,P132,0.57,0.56,11.34,30.59,23.28,6.63,1.62,,,,,,,,
 BOLD200808,Aug 15 2008 18:41:03,48 16.32 N,123 58.8 W,48.272,-123.980,P132,1.29,1.27,11.04,30.64,23.38,6.78,1.63,23.19,0.30,0.41,2.02,50.03,6.69,2.06,0.29
 BOLD200808,Aug 15 2008 18:41:03,48 16.32 N,123 58.8 W,48.272,-123.980,P132,1.36,1.35,11.27,30.60,23.30,6.72,1.61,,,,,,,,
 BOLD200808,Aug 15 2008 18:41:03,48 16.32 N,123 58.8 W,48.272,-123.980,P132,4.87,4.83,10.86,30.94,23.64,6.17,1.57,24.87,0.30,0.47,2.13,50.69,6.01,1.37,0.25
 BOLD200808,Aug 15 2008 18:41:03,48 16.32 N,123 58.8 W,48.272,-123.980,P132,9.87,9.79,10.42,31.17,23.89,6.04,4.52,25.11,0.30,0.47,2.16,50.01,5.85,2.33,0.40
 BOLD200808,Aug 15 2008 18:41:03,48 16.32 N,123 58.8 W,48.272,-123.980,P132,20.15,19.98,10.39,31.21,23.93,6.04,4.32,24.78,0.30,0.94,2.07,49.07,5.80,,
 BOLD200808,Aug 15 2008 18:41:03,48 16.32 N,123 58.8 W,48.272,-123.980,P132,29.91,29.66,9.76,31.86,24.54,5.52,3.36,26.70,0.27,0.46,2.23,50.06,5.46,2.06,0.30
 BOLD200808,Aug 15 2008 18:41:03,48 16.32 N,123 58.8 W,48.272,-123.980,P132,51.86,51.42,8.09,32.93,25.64,3.51,1.21,33.11,0.17,0.00,1.85,55.76,3.58,0.20,0.21
 BOLD200808,Aug 15 2008 18:41:03,48 16.32 N,123 58.8 W,48.272,-123.980,P132,84.22,83.50,7.32,33.65,26.31,3.33,1.05,32.65,0.05,0.11,2.46,49.70,3.28,,
 BOLD200808,Aug 15 2008 18:41:03,48 16.32 N,123 58.8 W,48.272,-123.980,P132,115.13,114.13,6.93,33.85,26.52,2.24,0.93,35.87,0.04,0.00,2.75,56.48,2.29,,
 BOLD200808,Aug 15 2008 18:41:03,48 16.32 N,123 58.8 W,48.272,-123.980,P132,180.99,179.39,6.86,33.87,26.55,2.02,0.93,36.56,0.02,0.00,2.79,58.90,2.06,,
 BOLD200808,Aug 15 2008 19:42:56,48 16.44 N,123 59.28 W,48.274,-123.988,P132,1.55,1.53,10.87,30.81,23.53,6.36,2.57,,,,,,,,
 BOLD200808,Aug 15 2008 19:42:56,48 16.44 N,123 59.28 W,48.274,-123.988,P132,1.62,1.61,10.93,30.79,23.51,6.29,2.78,,,,,,,,
 BOLD200808,Aug 15 2008 19:42:56,48 16.44 N,123 59.28 W,48.274,-123.988,P132,1.93,1.91,10.96,30.79,23.50,6.28,2.75,,,,,,,,
 BOLD200808,Aug 15 2008 19:42:56,48 16.44 N,123 59.28 W,48.274,-123.988,P132,1.96,1.95,10.96,30.79,23.51,6.34,2.45,,,,,,,,
 BOLD200808,Aug 15 2008 19:42:56,48 16.44 N,123 59.28 W,48.274,-123.988,P132,2.01,1.99,10.88,30.80,23.53,6.35,2.73,,,,,,,,
 BOLD200808,Aug 15 2008 19:42:56,48 16.44 N,123 59.28 W,48.274,-123.988,P132,2.12,2.10,10.96,30.78,23.50,6.32,2.71,,,,,,,,
 BOLD200808,Aug 11 2008 23:25:42,47 33.42 N,122 26.4 W,47.557,-122.440,P29,1.14,1.13,14.80,29.12,21.48,11.49,4.91,10.54,0.62,0.64,1.29,33.64,8.71,6.14,1.19
 BOLD200808,Aug 11 2008 23:25:42,47 33.42 N,122 26.4 W,47.557,-122.440,P29,4.76,4.72,12.08,29.60,22.38,7.99,6.73,14.17,0.64,0.42,1.54,35.87,7.54,,
 BOLD200808,Aug 11 2008 23:25:42,47 33.42 N,122 26.4 W,47.557,-122.440,P29,9.76,9.67,11.80,29.63,22.46,7.47,4.78,19.51,0.73,0.71,1.90,40.28,7.20,3.70,0.71
 BOLD200808,Aug 11 2008 23:25:42,47 33.42 N,122 26.4 W,47.557,-122.440,P29,20.98,20.80,11.73,29.64,22.48,7.28,4.26,23.62,0.86,3.38,2.28,44.51,6.95,4.09,0.72
 BOLD200808,Aug 11 2008 23:25:42,47 33.42 N,122 26.4 W,47.557,-122.440,P29,31.05,30.79,11.52,29.69,22.55,6.88,2.84,24.42,0.92,2.08,2.29,45.35,6.51,1.93,0.76
 BOLD200808,Aug 11 2008 23:25:42,47 33.42 N,122 26.4 W,47.557,-122.440,P29,51.49,51.05,10.91,30.02,22.91,5.99,2.05,21.14,0.76,0.83,2.02,41.67,5.80,0.91,0.57
 BOLD200808,Aug 11 2008 23:25:42,47 33.42 N,122 26.4 W,47.557,-122.440,P29,80.55,79.86,10.94,30.15,23.02,5.98,1.66,24.41,1.02,1.89,2.28,46.50,5.80,,
 BOLD200808,Aug 11 2008 23:25:42,47 33.42 N,122 26.4 W,47.557,-122.440,P29,122.03,120.97,10.98,30.24,23.07,6.01,1.38,23.79,0.92,2.94,2.27,46.99,5.90,,
 BOLD200808,Aug 11 2008 23:25:42,47 33.42 N,122 26.4 W,47.557,-122.440,P29,172.03,170.51,10.97,30.38,23.19,5.91,1.69,23.85,0.82,3.11,2.29,47.83,5.78,,
 BOLD200808,Aug 11 2008 23:25:42,47 33.42 N,122 26.4 W,47.557,-122.440,P29,229.26,227.21,10.95,30.46,23.25,5.92,2.60,24.36,0.69,3.07,2.33,48.75,5.81,,
 BOLD200808,Aug 12 2008 01:04:05,47 27.42 N,122 24.48 W,47.457,-122.408,P30,1.09,1.08,13.82,29.10,21.67,12.24,10.43,4.44,0.44,0.16,0.70,20.01,11.94,7.43,5.85
 BOLD200808,Aug 12 2008 01:04:05,47 27.42 N,122 24.48 W,47.457,-122.408,P30,2.96,2.94,13.73,29.12,21.70,12.02,13.62,9.34,0.62,0.25,1.09,26.88,,10.60,2.29
 BOLD200808,Aug 12 2008 01:04:05,47 27.42 N,122 24.48 W,47.457,-122.408,P30,5.28,5.23,12.98,29.45,22.10,10.31,15.01,13.56,0.72,0.34,1.38,35.24,8.98,9.56,1.63
 BOLD200808,Aug 12 2008 01:04:05,47 27.42 N,122 24.48 W,47.457,-122.408,P30,10.06,9.97,12.30,29.58,22.33,8.15,5.65,17.80,0.78,0.53,1.70,39.99,8.03,4.57,0.83
 BOLD200808,Aug 12 2008 01:04:05,47 27.42 N,122 24.48 W,47.457,-122.408,P30,12.20,12.10,12.23,29.58,22.34,8.05,6.77,18.95,0.77,0.43,1.78,39.20,,4.29,0.90
 BOLD200808,Aug 12 2008 01:04:05,47 27.42 N,122 24.48 W,47.457,-122.408,P30,20.15,19.98,11.38,29.72,22.60,6.68,2.77,23.04,0.82,0.08,2.05,44.12,6.39,1.92,0.60
 BOLD200808,Aug 12 2008 01:04:05,47 27.42 N,122 24.48 W,47.457,-122.408,P30,30.75,30.49,11.23,29.78,22.67,6.46,2.50,23.93,0.69,,2.10,45.70,6.27,1.23,0.51
 BOLD200808,Aug 12 2008 01:04:05,47 27.42 N,122 24.48 W,47.457,-122.408,P30,50.57,50.14,10.85,29.92,22.85,5.99,1.83,25.22,0.28,,2.18,46.05,5.95,0.90,0.53
 BOLD200808,Aug 12 2008 01:04:05,47 27.42 N,122 24.48 W,47.457,-122.408,P30,81.23,80.54,10.85,30.16,23.04,5.85,1.64,23.72,0.93,0.97,2.18,47.54,5.78,,
 BOLD200808,Aug 12 2008 01:04:05,47 27.42 N,122 24.48 W,47.457,-122.408,P30,122.08,121.03,10.92,30.22,23.07,5.89,1.53,23.06,0.91,1.61,2.17,48.32,5.89,,
 BOLD200808,Aug 12 2008 01:04:05,47 27.42 N,122 24.48 W,47.457,-122.408,P30,172.14,170.63,10.99,30.32,23.14,5.95,2.35,22.52,0.80,2.08,2.18,50.16,5.79,,
 BOLD200808,Aug 12 2008 01:04:05,47 27.42 N,122 24.48 W,47.457,-122.408,P30,220.96,218.99,11.01,30.33,23.15,5.95,2.58,22.47,0.79,2.25,2.20,49.36,5.88,,
 BOLD200808,Aug 12 2008 02:26:25,47 23.58 N,122 21.6 W,47.393,-122.360,P31,0.91,0.91,16.51,28.91,20.96,12.27,11.37,,,,,,,,
 BOLD200808,Aug 12 2008 02:26:25,47 23.58 N,122 21.6 W,47.393,-122.360,P31,0.92,0.91,16.49,28.91,20.96,12.26,11.87,11.67,0.66,0.36,1.26,31.66,9.79,6.23,0.99
 BOLD200808,Aug 12 2008 02:26:25,47 23.58 N,122 21.6 W,47.393,-122.360,P31,5.26,5.22,12.89,29.45,22.11,10.27,9.71,14.96,0.77,0.42,1.51,34.20,8.72,4.86,0.81
 BOLD200808,Aug 12 2008 02:26:25,47 23.58 N,122 21.6 W,47.393,-122.360,P31,10.38,10.30,12.09,29.61,22.39,7.77,5.46,19.71,0.86,0.48,1.85,40.50,7.52,4.49,0.90
 BOLD200808,Aug 12 2008 02:26:25,47 23.58 N,122 21.6 W,47.393,-122.360,P31,20.54,20.36,11.67,29.65,22.50,7.04,2.91,21.85,0.87,0.80,2.01,43.21,6.81,1.54,0.33
 BOLD200808,Aug 12 2008 02:26:25,47 23.58 N,122 21.6 W,47.393,-122.360,P31,30.84,30.58,11.39,29.70,22.59,6.65,2.26,23.14,0.84,0.11,2.07,45.40,6.47,1.15,0.46
 BOLD200808,Aug 12 2008 02:26:25,47 23.58 N,122 21.6 W,47.393,-122.360,P31,50.60,50.17,11.03,29.82,22.75,6.21,2.69,24.71,0.39,0.01,2.14,44.96,6.17,9.50,1.55
 BOLD200808,Aug 12 2008 02:26:25,47 23.58 N,122 21.6 W,47.393,-122.360,P31,81.68,80.98,10.76,30.11,23.01,5.77,1.66,24.91,0.90,0.24,2.20,50.20,5.60,,
 BOLD200808,Aug 12 2008 02:26:25,47 23.58 N,122 21.6 W,47.393,-122.360,P31,121.81,120.76,10.88,30.20,23.06,5.88,1.48,23.57,0.95,1.28,2.17,48.79,5.72,,
 BOLD200808,Aug 12 2008 02:26:25,47 23.58 N,122 21.6 W,47.393,-122.360,P31,172.26,170.74,10.78,30.21,23.09,5.74,1.77,24.01,1.05,1.18,2.30,49.49,5.66,,
 BOLD200808,Aug 12 2008 02:26:25,47 23.58 N,122 21.6 W,47.393,-122.360,P31,216.10,214.17,10.98,30.31,23.13,5.87,1.97,22.68,1.13,2.02,2.26,49.22,5.80,,
 BOLD200808,Aug 12 2008 03:33:25,47 20.04 N,122 26.46 W,47.334,-122.441,P32,1.12,1.11,13.56,28.73,21.43,13.16,43.26,,,,,,,,
 BOLD200808,Aug 12 2008 03:33:25,47 20.04 N,122 26.46 W,47.334,-122.441,P32,1.12,1.11,13.55,28.73,21.43,13.17,42.87,9.41,0.61,0.14,0.92,22.27,10.80,24.54,2.29
 BOLD200808,Aug 12 2008 03:33:25,47 20.04 N,122 26.46 W,47.334,-122.441,P32,5.91,5.86,12.43,29.29,22.08,10.21,29.45,13.19,0.73,0.25,1.55,31.95,7.75,15.03,1.19
 BOLD200808,Aug 12 2008 03:33:25,47 20.04 N,122 26.46 W,47.334,-122.441,P32,10.29,10.20,11.68,29.57,22.43,7.29,7.21,21.79,0.74,0.22,1.92,39.70,6.68,7.58,0.92
 BOLD200808,Aug 12 2008 03:33:25,47 20.04 N,122 26.46 W,47.334,-122.441,P32,20.41,20.24,11.17,29.68,22.60,6.50,2.60,24.43,0.35,,2.10,43.01,6.27,1.56,0.55
 BOLD200808,Aug 12 2008 03:33:25,47 20.04 N,122 26.46 W,47.334,-122.441,P32,30.63,30.37,10.95,29.76,22.71,6.25,2.08,25.22,0.11,0.00,2.15,43.96,6.10,1.03,0.50
 BOLD200808,Aug 12 2008 03:33:25,47 20.04 N,122 26.46 W,47.334,-122.441,P32,50.34,49.91,10.74,30.03,22.95,5.85,1.78,25.48,0.27,0.04,2.20,46.48,5.74,0.93,0.54
 BOLD200808,Aug 12 2008 03:33:25,47 20.04 N,122 26.46 W,47.334,-122.441,P32,80.54,79.85,10.68,30.09,23.01,5.72,1.72,25.52,0.56,0.02,2.21,47.17,5.72,,
 BOLD200808,Aug 12 2008 03:33:25,47 20.04 N,122 26.46 W,47.334,-122.441,P32,111.01,110.05,10.68,30.13,23.04,5.73,1.78,25.58,0.64,0.01,2.23,47.43,5.65,,
 BOLD200808,Aug 12 2008 03:33:25,47 20.04 N,122 26.46 W,47.334,-122.441,P32,151.29,149.97,10.42,30.11,23.07,5.57,1.50,26.52,0.07,0.01,2.35,51.25,5.44,,
 BOLD200808,Aug 12 2008 03:33:25,47 20.04 N,122 26.46 W,47.334,-122.441,P32,177.68,176.12,10.34,30.09,23.07,5.44,2.56,26.64,0.13,0.04,2.39,51.68,5.32,,
 BOLD200808,Aug 12 2008 04:45:13,47 19.2 N,122 30.0 W,47.320,-122.500,P33,1.08,1.07,15.54,28.41,20.79,12.75,28.80,4.18,0.26,0.13,0.49,31.21,11.15,19.06,1.93
 BOLD200808,Aug 12 2008 04:45:13,47 19.2 N,122 30.0 W,47.320,-122.500,P33,4.71,4.67,11.97,29.56,22.37,7.89,11.85,19.36,0.72,0.50,1.82,40.70,7.52,8.45,1.11
 BOLD200808,Aug 12 2008 04:45:13,47 19.2 N,122 30.0 W,47.320,-122.500,P33,9.71,9.63,11.81,29.59,22.43,7.42,8.26,20.89,0.84,0.77,1.91,40.35,7.08,6.01,1.00
 BOLD200808,Aug 12 2008 04:45:13,47 19.2 N,122 30.0 W,47.320,-122.500,P33,20.21,20.04,11.52,29.62,22.50,6.91,3.53,23.14,0.69,0.23,2.04,42.17,6.41,1.84,0.55
 BOLD200808,Aug 12 2008 04:45:13,47 19.2 N,122 30.0 W,47.320,-122.500,P33,29.59,29.34,11.18,29.72,22.64,6.47,2.41,24.18,0.35,0.13,2.11,43.39,6.28,1.39,0.50
 BOLD200808,Aug 12 2008 04:45:13,47 19.2 N,122 30.0 W,47.320,-122.500,P33,51.13,50.70,10.81,29.90,22.84,6.03,2.36,25.26,0.13,0.07,2.18,45.91,5.82,1.15,0.61
 BOLD200808,Aug 12 2008 04:45:13,47 19.2 N,122 30.0 W,47.320,-122.500,P33,80.47,79.77,10.58,30.09,23.03,5.69,2.02,25.88,0.29,0.13,2.23,46.96,5.48,,
 BOLD200808,Aug 12 2008 04:45:13,47 19.2 N,122 30.0 W,47.320,-122.500,P33,101.38,100.50,10.53,30.09,23.04,5.66,1.89,25.90,0.22,0.05,2.24,47.65,5.55,,
 BOLD200808,Aug 12 2008 04:45:13,47 19.2 N,122 30.0 W,47.320,-122.500,P33,120.80,119.75,10.50,30.09,23.04,5.63,2.04,25.99,0.16,0.03,2.26,48.60,5.71,,
 BOLD200808,Aug 12 2008 04:45:13,47 19.2 N,122 30.0 W,47.320,-122.500,P33,151.38,150.05,10.41,30.09,23.06,5.56,2.06,26.09,0.12,0.03,2.30,49.38,5.52,,
 BOLD200808,Aug 12 2008 06:40:28,47 10.92 N,122 38.04 W,47.182,-122.634,P35,1.23,1.22,13.85,29.20,21.74,10.10,15.81,,,,,,,,
 BOLD200808,Aug 12 2008 06:40:28,47 10.92 N,122 38.04 W,47.182,-122.634,P35,1.24,1.23,13.79,29.21,21.76,10.11,16.61,11.96,0.59,0.60,1.63,45.21,9.64,11.12,0.99
 BOLD200808,Aug 12 2008 06:40:28,47 10.92 N,122 38.04 W,47.182,-122.634,P35,4.78,4.74,13.24,29.30,21.94,9.60,17.43,12.99,0.62,0.77,1.72,44.25,9.19,14.11,6.89
 BOLD200808,Aug 12 2008 06:40:28,47 10.92 N,122 38.04 W,47.182,-122.634,P35,9.94,9.85,13.22,29.32,21.96,9.49,16.10,13.65,0.62,1.10,1.75,44.25,8.99,13.94,1.83
 BOLD200808,Aug 12 2008 06:40:28,47 10.92 N,122 38.04 W,47.182,-122.634,P35,20.27,20.10,12.86,29.37,22.06,8.61,11.35,15.95,0.64,1.86,1.85,44.33,7.98,9.73,1.26
 BOLD200808,Aug 12 2008 06:40:28,47 10.92 N,122 38.04 W,47.182,-122.634,P35,30.39,30.13,12.20,29.47,22.26,7.43,4.20,18.38,0.65,2.28,1.96,45.55,7.20,4.27,0.98
 BOLD200808,Aug 12 2008 06:40:28,47 10.92 N,122 38.04 W,47.182,-122.634,P35,50.22,49.79,11.94,29.53,22.36,7.13,3.48,19.81,0.67,2.20,2.04,44.33,6.93,2.72,0.81
 BOLD200808,Aug 12 2008 06:40:28,47 10.92 N,122 38.04 W,47.182,-122.634,P35,80.53,79.84,11.78,29.55,22.40,6.89,2.64,20.45,0.69,2.25,2.07,44.68,6.70,,
 BOLD200808,Aug 12 2008 06:40:28,47 10.92 N,122 38.04 W,47.182,-122.634,P35,101.00,100.13,11.74,29.57,22.42,6.85,2.43,20.60,0.68,2.13,2.10,45.11,6.76,,
 BOLD200808,Aug 12 2008 06:40:28,47 10.92 N,122 38.04 W,47.182,-122.634,P35,120.95,119.90,11.70,29.59,22.45,6.79,2.54,20.56,0.66,2.36,2.11,46.53,6.61,,
 BOLD200808,Aug 12 2008 06:40:28,47 10.92 N,122 38.04 W,47.182,-122.634,P35,165.90,164.44,11.63,29.64,22.50,6.62,2.63,21.04,0.59,2.34,2.14,46.67,6.50,,
 BOLD200808,Aug 12 2008 08:14:24,47 10.14 N,122 47.22 W,47.169,-122.787,P36,1.05,1.04,14.19,29.19,21.66,10.13,29.96,,,,,,,,
 BOLD200808,Aug 12 2008 08:14:24,47 10.14 N,122 47.22 W,47.169,-122.787,P36,1.05,1.04,14.17,29.17,21.65,10.01,30.55,10.64,0.51,1.60,1.65,46.93,6.88,11.86,1.28
 BOLD200808,Aug 12 2008 08:14:24,47 10.14 N,122 47.22 W,47.169,-122.787,P36,5.09,5.05,13.71,29.25,21.80,9.38,16.62,12.47,0.56,2.33,1.76,46.84,8.63,12.04,1.44
 BOLD200808,Aug 12 2008 08:14:24,47 10.14 N,122 47.22 W,47.169,-122.787,P36,10.25,10.16,12.99,29.33,22.00,8.25,12.89,15.16,0.62,3.52,2.05,46.49,7.77,7.01,0.85
 BOLD200808,Aug 12 2008 08:14:24,47 10.14 N,122 47.22 W,47.169,-122.787,P36,20.52,20.34,12.69,29.36,22.09,7.73,4.71,16.46,0.65,3.19,1.92,45.88,7.48,4.62,0.65
 BOLD200808,Aug 12 2008 08:14:24,47 10.14 N,122 47.22 W,47.169,-122.787,P36,30.77,30.50,12.44,29.41,22.17,7.53,4.25,17.31,0.65,3.16,1.99,45.88,7.38,4.86,0.83
 BOLD200808,Aug 12 2008 08:14:24,47 10.14 N,122 47.22 W,47.169,-122.787,P36,50.81,50.38,12.24,29.45,22.24,7.36,3.89,18.18,0.67,2.96,2.00,45.79,7.21,3.57,0.57
 BOLD200808,Aug 12 2008 08:14:24,47 10.14 N,122 47.22 W,47.169,-122.787,P36,81.07,80.37,12.11,29.46,22.27,7.04,2.93,18.58,0.70,3.91,2.11,47.09,6.89,,
 BOLD200808,Aug 12 2008 08:14:24,47 10.14 N,122 47.22 W,47.169,-122.787,P36,95.55,94.72,12.10,29.47,22.28,6.98,2.75,18.65,0.70,3.82,2.11,47.09,7.03,,
 BOLD200808,Aug 12 2008 09:19:07,47 15.9 N,122 51.18 W,47.265,-122.853,P37,1.01,1.00,15.64,29.07,21.27,12.02,33.59,5.62,0.33,3.03,1.56,48.73,9.90,,
 BOLD200808,Aug 12 2008 09:19:07,47 15.9 N,122 51.18 W,47.265,-122.853,P37,1.01,1.00,15.64,29.07,21.27,12.00,34.78,,,,,,,,
 BOLD200808,Aug 12 2008 09:19:07,47 15.9 N,122 51.18 W,47.265,-122.853,P37,5.20,5.16,14.26,29.14,21.61,9.38,19.81,9.68,0.47,5.12,1.78,48.99,8.59,11.29,1.40
 BOLD200808,Aug 12 2008 09:19:07,47 15.9 N,122 51.18 W,47.265,-122.853,P37,10.66,10.57,12.73,29.33,22.06,7.63,10.29,14.40,0.61,5.35,1.95,47.86,7.61,6.43,0.98
 BOLD200808,Aug 12 2008 09:19:07,47 15.9 N,122 51.18 W,47.265,-122.853,P37,20.96,20.78,12.33,29.39,22.18,7.18,9.64,17.10,0.68,5.42,2.11,47.86,7.03,2.08,0.85
 BOLD200808,Aug 12 2008 09:19:07,47 15.9 N,122 51.18 W,47.265,-122.853,P37,30.63,30.37,12.26,29.41,22.20,7.08,9.66,17.64,0.68,5.75,2.17,47.94,6.92,1.75,0.74
 BOLD200808,Aug 12 2008 09:19:07,47 15.9 N,122 51.18 W,47.265,-122.853,P37,54.94,54.47,12.19,29.42,22.23,6.90,11.19,17.66,0.70,5.82,2.18,48.81,9.15,,
 BOLD200808,Aug 12 2008 12:13:55,47 16.56 N,122 42.48 W,47.276,-122.708,P38,1.03,1.02,16.40,29.26,21.25,12.50,40.68,0.91,0.05,0.25,0.62,24.71,12.92,16.01,1.85
 BOLD200808,Aug 12 2008 12:13:55,47 16.56 N,122 42.48 W,47.276,-122.708,P38,1.04,1.03,16.75,28.96,20.94,12.45,41.69,,,,,,,,
 BOLD200808,Aug 12 2008 12:13:55,47 16.56 N,122 42.48 W,47.276,-122.708,P38,3.65,3.62,13.83,29.34,21.85,12.53,65.13,2.60,0.15,0.34,0.91,28.87,,33.99,3.80
 BOLD200808,Aug 12 2008 12:13:55,47 16.56 N,122 42.48 W,47.276,-122.708,P38,5.10,5.06,13.16,29.36,21.99,10.13,29.35,11.68,0.49,1.66,1.56,39.79,8.92,20.22,2.88
 BOLD200808,Aug 12 2008 12:13:55,47 16.56 N,122 42.48 W,47.276,-122.708,P38,10.27,10.18,12.58,29.42,22.15,8.21,10.03,15.93,0.62,2.51,1.83,43.25,7.86,5.43,1.30
 BOLD200808,Aug 12 2008 12:13:55,47 16.56 N,122 42.48 W,47.276,-122.708,P38,12.37,12.26,12.48,29.42,22.17,7.85,8.45,16.42,0.63,2.54,1.86,43.34,,5.36,3.16
 BOLD200808,Aug 12 2008 12:13:55,47 16.56 N,122 42.48 W,47.276,-122.708,P38,20.43,20.26,12.36,29.43,22.20,7.64,7.74,17.02,0.65,2.75,1.89,43.68,7.54,3.23,0.82
 BOLD200808,Aug 12 2008 12:13:55,47 16.56 N,122 42.48 W,47.276,-122.708,P38,31.04,30.78,12.31,29.44,22.22,7.55,5.99,17.74,0.70,3.02,1.95,44.29,7.35,1.84,0.65
 BOLD200808,Aug 12 2008 12:13:55,47 16.56 N,122 42.48 W,47.276,-122.708,P38,50.74,50.31,11.98,29.47,22.30,7.03,5.54,19.20,0.84,3.67,2.08,45.15,6.91,0.92,0.88
 BOLD200808,Aug 12 2008 12:13:55,47 16.56 N,122 42.48 W,47.276,-122.708,P38,80.83,80.14,11.69,29.52,22.39,6.35,5.29,20.44,0.84,4.70,2.34,49.65,6.33,,
 BOLD200808,Aug 12 2008 12:13:55,47 16.56 N,122 42.48 W,47.276,-122.708,P38,92.04,91.25,11.68,29.57,22.43,6.44,5.73,20.37,0.82,4.52,2.33,49.39,6.36,,
 BOLD200808,Aug 12 2008 14:41:54,47 24.84 N,122 31.62 W,47.414,-122.527,P39,1.06,1.05,12.31,29.56,22.31,8.04,13.36,19.38,0.59,0.59,2.02,44.35,7.70,8.93,1.19
 BOLD200808,Aug 12 2008 14:41:54,47 24.84 N,122 31.62 W,47.414,-122.527,P39,5.63,5.58,11.82,29.63,22.45,7.35,11.34,21.37,0.60,0.60,2.07,43.97,7.13,6.82,0.86
 BOLD200808,Aug 12 2008 14:41:54,47 24.84 N,122 31.62 W,47.414,-122.527,P39,10.39,10.30,11.64,29.67,22.52,7.06,9.31,22.30,0.53,0.64,2.14,45.16,6.93,4.68,0.93
 BOLD200808,Aug 12 2008 14:41:54,47 24.84 N,122 31.62 W,47.414,-122.527,P39,20.18,20.01,11.40,29.73,22.61,6.73,9.45,23.60,0.49,0.48,2.20,45.66,6.67,3.70,0.75
 BOLD200808,Aug 12 2008 14:41:54,47 24.84 N,122 31.62 W,47.414,-122.527,P39,31.00,30.74,11.33,29.76,22.64,6.70,8.24,24.00,0.42,0.41,2.22,46.24,6.56,3.62,0.79
 BOLD200808,Aug 12 2008 14:41:54,47 24.84 N,122 31.62 W,47.414,-122.527,P39,50.88,50.45,11.18,29.81,22.71,6.52,8.42,24.77,0.36,0.38,2.26,46.38,6.43,3.46,0.85
 BOLD200808,Aug 12 2008 14:41:54,47 24.84 N,122 31.62 W,47.414,-122.527,P39,81.45,80.75,10.89,29.92,22.84,6.13,7.53,26.37,0.27,0.35,2.33,47.74,5.96,,
 BOLD200808,Aug 12 2008 14:41:54,47 24.84 N,122 31.62 W,47.414,-122.527,P39,113.83,112.84,10.84,29.94,22.87,6.01,9.68,26.05,0.28,0.39,2.34,47.88,6.01,,
 BOLD200808,Aug 12 2008 19:09:46,47 42.24 N,122 27.18 W,47.704,-122.453,P28,1.12,1.11,13.24,29.33,21.96,11.06,16.22,,,,,,,,
 BOLD200808,Aug 12 2008 19:09:46,47 42.24 N,122 27.18 W,47.704,-122.453,P28,1.12,1.11,13.23,29.33,21.96,11.06,16.29,10.54,0.62,0.64,1.29,33.64,10.56,11.81,1.73
 BOLD200808,Aug 12 2008 19:09:46,47 42.24 N,122 27.18 W,47.704,-122.453,P28,4.43,4.39,12.94,29.41,22.08,10.10,13.01,14.17,0.64,0.42,1.54,35.87,8.86,12.79,2.06
 BOLD200808,Aug 12 2008 19:09:46,47 42.24 N,122 27.18 W,47.704,-122.453,P28,9.53,9.45,12.10,29.59,22.37,8.18,6.57,19.51,0.73,0.71,1.90,40.28,7.70,5.29,0.86
 BOLD200808,Aug 12 2008 19:09:46,47 42.24 N,122 27.18 W,47.704,-122.453,P28,20.18,20.01,11.46,29.71,22.58,6.76,3.15,23.62,0.86,3.38,2.28,44.51,6.55,1.41,0.66
 BOLD200808,Aug 12 2008 19:09:46,47 42.24 N,122 27.18 W,47.704,-122.453,P28,30.52,30.26,11.29,29.77,22.66,6.50,2.90,24.42,0.92,2.08,2.29,45.35,6.33,1.13,0.84
 BOLD200808,Aug 12 2008 19:09:46,47 42.24 N,122 27.18 W,47.704,-122.453,P28,49.51,49.09,11.08,29.88,22.78,6.19,2.37,21.14,0.76,0.83,2.02,41.67,5.99,0.61,0.50
 BOLD200808,Aug 12 2008 19:09:46,47 42.24 N,122 27.18 W,47.704,-122.453,P28,80.87,80.18,10.96,30.10,22.97,5.94,2.05,24.41,1.02,1.89,2.28,46.50,5.84,,
 BOLD200808,Aug 12 2008 19:09:46,47 42.24 N,122 27.18 W,47.704,-122.453,P28,111.60,110.63,11.03,30.24,23.07,6.03,2.05,23.79,0.92,2.94,2.27,46.99,5.89,,
 BOLD200808,Aug 12 2008 19:09:46,47 42.24 N,122 27.18 W,47.704,-122.453,P28,131.56,130.41,11.00,30.31,23.13,5.97,2.24,23.85,0.82,3.11,2.29,47.83,5.88,,
 BOLD200808,Aug 12 2008 19:09:46,47 42.24 N,122 27.18 W,47.704,-122.453,P28,192.66,190.95,10.69,30.72,23.50,5.72,2.98,24.36,0.69,3.07,2.33,48.75,5.64,,
 BOLD200808,Aug 12 2008 21:02:46,47 48.78 N,122 27.3 W,47.813,-122.455,P27,1.27,1.26,14.07,29.11,21.63,10.33,8.01,,,,,,,,
 BOLD200808,Aug 12 2008 21:02:46,47 48.78 N,122 27.3 W,47.813,-122.455,P27,1.28,1.27,13.95,29.22,21.73,10.19,8.52,10.45,0.57,0.16,1.22,31.70,9.86,7.28,0.88
 BOLD200808,Aug 12 2008 21:02:46,47 48.78 N,122 27.3 W,47.813,-122.455,P27,4.65,4.61,13.05,29.57,22.18,9.39,9.93,14.25,0.73,0.48,1.57,36.61,9.23,5.51,4.88
 BOLD200808,Aug 12 2008 21:02:46,47 48.78 N,122 27.3 W,47.813,-122.455,P27,10.09,10.00,12.14,29.67,22.43,7.93,6.69,20.52,0.86,1.04,2.03,42.21,7.16,3.55,0.59
 BOLD200808,Aug 12 2008 21:02:46,47 48.78 N,122 27.3 W,47.813,-122.455,P27,20.48,20.30,11.50,29.77,22.62,6.77,2.97,23.11,0.96,1.29,2.21,44.26,6.54,0.90,0.40
 BOLD200808,Aug 12 2008 21:02:46,47 48.78 N,122 27.3 W,47.813,-122.455,P27,30.11,29.85,11.28,29.88,22.75,6.37,2.55,23.66,1.02,1.36,2.25,45.01,6.31,0.70,0.45
 BOLD200808,Aug 12 2008 21:02:46,47 48.78 N,122 27.3 W,47.813,-122.455,P27,50.79,50.36,11.12,29.99,22.86,6.15,2.32,24.03,1.06,1.77,2.28,45.84,6.05,0.47,0.68
 BOLD200808,Aug 12 2008 21:02:46,47 48.78 N,122 27.3 W,47.813,-122.455,P27,81.07,80.37,11.10,30.21,23.04,6.08,2.24,23.16,0.89,3.44,2.26,46.67,6.04,,
 BOLD200808,Aug 12 2008 21:02:46,47 48.78 N,122 27.3 W,47.813,-122.455,P27,111.49,110.53,11.05,30.31,23.12,6.06,2.26,23.46,0.80,3.19,2.27,46.99,5.96,,
 BOLD200808,Aug 12 2008 21:02:46,47 48.78 N,122 27.3 W,47.813,-122.455,P27,152.27,150.94,10.88,30.52,23.31,5.91,2.40,24.00,0.71,3.01,2.31,54.99,5.77,,
 BOLD200808,Aug 12 2008 21:02:46,47 48.78 N,122 27.3 W,47.813,-122.455,P27,196.75,195.01,10.60,30.83,23.60,5.69,2.83,24.36,0.63,2.93,2.33,49.60,5.64,,
 BOLD200808,Aug 12 2008 22:55:23,47 52.98 N,122 22.02 W,47.883,-122.367,P5,1.40,1.39,13.70,28.41,21.16,10.19,7.54,7.17,0.44,0.35,0.93,13.63,,,
 BOLD200808,Aug 12 2008 22:55:23,47 52.98 N,122 22.02 W,47.883,-122.367,P5,1.41,1.39,13.78,28.31,21.07,10.17,7.18,15.96,0.96,0.51,1.66,33.46,9.38,5.49,0.68
 BOLD200808,Aug 12 2008 22:55:23,47 52.98 N,122 22.02 W,47.883,-122.367,P5,4.83,4.79,12.94,29.36,22.04,9.70,6.81,19.68,1.09,0.60,1.94,39.47,8.58,9.16,1.11
 BOLD200808,Aug 12 2008 22:55:23,47 52.98 N,122 22.02 W,47.883,-122.367,P5,9.45,9.37,12.13,29.39,22.21,7.90,8.19,22.99,1.15,0.69,2.20,43.66,7.11,5.19,0.79
 BOLD200808,Aug 12 2008 22:55:23,47 52.98 N,122 22.02 W,47.883,-122.367,P5,20.35,20.18,11.50,29.59,22.48,6.72,3.20,24.19,1.03,0.35,2.26,44.58,6.63,0.98,0.39
 BOLD200808,Aug 12 2008 22:55:23,47 52.98 N,122 22.02 W,47.883,-122.367,P5,29.62,29.37,11.32,29.65,22.56,6.55,2.75,29.64,0.44,1.63,2.67,53.25,0.71,0.57,0.36
 BOLD200808,Aug 12 2008 22:55:23,47 52.98 N,122 22.02 W,47.883,-122.367,P5,49.97,49.54,10.24,29.76,22.82,5.72,2.19,29.17,0.24,0.09,2.61,54.34,5.34,0.13,0.30
 BOLD200808,Aug 12 2008 22:55:23,47 52.98 N,122 22.02 W,47.883,-122.367,P5,80.88,80.19,9.98,29.91,22.98,5.41,2.20,24.90,0.69,1.85,2.36,48.71,5.39,,
 BOLD200808,Aug 12 2008 22:55:23,47 52.98 N,122 22.02 W,47.883,-122.367,P5,110.95,109.99,10.72,30.13,23.03,5.84,2.22,24.04,0.73,2.90,2.38,50.57,6.02,,
 BOLD200808,Aug 12 2008 22:55:23,47 52.98 N,122 22.02 W,47.883,-122.367,P5,151.80,150.47,10.78,30.30,23.16,5.78,2.40,23.98,0.67,4.09,2.42,52.17,5.53,,
 BOLD200808,Aug 12 2008 22:55:23,47 52.98 N,122 22.02 W,47.883,-122.367,P5,214.25,212.34,10.72,30.65,23.45,5.56,3.52,1.57,0.09,0.13,0.42,37.63,5.55,,
 BOLD200808,Aug 13 2008 01:17:34,48 6.42 N,122 29.4 W,48.107,-122.490,P3,1.26,1.25,16.53,24.91,17.89,12.83,7.27,0.02,0.00,0.02,0.19,21.04,12.59,5.12,0.61
 BOLD200808,Aug 13 2008 01:17:34,48 6.42 N,122 29.4 W,48.107,-122.490,P3,1.77,1.76,16.84,24.59,17.58,12.78,8.56,0.01,0.00,0.13,0.20,18.62,,5.27,0.59
 BOLD200808,Aug 13 2008 01:17:34,48 6.42 N,122 29.4 W,48.107,-122.490,P3,3.29,3.26,16.35,25.14,18.10,12.87,7.18,0.24,0.00,0.02,0.26,19.20,,7.12,0.88
 BOLD200808,Aug 13 2008 01:17:34,48 6.42 N,122 29.4 W,48.107,-122.490,P3,4.57,4.53,16.24,25.30,18.25,12.86,8.14,1.16,0.02,0.03,0.38,16.08,11.41,9.50,1.03
 BOLD200808,Aug 13 2008 01:17:34,48 6.42 N,122 29.4 W,48.107,-122.490,P3,7.20,7.14,12.11,28.05,21.18,10.48,51.08,5.61,0.16,0.12,0.97,16.41,,46.34,4.46
 BOLD200808,Aug 13 2008 01:17:34,48 6.42 N,122 29.4 W,48.107,-122.490,P3,11.37,11.28,10.29,29.23,22.41,5.78,3.14,25.98,0.38,0.01,2.40,50.10,5.89,3.11,0.78
 BOLD200808,Aug 13 2008 01:17:34,48 6.42 N,122 29.4 W,48.107,-122.490,P3,20.73,20.55,10.10,29.35,22.53,5.70,2.50,27.92,0.07,0.00,2.54,51.95,5.67,0.38,0.37
 BOLD200808,Aug 13 2008 01:17:34,48 6.42 N,122 29.4 W,48.107,-122.490,P3,32.17,31.89,10.25,29.53,22.64,5.81,2.34,28.36,0.02,0.00,2.57,54.32,5.72,0.14,0.25
 BOLD200808,Aug 13 2008 01:17:34,48 6.42 N,122 29.4 W,48.107,-122.490,P3,51.18,50.74,9.36,29.61,22.85,4.99,2.31,30.57,0.02,0.01,2.79,59.51,5.08,0.13,0.39
 BOLD200808,Aug 13 2008 01:17:34,48 6.42 N,122 29.4 W,48.107,-122.490,P3,81.67,80.97,9.17,29.69,22.94,4.72,2.48,31.62,0.05,0.08,2.98,67.19,4.62,,
 BOLD200808,Aug 13 2008 01:17:34,48 6.42 N,122 29.4 W,48.107,-122.490,P3,100.59,99.72,9.18,29.73,22.97,4.76,2.53,31.18,0.06,0.00,2.98,67.41,4.75,,
 BOLD200808,Aug 13 2008 01:17:34,48 6.42 N,122 29.4 W,48.107,-122.490,P3,141.47,140.24,9.24,29.82,23.03,4.85,2.61,30.78,0.07,0.00,2.96,67.11,4.74,,
 BOLD200808,Aug 13 2008 02:57:14,48 14.52 N,122 33.24 W,48.242,-122.554,P3,1.08,1.07,16.17,22.08,15.80,12.64,20.56,,,,,,,,
 BOLD200808,Aug 13 2008 02:57:14,48 14.52 N,122 33.24 W,48.242,-122.554,P3,1.08,1.07,16.19,22.07,15.79,12.68,20.79,1.57,0.09,0.13,0.42,37.63,12.09,14.74,1.48
 BOLD200808,Aug 13 2008 02:57:14,48 14.52 N,122 33.24 W,48.242,-122.554,P3,4.97,4.93,11.00,28.38,21.63,6.16,8.99,21.35,0.86,3.86,2.53,61.92,5.19,35.96,1.63
 BOLD200808,Aug 13 2008 02:57:14,48 14.52 N,122 33.24 W,48.242,-122.554,P3,10.64,10.55,10.13,29.05,22.29,4.60,3.21,24.24,0.96,3.67,2.76,65.82,4.77,1.15,0.36
 BOLD200808,Aug 13 2008 02:57:14,48 14.52 N,122 33.24 W,48.242,-122.554,P3,20.30,20.12,9.80,29.32,22.55,5.37,2.36,28.39,0.25,0.07,2.62,60.41,5.15,0.36,0.22
 BOLD200808,Aug 13 2008 02:57:14,48 14.52 N,122 33.24 W,48.242,-122.554,P3,30.55,30.29,9.64,29.44,22.67,5.18,2.31,29.69,0.07,0.01,2.76,65.97,4.79,0.31,0.35
 BOLD200808,Aug 13 2008 02:57:14,48 14.52 N,122 33.24 W,48.242,-122.554,P3,50.44,50.01,9.21,29.52,22.80,4.51,2.26,31.15,0.15,0.08,2.97,74.66,4.07,0.72,0.72
 BOLD200808,Aug 13 2008 02:57:14,48 14.52 N,122 33.24 W,48.242,-122.554,P3,86.75,86.01,9.09,29.58,22.87,3.95,2.79,31.36,0.24,0.01,3.08,77.86,3.93,,
