Cruise ID,UTC Time,Latitude DegMin,Longitude DegMin,Latitude Deg,Longitude Deg,Station,Pressure,Depth,Temperature,Salinity,Sigma-t,Oxygen Concentration MG,Chlorophyll Fluorescence ,Beam Transmission,Oxygen Concentration MG Titration,Chlorophyll Concentration,Phaeopigment Concentration
,,[deg min],[deg min],[deg],[deg],,[db],[m],[deg C],,[kg/m^3],[mg/l],[mg/m^3],[%],[mg/l],[ug/l],[ug/l]
,,,,,,,CTD,CTD,CTD,CTD,CTD,CTD,CTD,CTD,Lab,Lab,Lab
 TN270,Oct 13 2011 15:53:34,48 14.52 N,123 13.5 W,48.242,-123.225,P23,2.73,2.71,9.95,31.32,24.09,5.27,1.57,95.09,5.97,0.50,0.16
 TN270,Oct 13 2011 15:53:34,48 14.52 N,123 13.5 W,48.242,-123.225,P23,5.05,5.01,9.92,31.38,24.14,5.15,1.62,95.23,5.83,0.57,0.14
 TN270,Oct 13 2011 15:53:34,48 14.52 N,123 13.5 W,48.242,-123.225,P23,9.76,9.68,9.88,31.43,24.18,5.12,1.73,95.35,5.76,0.75,0.11
 TN270,Oct 13 2011 15:53:34,48 14.52 N,123 13.5 W,48.242,-123.225,P23,20.29,20.11,9.74,31.52,24.28,4.99,1.63,95.42,5.61,0.54,0.13
 TN270,Oct 13 2011 15:53:34,48 14.52 N,123 13.5 W,48.242,-123.225,P23,30.37,30.11,9.69,31.55,24.31,4.93,1.46,95.56,5.48,0.46,0.13
 TN270,Oct 13 2011 15:53:34,48 14.52 N,123 13.5 W,48.242,-123.225,P23,30.44,30.18,9.68,31.55,24.31,4.91,1.59,95.60,,,
 TN270,Oct 13 2011 15:53:34,48 14.52 N,123 13.5 W,48.242,-123.225,P23,50.54,50.11,9.46,31.73,24.49,4.67,1.18,95.93,5.22,0.34,0.12
 TN270,Oct 13 2011 15:53:34,48 14.52 N,123 13.5 W,48.242,-123.225,P23,80.89,80.20,9.04,32.15,24.88,4.18,0.95,94.78,4.70,,
 TN270,Oct 13 2011 15:53:34,48 14.52 N,123 13.5 W,48.242,-123.225,P23,111.74,110.77,8.71,32.40,25.13,3.81,0.74,94.08,4.25,,
 TN270,Oct 13 2011 15:53:34,48 14.52 N,123 13.5 W,48.242,-123.225,P23,144.99,143.72,8.30,32.82,25.52,3.35,0.58,91.95,3.79,,
 TN270,Oct 13 2011 17:42:55,48 12.72 N,123 27.6 W,48.212,-123.460,P136,2.86,2.83,10.11,30.90,23.73,5.53,1.41,94.75,6.18,0.47,0.11
 TN270,Oct 13 2011 17:42:55,48 12.72 N,123 27.6 W,48.212,-123.460,P136,4.84,4.80,10.11,30.91,23.74,5.45,1.38,94.77,6.12,0.47,0.15
 TN270,Oct 13 2011 17:42:55,48 12.72 N,123 27.6 W,48.212,-123.460,P136,10.68,10.59,10.01,31.00,23.83,5.14,1.23,94.81,5.81,0.45,0.14
 TN270,Oct 13 2011 17:42:55,48 12.72 N,123 27.6 W,48.212,-123.460,P136,21.13,20.95,9.77,31.26,24.07,4.90,0.92,95.48,5.51,0.34,0.12
 TN270,Oct 13 2011 17:42:55,48 12.72 N,123 27.6 W,48.212,-123.460,P136,30.71,30.45,9.62,31.52,24.30,4.77,1.02,95.92,5.34,0.33,0.11
 TN270,Oct 13 2011 17:42:55,48 12.72 N,123 27.6 W,48.212,-123.460,P136,31.07,30.80,9.62,31.52,24.29,4.81,1.02,95.92,,,
 TN270,Oct 13 2011 17:42:55,48 12.72 N,123 27.6 W,48.212,-123.460,P136,51.07,50.64,9.08,31.90,24.68,4.23,0.68,95.79,4.75,0.23,0.11
 TN270,Oct 13 2011 17:42:55,48 12.72 N,123 27.6 W,48.212,-123.460,P136,82.99,82.27,8.52,32.69,25.38,3.62,0.60,96.08,4.06,,
 TN270,Oct 13 2011 17:42:55,48 12.72 N,123 27.6 W,48.212,-123.460,P136,110.91,109.95,8.39,32.72,25.43,3.47,0.60,95.28,3.92,,
 TN270,Oct 13 2011 17:42:55,48 12.72 N,123 27.6 W,48.212,-123.460,P136,127.35,126.24,8.00,33.10,25.79,3.01,0.53,94.05,3.40,,
 TN270,Oct 13 2011 19:36:12,48 14.58 N,123 43.86 W,48.243,-123.731,P133,4.18,4.15,10.04,31.23,24.01,5.61,1.91,96.05,6.34,0.71,0.12
 TN270,Oct 13 2011 19:36:12,48 14.58 N,123 43.86 W,48.243,-123.731,P133,4.86,4.82,10.03,31.23,24.00,5.59,1.92,96.04,6.30,0.81,0.13
 TN270,Oct 13 2011 19:36:12,48 14.58 N,123 43.86 W,48.243,-123.731,P133,10.51,10.42,10.04,31.44,24.16,5.27,1.39,96.27,5.95,0.59,0.21
 TN270,Oct 13 2011 19:36:12,48 14.58 N,123 43.86 W,48.243,-123.731,P133,20.36,20.19,10.06,31.56,24.26,5.18,1.38,96.46,5.87,0.47,0.09
 TN270,Oct 13 2011 19:36:12,48 14.58 N,123 43.86 W,48.243,-123.731,P133,30.86,30.59,10.08,31.63,24.31,5.16,1.23,96.73,,,
 TN270,Oct 13 2011 19:36:12,48 14.58 N,123 43.86 W,48.243,-123.731,P133,31.09,30.82,10.08,31.64,24.32,5.17,1.05,96.73,5.92,0.39,0.08
 TN270,Oct 13 2011 19:36:12,48 14.58 N,123 43.86 W,48.243,-123.731,P133,53.29,52.84,9.51,31.85,24.57,4.63,0.75,96.74,5.24,0.23,0.09
 TN270,Oct 13 2011 19:36:12,48 14.58 N,123 43.86 W,48.243,-123.731,P133,83.78,83.06,9.05,32.21,24.93,4.24,0.64,97.57,4.91,,
 TN270,Oct 13 2011 19:36:12,48 14.58 N,123 43.86 W,48.243,-123.731,P133,118.36,117.33,7.91,33.36,26.00,2.69,0.54,95.76,3.06,,
 TN270,Oct 13 2011 19:36:12,48 14.58 N,123 43.86 W,48.243,-123.731,P133,165.45,163.99,7.47,33.69,26.32,2.11,0.49,91.87,,,
 TN270,Oct 13 2011 21:14:23,48 16.32 N,123 59.04 W,48.272,-123.984,P132,4.39,4.35,11.21,31.33,23.88,6.68,2.69,96.27,7.53,1.77,0.20
 TN270,Oct 13 2011 21:14:23,48 16.32 N,123 59.04 W,48.272,-123.984,P132,5.00,4.96,11.21,31.33,23.88,6.66,2.61,96.41,7.53,1.16,0.14
 TN270,Oct 13 2011 21:14:23,48 16.32 N,123 59.04 W,48.272,-123.984,P132,10.31,10.22,10.88,31.49,24.07,6.14,1.57,97.48,6.95,0.58,0.17
 TN270,Oct 13 2011 21:14:23,48 16.32 N,123 59.04 W,48.272,-123.984,P132,20.60,20.42,10.41,31.58,24.21,5.58,1.36,97.72,6.28,0.39,0.12
 TN270,Oct 13 2011 21:14:23,48 16.32 N,123 59.04 W,48.272,-123.984,P132,30.35,30.09,10.08,31.66,24.33,5.21,1.15,97.71,,,
 TN270,Oct 13 2011 21:14:23,48 16.32 N,123 59.04 W,48.272,-123.984,P132,30.38,30.12,10.08,31.66,24.33,5.21,1.19,97.75,5.89,0.34,0.19
 TN270,Oct 13 2011 21:14:23,48 16.32 N,123 59.04 W,48.272,-123.984,P132,51.39,50.95,9.38,31.95,24.67,4.52,0.68,97.75,5.09,0.14,0.07
 TN270,Oct 13 2011 21:14:23,48 16.32 N,123 59.04 W,48.272,-123.984,P132,81.90,81.19,8.50,32.69,25.39,3.70,0.52,97.42,4.23,,
 TN270,Oct 13 2011 21:14:23,48 16.32 N,123 59.04 W,48.272,-123.984,P132,121.66,120.60,7.69,33.56,26.19,2.40,0.48,95.68,2.73,,
 TN270,Oct 13 2011 21:14:23,48 16.32 N,123 59.04 W,48.272,-123.984,P132,183.63,182.01,7.38,33.74,26.37,2.00,0.51,91.39,2.25,,
 TN270,Oct 13 2011 22:19:12,48 17.88 N,124 6.0 W,48.298,-124.100,P131,3.64,3.61,9.92,31.19,23.99,5.40,1.49,96.10,6.16,,
 TN270,Oct 13 2011 22:19:12,48 17.88 N,124 6.0 W,48.298,-124.100,P131,5.28,5.24,9.92,31.15,23.96,5.59,1.95,96.16,6.09,0.54,0.14
 TN270,Oct 13 2011 22:19:12,48 17.88 N,124 6.0 W,48.298,-124.100,P131,10.13,10.04,9.85,31.24,24.04,5.20,1.30,96.06,5.83,0.41,0.08
 TN270,Oct 13 2011 22:19:12,48 17.88 N,124 6.0 W,48.298,-124.100,P131,19.90,19.74,9.76,31.25,24.07,5.04,1.29,96.11,5.72,0.47,0.13
 TN270,Oct 13 2011 22:19:12,48 17.88 N,124 6.0 W,48.298,-124.100,P131,30.46,30.20,9.78,31.46,24.23,4.95,1.06,96.50,5.48,0.27,0.09
 TN270,Oct 13 2011 22:19:12,48 17.88 N,124 6.0 W,48.298,-124.100,P131,50.76,50.32,9.52,31.68,24.44,4.66,0.86,96.93,,,
 TN270,Oct 13 2011 22:19:12,48 17.88 N,124 6.0 W,48.298,-124.100,P131,50.98,50.55,9.52,31.68,24.44,4.63,0.80,96.98,5.28,0.21,0.03
 TN270,Oct 13 2011 22:19:12,48 17.88 N,124 6.0 W,48.298,-124.100,P131,81.86,81.16,8.59,32.54,25.26,3.79,0.60,96.41,4.26,,
 TN270,Oct 13 2011 22:19:12,48 17.88 N,124 6.0 W,48.298,-124.100,P131,111.72,110.75,7.82,33.44,26.07,2.63,0.51,95.46,2.99,,
 TN270,Oct 13 2011 22:19:12,48 17.88 N,124 6.0 W,48.298,-124.100,P131,151.20,149.87,7.37,33.75,26.38,1.96,0.52,92.63,2.25,,
 TN270,Oct 13 2011 22:19:12,48 17.88 N,124 6.0 W,48.298,-124.100,P131,193.08,191.37,7.37,33.75,26.38,1.96,0.51,91.61,2.23,,
 TN270,Oct 13 2011 23:41:08,48 21.12 N,124 16.14 W,48.352,-124.269,P128,3.09,3.06,9.93,31.05,23.88,5.82,1.36,95.84,6.60,0.86,0.20
 TN270,Oct 13 2011 23:41:08,48 21.12 N,124 16.14 W,48.352,-124.269,P128,5.35,5.30,9.96,31.06,23.89,5.82,1.62,95.80,6.58,0.88,0.15
 TN270,Oct 13 2011 23:41:08,48 21.12 N,124 16.14 W,48.352,-124.269,P128,10.18,10.10,10.05,31.10,23.90,5.73,1.63,96.09,6.48,1.01,0.21
 TN270,Oct 13 2011 23:41:08,48 21.12 N,124 16.14 W,48.352,-124.269,P128,20.53,20.35,9.95,31.21,24.00,5.24,1.22,96.40,5.90,0.47,0.11
 TN270,Oct 13 2011 23:41:08,48 21.12 N,124 16.14 W,48.352,-124.269,P128,30.33,30.08,9.84,31.36,24.14,4.99,1.02,96.60,5.68,0.22,0.05
 TN270,Oct 13 2011 23:41:08,48 21.12 N,124 16.14 W,48.352,-124.269,P128,50.68,50.24,9.57,31.71,24.45,4.73,0.75,97.11,5.32,0.17,0.05
 TN270,Oct 13 2011 23:41:08,48 21.12 N,124 16.14 W,48.352,-124.269,P128,50.95,50.51,9.57,31.71,24.46,4.72,0.68,97.15,,,
 TN270,Oct 13 2011 23:41:08,48 21.12 N,124 16.14 W,48.352,-124.269,P128,80.99,80.30,8.66,32.51,25.23,3.78,0.55,96.81,4.22,,
 TN270,Oct 13 2011 23:41:08,48 21.12 N,124 16.14 W,48.352,-124.269,P128,121.34,120.28,7.66,33.59,26.22,2.45,0.49,95.25,2.78,,
 TN270,Oct 13 2011 23:41:08,48 21.12 N,124 16.14 W,48.352,-124.269,P128,171.72,170.20,7.28,33.79,26.43,1.86,0.52,91.76,2.09,,
 TN270,Oct 13 2011 23:41:08,48 21.12 N,124 16.14 W,48.352,-124.269,P128,219.06,217.10,7.28,33.79,26.43,1.85,0.55,90.66,2.08,,
 TN270,Oct 14 2011 01:02:53,48 23.76 N,124 25.74 W,48.396,-124.429,P123,3.65,3.62,13.61,31.01,23.19,7.34,1.27,95.17,8.31,1.08,0.15
 TN270,Oct 14 2011 01:02:53,48 23.76 N,124 25.74 W,48.396,-124.429,P123,4.84,4.80,13.61,31.01,23.18,7.34,1.39,95.06,8.30,0.87,0.14
 TN270,Oct 14 2011 01:02:53,48 23.76 N,124 25.74 W,48.396,-124.429,P123,10.21,10.12,13.58,31.07,23.23,7.29,1.58,95.49,8.93,1.11,0.22
 TN270,Oct 14 2011 01:02:53,48 23.76 N,124 25.74 W,48.396,-124.429,P123,19.93,19.76,13.09,31.28,23.50,7.09,1.64,97.18,8.05,0.73,0.05
 TN270,Oct 14 2011 01:02:53,48 23.76 N,124 25.74 W,48.396,-124.429,P123,30.16,29.90,12.52,31.50,23.77,6.90,1.52,97.59,8.07,0.62,0.09
 TN270,Oct 14 2011 01:02:53,48 23.76 N,124 25.74 W,48.396,-124.429,P123,50.47,50.03,9.92,31.33,24.10,5.06,1.08,96.92,5.80,0.28,0.10
 TN270,Oct 14 2011 01:02:53,48 23.76 N,124 25.74 W,48.396,-124.429,P123,50.62,50.19,9.90,31.33,24.10,5.10,0.95,96.83,,,
 TN270,Oct 14 2011 01:02:53,48 23.76 N,124 25.74 W,48.396,-124.429,P123,80.38,79.68,9.11,32.19,24.90,4.09,0.74,97.08,4.46,,
 TN270,Oct 14 2011 01:02:53,48 23.76 N,124 25.74 W,48.396,-124.429,P123,121.24,120.18,7.65,33.65,26.27,2.51,0.48,95.33,2.87,,
 TN270,Oct 14 2011 01:02:53,48 23.76 N,124 25.74 W,48.396,-124.429,P123,171.76,170.24,7.33,33.78,26.41,1.91,0.45,93.96,2.17,,
 TN270,Oct 14 2011 01:02:53,48 23.76 N,124 25.74 W,48.396,-124.429,P123,227.73,225.68,7.27,33.80,26.44,1.86,0.55,90.54,2.13,,
 TN270,Oct 14 2011 06:32:59,47 58.14 N,124 56.94 W,47.969,-124.949,P381,3.07,3.05,14.07,31.86,23.75,7.46,1.33,96.90,8.79,,
 TN270,Oct 14 2011 06:32:59,47 58.14 N,124 56.94 W,47.969,-124.949,P381,3.15,3.12,14.07,31.86,23.75,7.45,1.38,97.00,8.73,0.58,0.15
 TN270,Oct 14 2011 06:32:59,47 58.14 N,124 56.94 W,47.969,-124.949,P381,3.42,3.39,14.07,31.86,23.75,7.45,1.44,97.07,8.81,0.48,0.13
 TN270,Oct 14 2011 06:32:59,47 58.14 N,124 56.94 W,47.969,-124.949,P381,4.96,4.92,14.08,31.86,23.75,7.45,1.37,97.13,8.72,0.58,0.14
 TN270,Oct 14 2011 06:32:59,47 58.14 N,124 56.94 W,47.969,-124.949,P381,10.22,10.14,14.07,31.86,23.75,7.44,1.36,97.00,8.55,0.57,0.13
 TN270,Oct 14 2011 06:32:59,47 58.14 N,124 56.94 W,47.969,-124.949,P381,20.47,20.30,13.97,31.87,23.77,7.34,1.32,97.85,8.55,0.22,0.03
 TN270,Oct 14 2011 06:32:59,47 58.14 N,124 56.94 W,47.969,-124.949,P381,30.73,30.46,12.10,32.33,24.50,6.82,0.74,99.09,7.99,,
 TN270,Oct 14 2011 06:32:59,47 58.14 N,124 56.94 W,47.969,-124.949,P381,40.23,39.89,9.38,32.69,25.25,5.71,0.61,99.07,6.80,,
 TN270,Oct 14 2011 06:32:59,47 58.14 N,124 56.94 W,47.969,-124.949,P381,49.32,48.90,8.88,32.92,25.51,4.87,0.60,98.37,5.64,0.09,0.06
 TN270,Oct 14 2011 06:32:59,47 58.14 N,124 56.94 W,47.969,-124.949,P381,49.46,49.04,8.79,32.94,25.54,4.83,0.56,98.47,,,
 TN270,Oct 14 2011 06:32:59,47 58.14 N,124 56.94 W,47.969,-124.949,P381,59.77,59.26,8.20,33.12,25.77,3.95,0.48,98.17,4.99,,
 TN270,Oct 14 2011 06:32:59,47 58.14 N,124 56.94 W,47.969,-124.949,P381,61.40,60.87,8.11,33.22,25.86,3.95,0.48,98.66,,,
 TN270,Oct 14 2011 06:32:59,47 58.14 N,124 56.94 W,47.969,-124.949,P381,81.20,80.50,7.84,33.48,26.11,3.48,0.48,91.74,3.86,,
 TN270,Oct 14 2011 06:32:59,47 58.14 N,124 56.94 W,47.969,-124.949,P381,81.39,80.69,7.84,33.48,26.11,3.45,0.50,92.46,,,
 TN270,Oct 14 2011 06:32:59,47 58.14 N,124 56.94 W,47.969,-124.949,P381,95.03,94.21,7.81,33.55,26.17,2.98,0.51,87.38,3.62,,
 TN270,Oct 14 2011 11:02:34,47 58.08 N,124 57.06 W,47.968,-124.951,P381,3.42,3.39,13.96,31.87,23.78,7.42,0.91,98.51,,,
 TN270,Oct 14 2011 11:02:34,47 58.08 N,124 57.06 W,47.968,-124.951,P381,3.43,3.40,13.96,31.87,23.78,7.41,0.98,98.51,8.65,0.31,0.13
 TN270,Oct 14 2011 11:02:34,47 58.08 N,124 57.06 W,47.968,-124.951,P381,3.54,3.52,13.96,31.87,23.78,7.41,0.98,98.50,,,
 TN270,Oct 14 2011 11:02:34,47 58.08 N,124 57.06 W,47.968,-124.951,P381,3.66,3.63,13.96,31.87,23.78,7.41,1.06,98.55,8.29,0.29,0.23
 TN270,Oct 14 2011 11:02:34,47 58.08 N,124 57.06 W,47.968,-124.951,P381,4.31,4.27,13.96,31.87,23.78,7.42,1.00,98.52,8.47,0.28,0.06
 TN270,Oct 14 2011 11:02:34,47 58.08 N,124 57.06 W,47.968,-124.951,P381,10.66,10.57,13.96,31.87,23.78,7.41,1.11,98.54,8.33,0.25,0.05
 TN270,Oct 14 2011 11:02:34,47 58.08 N,124 57.06 W,47.968,-124.951,P381,19.75,19.59,13.97,31.87,23.78,7.39,1.12,98.57,8.28,0.28,0.06
 TN270,Oct 14 2011 11:02:34,47 58.08 N,124 57.06 W,47.968,-124.951,P381,30.24,29.98,13.55,32.26,24.16,7.23,0.90,98.92,7.88,0.21,0.02
 TN270,Oct 14 2011 11:02:34,47 58.08 N,124 57.06 W,47.968,-124.951,P381,40.20,39.86,11.35,32.57,24.82,6.42,0.82,99.13,7.15,,
 TN270,Oct 14 2011 11:02:34,47 58.08 N,124 57.06 W,47.968,-124.951,P381,50.01,49.58,8.96,32.84,25.43,4.92,0.62,98.63,5.81,0.08,0.07
 TN270,Oct 14 2011 11:02:34,47 58.08 N,124 57.06 W,47.968,-124.951,P381,50.46,50.03,8.94,32.88,25.47,4.93,0.59,98.67,,,
 TN270,Oct 14 2011 11:02:34,47 58.08 N,124 57.06 W,47.968,-124.951,P381,60.19,59.68,8.07,33.28,25.92,3.78,0.56,93.77,4.48,,
 TN270,Oct 14 2011 11:02:34,47 58.08 N,124 57.06 W,47.968,-124.951,P381,60.42,59.91,8.07,33.28,25.92,3.78,0.58,93.84,,,
 TN270,Oct 14 2011 11:02:34,47 58.08 N,124 57.06 W,47.968,-124.951,P381,80.39,79.70,7.84,33.47,26.10,3.55,0.48,94.83,4.14,,
 TN270,Oct 14 2011 11:02:34,47 58.08 N,124 57.06 W,47.968,-124.951,P381,80.58,79.89,7.84,33.46,26.09,3.53,0.48,94.97,,,
 TN270,Oct 14 2011 11:02:34,47 58.08 N,124 57.06 W,47.968,-124.951,P381,96.09,95.26,7.80,33.59,26.19,2.73,0.53,86.47,3.25,,
 TN270,Oct 14 2011 14:18:03,48 27.96 N,124 46.26 W,48.466,-124.771,P120,2.89,2.87,13.85,30.80,22.97,7.48,2.25,91.61,8.91,1.21,0.34
 TN270,Oct 14 2011 14:18:03,48 27.96 N,124 46.26 W,48.466,-124.771,P120,5.12,5.08,13.81,30.90,23.06,7.41,2.10,92.78,8.75,1.12,0.30
 TN270,Oct 14 2011 14:18:03,48 27.96 N,124 46.26 W,48.466,-124.771,P120,10.19,10.11,13.74,31.05,23.19,7.28,2.15,93.63,8.58,0.68,0.19
 TN270,Oct 14 2011 14:18:03,48 27.96 N,124 46.26 W,48.466,-124.771,P120,20.32,20.14,13.06,31.34,23.55,6.73,1.41,94.84,8.01,1.01,0.22
 TN270,Oct 14 2011 14:18:03,48 27.96 N,124 46.26 W,48.466,-124.771,P120,30.23,29.97,12.92,31.37,23.60,6.66,1.33,94.50,7.96,0.54,0.16
 TN270,Oct 14 2011 14:18:03,48 27.96 N,124 46.26 W,48.466,-124.771,P120,50.37,49.94,11.89,31.59,23.96,6.16,1.05,96.82,,,
 TN270,Oct 14 2011 14:18:03,48 27.96 N,124 46.26 W,48.466,-124.771,P120,50.91,50.47,11.75,31.62,24.02,6.16,0.92,96.95,7.29,0.43,0.11
 TN270,Oct 14 2011 14:18:03,48 27.96 N,124 46.26 W,48.466,-124.771,P120,81.10,80.40,8.25,33.21,25.84,3.21,0.51,96.44,3.82,,
 TN270,Oct 14 2011 14:18:03,48 27.96 N,124 46.26 W,48.466,-124.771,P120,121.46,120.40,7.75,33.58,26.20,2.39,0.49,94.25,2.88,,
 TN270,Oct 14 2011 14:18:03,48 27.96 N,124 46.26 W,48.466,-124.771,P120,170.58,169.07,7.51,33.73,26.35,2.15,0.54,94.57,2.51,,
 TN270,Oct 14 2011 14:18:03,48 27.96 N,124 46.26 W,48.466,-124.771,P120,231.88,229.80,7.21,33.85,26.49,1.85,0.48,91.76,2.10,,
 TN270,Oct 14 2011 14:18:03,48 27.96 N,124 46.26 W,48.466,-124.771,P120,273.96,271.47,7.20,33.85,26.49,1.84,0.52,88.97,2.04,,
 TN270,Oct 15 2011 01:53:56,48 23.94 N,123 0.6 W,48.399,-123.010,P25,3.03,3.01,9.97,30.60,23.53,5.32,1.08,94.63,6.30,0.45,0.17
 TN270,Oct 15 2011 01:53:56,48 23.94 N,123 0.6 W,48.399,-123.010,P25,5.15,5.11,9.96,30.60,23.53,5.35,1.07,94.53,6.27,0.45,0.15
 TN270,Oct 15 2011 01:53:56,48 23.94 N,123 0.6 W,48.399,-123.010,P25,10.09,10.00,9.92,30.62,23.54,5.28,0.97,94.38,6.20,0.89,
 TN270,Oct 15 2011 01:53:56,48 23.94 N,123 0.6 W,48.399,-123.010,P25,20.06,19.89,9.91,30.65,23.57,5.23,1.05,94.12,6.03,0.37,0.19
 TN270,Oct 15 2011 01:53:56,48 23.94 N,123 0.6 W,48.399,-123.010,P25,30.18,29.92,9.82,30.82,23.72,5.10,0.99,94.76,,,
 TN270,Oct 15 2011 01:53:56,48 23.94 N,123 0.6 W,48.399,-123.010,P25,30.21,29.95,9.82,30.81,23.71,5.10,1.03,94.73,5.91,0.31,0.17
 TN270,Oct 15 2011 01:53:56,48 23.94 N,123 0.6 W,48.399,-123.010,P25,50.22,49.79,9.67,31.10,23.96,4.88,0.96,94.84,,0.31,0.13
 TN270,Oct 15 2011 01:53:56,48 23.94 N,123 0.6 W,48.399,-123.010,P25,80.86,80.16,9.50,31.63,24.40,4.61,0.80,95.34,4.99,,
 TN270,Oct 15 2011 01:53:56,48 23.94 N,123 0.6 W,48.399,-123.010,P25,122.40,121.33,8.93,32.24,24.97,4.02,0.77,90.19,4.45,,
 TN270,Oct 15 2011 01:53:56,48 23.94 N,123 0.6 W,48.399,-123.010,P25,164.84,163.38,8.93,32.25,24.98,4.01,0.69,88.34,4.49,,
 TN270,Oct 09 2011 03:49:09,47 42.18 N,122 27.18 W,47.703,-122.453,P28,2.49,2.47,12.18,29.74,22.48,6.13,2.46,92.57,6.27,2.39,0.19
 TN270,Oct 09 2011 03:49:09,47 42.18 N,122 27.18 W,47.703,-122.453,P28,5.03,4.98,12.13,29.76,22.50,6.03,2.06,94.15,6.62,1.82,0.23
 TN270,Oct 09 2011 03:49:09,47 42.18 N,122 27.18 W,47.703,-122.453,P28,5.03,4.99,12.18,29.74,22.48,6.12,2.22,93.68,,,
 TN270,Oct 09 2011 03:49:09,47 42.18 N,122 27.18 W,47.703,-122.453,P28,5.03,4.99,12.18,29.74,22.48,6.10,2.35,93.94,,,
 TN270,Oct 09 2011 03:49:09,47 42.18 N,122 27.18 W,47.703,-122.453,P28,5.03,4.99,12.17,29.75,22.48,6.10,2.76,93.36,,,
 TN270,Oct 09 2011 03:49:09,47 42.18 N,122 27.18 W,47.703,-122.453,P28,5.03,4.99,12.17,29.75,22.49,6.09,2.38,93.66,,,
 TN270,Oct 09 2011 03:49:09,47 42.18 N,122 27.18 W,47.703,-122.453,P28,5.03,4.99,12.18,29.74,22.48,6.13,2.67,93.91,,,
 TN270,Oct 09 2011 03:49:09,47 42.18 N,122 27.18 W,47.703,-122.453,P28,5.04,4.99,12.15,29.76,22.49,6.04,2.11,94.02,,,
 TN270,Oct 09 2011 03:49:09,47 42.18 N,122 27.18 W,47.703,-122.453,P28,5.04,5.00,12.17,29.75,22.48,6.11,2.47,93.82,,,
 TN270,Oct 09 2011 03:49:09,47 42.18 N,122 27.18 W,47.703,-122.453,P28,5.04,5.00,12.16,29.75,22.49,6.09,2.34,93.84,,,
 TN270,Oct 09 2011 03:49:09,47 42.18 N,122 27.18 W,47.703,-122.453,P28,5.04,5.00,12.16,29.76,22.49,6.07,2.91,93.62,,,
 TN270,Oct 09 2011 03:49:09,47 42.18 N,122 27.18 W,47.703,-122.453,P28,10.10,10.01,11.93,30.00,22.72,5.39,1.76,94.59,6.25,1.51,0.23
 TN270,Oct 09 2011 03:49:09,47 42.18 N,122 27.18 W,47.703,-122.453,P28,20.14,19.97,11.88,30.04,22.76,5.28,1.13,95.09,5.91,0.91,0.18
 TN270,Oct 09 2011 03:49:09,47 42.18 N,122 27.18 W,47.703,-122.453,P28,30.18,29.93,11.83,30.06,22.79,5.20,0.92,95.09,5.77,0.57,0.21
 TN270,Oct 09 2011 03:49:09,47 42.18 N,122 27.18 W,47.703,-122.453,P28,50.74,50.31,11.65,30.17,22.91,5.01,0.82,94.25,5.57,0.31,0.23
 TN270,Oct 09 2011 03:49:09,47 42.18 N,122 27.18 W,47.703,-122.453,P28,80.80,80.11,11.32,30.32,23.08,5.13,0.72,93.69,5.64,,
 TN270,Oct 09 2011 03:49:09,47 42.18 N,122 27.18 W,47.703,-122.453,P28,101.01,100.14,11.27,30.38,23.14,5.02,0.69,92.04,5.60,,
 TN270,Oct 09 2011 03:49:09,47 42.18 N,122 27.18 W,47.703,-122.453,P28,121.33,120.28,11.18,30.41,23.18,5.15,0.75,91.95,5.76,,
 TN270,Oct 09 2011 03:49:09,47 42.18 N,122 27.18 W,47.703,-122.453,P28,151.59,150.26,11.06,30.48,23.25,5.24,0.97,87.25,5.85,,
 TN270,Oct 09 2011 03:49:09,47 42.18 N,122 27.18 W,47.703,-122.453,P28,191.63,189.94,10.90,30.58,23.36,5.21,1.18,69.13,5.82,,
 TN270,Oct 09 2011 07:56:04,47 27.36 N,122 24.54 W,47.456,-122.409,P30,5.16,5.11,12.26,29.72,22.45,6.48,4.37,94.29,6.60,3.12,0.30
 TN270,Oct 09 2011 07:56:04,47 27.36 N,122 24.54 W,47.456,-122.409,P30,10.10,10.01,12.00,29.98,22.69,5.54,1.72,96.11,6.17,1.37,0.20
 TN270,Oct 09 2011 07:56:04,47 27.36 N,122 24.54 W,47.456,-122.409,P30,20.11,19.94,11.90,30.03,22.75,5.31,1.37,95.71,6.16,1.19,0.16
 TN270,Oct 09 2011 07:56:04,47 27.36 N,122 24.54 W,47.456,-122.409,P30,30.20,29.95,11.84,30.06,22.79,5.23,1.39,94.87,5.80,0.95,0.20
 TN270,Oct 09 2011 07:56:04,47 27.36 N,122 24.54 W,47.456,-122.409,P30,50.48,50.05,11.71,30.14,22.87,5.05,1.02,94.82,5.71,0.54,0.24
 TN270,Oct 09 2011 07:56:04,47 27.36 N,122 24.54 W,47.456,-122.409,P30,80.63,79.94,11.30,30.39,23.14,4.86,0.68,91.84,5.44,,
 TN270,Oct 09 2011 07:56:04,47 27.36 N,122 24.54 W,47.456,-122.409,P30,100.75,99.89,11.28,30.41,23.16,4.85,0.69,91.17,5.46,,
 TN270,Oct 09 2011 07:56:04,47 27.36 N,122 24.54 W,47.456,-122.409,P30,120.99,119.94,11.24,30.45,23.20,4.81,0.71,90.74,5.38,,
 TN270,Oct 09 2011 07:56:04,47 27.36 N,122 24.54 W,47.456,-122.409,P30,171.38,169.88,11.21,30.47,23.22,4.61,0.68,88.39,5.15,,
 TN270,Oct 09 2011 07:56:04,47 27.36 N,122 24.54 W,47.456,-122.409,P30,216.94,215.01,11.18,30.48,23.24,4.49,0.67,86.32,5.05,,
 TN270,Oct 09 2011 10:34:32,47 20.04 N,122 26.4 W,47.334,-122.440,P32,2.55,2.53,12.75,28.49,21.40,6.65,2.52,90.94,7.59,1.94,0.27
 TN270,Oct 09 2011 10:34:32,47 20.04 N,122 26.4 W,47.334,-122.440,P32,4.72,4.68,12.65,28.76,21.63,6.69,2.88,90.79,,,
 TN270,Oct 09 2011 10:34:32,47 20.04 N,122 26.4 W,47.334,-122.440,P32,4.72,4.68,12.72,28.57,21.47,6.71,3.30,90.85,,,
 TN270,Oct 09 2011 10:34:32,47 20.04 N,122 26.4 W,47.334,-122.440,P32,4.72,4.68,12.67,28.69,21.58,6.73,3.27,90.84,,,
 TN270,Oct 09 2011 10:34:32,47 20.04 N,122 26.4 W,47.334,-122.440,P32,4.72,4.69,12.62,28.80,21.66,6.74,3.38,90.73,,,
 TN270,Oct 09 2011 10:34:32,47 20.04 N,122 26.4 W,47.334,-122.440,P32,4.73,4.69,12.72,28.55,21.45,6.68,2.72,90.74,,,
 TN270,Oct 09 2011 10:34:32,47 20.04 N,122 26.4 W,47.334,-122.440,P32,4.73,4.69,12.73,28.50,21.41,6.69,2.52,90.68,,,
 TN270,Oct 09 2011 10:34:32,47 20.04 N,122 26.4 W,47.334,-122.440,P32,4.73,4.69,12.70,28.58,21.48,6.70,2.51,90.67,,,
 TN270,Oct 09 2011 10:34:32,47 20.04 N,122 26.4 W,47.334,-122.440,P32,4.73,4.69,12.75,28.45,21.37,6.67,2.56,90.71,,,
 TN270,Oct 09 2011 10:34:32,47 20.04 N,122 26.4 W,47.334,-122.440,P32,4.73,4.69,12.75,28.46,21.38,6.67,2.41,90.81,,,
 TN270,Oct 09 2011 10:34:32,47 20.04 N,122 26.4 W,47.334,-122.440,P32,5.28,5.24,12.58,28.94,21.78,6.66,2.44,91.20,6.92,3.03,0.27
 TN270,Oct 09 2011 10:34:32,47 20.04 N,122 26.4 W,47.334,-122.440,P32,10.36,10.27,11.96,29.98,22.70,5.44,1.20,96.96,6.08,1.00,0.12
 TN270,Oct 09 2011 10:34:32,47 20.04 N,122 26.4 W,47.334,-122.440,P32,20.37,20.20,11.86,30.04,22.76,5.23,1.07,96.97,6.00,0.70,0.09
 TN270,Oct 09 2011 10:34:32,47 20.04 N,122 26.4 W,47.334,-122.440,P32,30.11,29.85,11.79,30.08,22.81,5.10,0.73,96.58,5.74,0.32,0.10
 TN270,Oct 09 2011 10:34:32,47 20.04 N,122 26.4 W,47.334,-122.440,P32,50.69,50.26,11.70,30.14,22.87,5.00,0.64,96.51,5.54,0.24,0.12
 TN270,Oct 09 2011 10:34:32,47 20.04 N,122 26.4 W,47.334,-122.440,P32,80.99,80.30,11.40,30.34,23.08,4.80,0.60,94.91,5.35,,
 TN270,Oct 09 2011 10:34:32,47 20.04 N,122 26.4 W,47.334,-122.440,P32,100.92,100.05,11.33,30.39,23.14,4.77,0.58,93.39,5.34,,
 TN270,Oct 09 2011 10:34:32,47 20.04 N,122 26.4 W,47.334,-122.440,P32,121.10,120.06,11.28,30.43,23.17,4.75,0.58,91.46,5.31,,
 TN270,Oct 09 2011 10:34:32,47 20.04 N,122 26.4 W,47.334,-122.440,P32,172.47,170.96,11.20,30.46,23.21,4.53,0.55,88.12,5.08,,
 TN270,Oct 09 2011 12:00:10,47 19.14 N,122 30.0 W,47.319,-122.500,P33,2.91,2.88,11.95,29.96,22.69,5.37,1.66,93.27,6.08,2.06,0.45
 TN270,Oct 09 2011 12:00:10,47 19.14 N,122 30.0 W,47.319,-122.500,P33,5.01,4.97,11.79,30.06,22.79,5.23,1.58,92.95,,,
 TN270,Oct 09 2011 12:00:10,47 19.14 N,122 30.0 W,47.319,-122.500,P33,5.06,5.01,11.80,30.05,22.78,5.29,1.48,92.92,,,
 TN270,Oct 09 2011 12:00:10,47 19.14 N,122 30.0 W,47.319,-122.500,P33,5.06,5.02,11.85,30.02,22.75,5.20,1.45,92.88,5.88,1.37,0.33
 TN270,Oct 09 2011 12:00:10,47 19.14 N,122 30.0 W,47.319,-122.500,P33,10.17,10.08,11.73,30.09,22.83,5.17,1.42,92.74,5.92,1.12,0.33
 TN270,Oct 09 2011 12:00:10,47 19.14 N,122 30.0 W,47.319,-122.500,P33,20.26,20.09,11.64,30.15,22.89,5.07,1.16,92.84,5.75,0.93,0.26
 TN270,Oct 09 2011 12:00:10,47 19.14 N,122 30.0 W,47.319,-122.500,P33,30.61,30.35,11.59,30.18,22.92,5.01,1.14,92.57,5.71,0.73,0.26
 TN270,Oct 09 2011 12:00:10,47 19.14 N,122 30.0 W,47.319,-122.500,P33,50.73,50.30,11.58,30.19,22.94,4.98,1.40,92.99,5.70,0.80,0.25
 TN270,Oct 09 2011 12:00:10,47 19.14 N,122 30.0 W,47.319,-122.500,P33,80.99,80.30,11.46,30.28,23.03,4.85,0.77,92.07,5.55,,
 TN270,Oct 09 2011 12:00:10,47 19.14 N,122 30.0 W,47.319,-122.500,P33,121.49,120.44,11.27,30.42,23.16,4.64,0.58,90.07,,,
 TN270,Oct 09 2011 12:00:10,47 19.14 N,122 30.0 W,47.319,-122.500,P33,146.01,144.74,11.27,30.42,23.17,4.62,0.60,88.94,4.82,,
 TN270,Oct 09 2011 23:28:05,47 15.9 N,122 51.18 W,47.265,-122.853,P37,2.85,2.83,13.63,29.12,21.72,6.85,5.09,91.02,7.11,5.14,0.89
 TN270,Oct 09 2011 23:28:05,47 15.9 N,122 51.18 W,47.265,-122.853,P37,5.14,5.10,13.57,29.20,21.79,6.56,4.32,91.44,,,
 TN270,Oct 09 2011 23:28:05,47 15.9 N,122 51.18 W,47.265,-122.853,P37,5.14,5.10,13.62,29.14,21.74,6.82,4.18,91.25,,,
 TN270,Oct 09 2011 23:28:05,47 15.9 N,122 51.18 W,47.265,-122.853,P37,5.15,5.10,13.38,29.29,21.90,6.15,4.65,90.90,,,
 TN270,Oct 09 2011 23:28:05,47 15.9 N,122 51.18 W,47.265,-122.853,P37,5.15,5.10,13.43,29.27,21.87,6.28,4.12,91.47,,,
 TN270,Oct 09 2011 23:28:05,47 15.9 N,122 51.18 W,47.265,-122.853,P37,5.15,5.11,13.52,29.21,21.81,6.51,4.46,91.26,,,
 TN270,Oct 09 2011 23:28:05,47 15.9 N,122 51.18 W,47.265,-122.853,P37,5.15,5.11,13.60,29.16,21.76,6.62,4.30,91.16,,,
 TN270,Oct 09 2011 23:28:05,47 15.9 N,122 51.18 W,47.265,-122.853,P37,5.15,5.11,13.42,29.27,21.88,6.18,4.61,91.11,,,
 TN270,Oct 09 2011 23:28:05,47 15.9 N,122 51.18 W,47.265,-122.853,P37,5.15,5.11,13.40,29.28,21.89,6.26,4.23,91.77,,,
 TN270,Oct 09 2011 23:28:05,47 15.9 N,122 51.18 W,47.265,-122.853,P37,5.16,5.11,13.42,29.27,21.88,6.29,4.69,91.30,6.80,5.55,0.59
 TN270,Oct 09 2011 23:28:05,47 15.9 N,122 51.18 W,47.265,-122.853,P37,5.16,5.12,13.61,29.14,21.74,6.77,4.61,90.63,,,
 TN270,Oct 09 2011 23:28:05,47 15.9 N,122 51.18 W,47.265,-122.853,P37,5.16,5.12,13.39,29.29,21.90,6.27,4.79,91.49,,,
 TN270,Oct 09 2011 23:28:05,47 15.9 N,122 51.18 W,47.265,-122.853,P37,5.16,5.12,13.39,29.29,21.90,6.18,4.04,90.34,,,
 TN270,Oct 09 2011 23:28:05,47 15.9 N,122 51.18 W,47.265,-122.853,P37,5.17,5.12,13.49,29.24,21.84,6.19,4.51,90.78,,,
 TN270,Oct 09 2011 23:28:05,47 15.9 N,122 51.18 W,47.265,-122.853,P37,5.17,5.12,13.41,29.27,21.88,6.23,4.29,91.23,,,
 TN270,Oct 09 2011 23:28:05,47 15.9 N,122 51.18 W,47.265,-122.853,P37,10.12,10.04,13.22,29.37,22.00,5.75,4.22,91.82,6.36,3.38,0.71
 TN270,Oct 09 2011 23:28:05,47 15.9 N,122 51.18 W,47.265,-122.853,P37,20.70,20.52,12.69,29.61,22.28,5.22,1.64,87.99,6.37,1.66,0.72
 TN270,Oct 09 2011 23:28:05,47 15.9 N,122 51.18 W,47.265,-122.853,P37,30.66,30.40,12.59,29.65,22.33,5.19,1.59,82.98,5.97,1.79,0.87
 TN270,Oct 09 2011 23:28:05,47 15.9 N,122 51.18 W,47.265,-122.853,P37,51.90,51.46,12.53,29.67,22.36,5.26,1.72,81.86,6.05,1.68,0.78
 TN270,Oct 10 2011 01:54:24,47 10.02 N,122 47.16 W,47.167,-122.786,P36,2.83,2.81,13.12,29.40,22.03,6.02,3.49,88.97,6.72,4.44,0.46
 TN270,Oct 10 2011 01:54:24,47 10.02 N,122 47.16 W,47.167,-122.786,P36,5.31,5.27,13.08,29.41,22.06,5.99,3.62,89.39,,,
 TN270,Oct 10 2011 01:54:24,47 10.02 N,122 47.16 W,47.167,-122.786,P36,5.32,5.27,13.08,29.41,22.05,5.98,3.78,89.51,,,
 TN270,Oct 10 2011 01:54:24,47 10.02 N,122 47.16 W,47.167,-122.786,P36,5.32,5.27,13.08,29.41,22.05,5.99,3.68,89.41,6.73,3.40,0.61
 TN270,Oct 10 2011 01:54:24,47 10.02 N,122 47.16 W,47.167,-122.786,P36,5.32,5.28,13.08,29.41,22.05,5.98,3.72,89.56,,,
 TN270,Oct 10 2011 01:54:24,47 10.02 N,122 47.16 W,47.167,-122.786,P36,5.32,5.28,13.07,29.41,22.06,5.98,3.59,89.80,,,
 TN270,Oct 10 2011 01:54:24,47 10.02 N,122 47.16 W,47.167,-122.786,P36,10.23,10.14,13.05,29.43,22.07,5.95,3.29,89.56,6.57,3.75,0.61
 TN270,Oct 10 2011 01:54:24,47 10.02 N,122 47.16 W,47.167,-122.786,P36,20.45,20.28,12.81,29.54,22.21,5.62,2.78,89.59,6.34,3.12,0.66
 TN270,Oct 10 2011 01:54:24,47 10.02 N,122 47.16 W,47.167,-122.786,P36,30.52,30.26,12.67,29.60,22.28,5.60,3.12,90.18,6.34,2.85,0.70
 TN270,Oct 10 2011 01:54:24,47 10.02 N,122 47.16 W,47.167,-122.786,P36,50.67,50.24,12.61,29.63,22.31,5.51,2.18,91.33,6.26,1.86,0.43
 TN270,Oct 10 2011 01:54:24,47 10.02 N,122 47.16 W,47.167,-122.786,P36,70.82,70.22,12.56,29.65,22.34,5.42,2.61,90.92,6.08,,
 TN270,Oct 10 2011 01:54:24,47 10.02 N,122 47.16 W,47.167,-122.786,P36,90.47,89.70,12.46,29.69,22.39,5.33,2.15,88.80,6.03,,
 TN270,Oct 10 2011 03:47:40,47 10.86 N,122 37.98 W,47.181,-122.633,P35,2.39,2.37,12.68,29.33,22.07,5.85,2.26,92.25,6.58,2.90,0.58
 TN270,Oct 10 2011 03:47:40,47 10.86 N,122 37.98 W,47.181,-122.633,P35,5.11,5.07,12.65,29.45,22.16,5.77,1.98,92.12,,,
 TN270,Oct 10 2011 03:47:40,47 10.86 N,122 37.98 W,47.181,-122.633,P35,5.11,5.07,12.57,29.61,22.30,5.69,2.35,92.08,6.43,3.09,0.57
 TN270,Oct 10 2011 03:47:40,47 10.86 N,122 37.98 W,47.181,-122.633,P35,5.12,5.08,12.64,29.48,22.19,5.80,2.05,92.07,,,
 TN270,Oct 10 2011 03:47:40,47 10.86 N,122 37.98 W,47.181,-122.633,P35,5.12,5.08,12.58,29.59,22.28,5.70,2.64,92.50,,,
 TN270,Oct 10 2011 03:47:40,47 10.86 N,122 37.98 W,47.181,-122.633,P35,5.12,5.08,12.63,29.51,22.21,5.74,2.26,92.28,,,
 TN270,Oct 10 2011 03:47:40,47 10.86 N,122 37.98 W,47.181,-122.633,P35,9.96,9.88,12.57,29.61,22.30,5.69,2.30,92.97,6.37,1.39,0.20
 TN270,Oct 10 2011 03:47:40,47 10.86 N,122 37.98 W,47.181,-122.633,P35,20.28,20.11,12.56,29.64,22.33,5.81,3.07,92.07,6.50,3.36,0.65
 TN270,Oct 10 2011 03:47:40,47 10.86 N,122 37.98 W,47.181,-122.633,P35,30.10,29.84,12.47,29.70,22.39,5.68,3.67,92.41,6.47,2.87,0.70
 TN270,Oct 10 2011 03:47:40,47 10.86 N,122 37.98 W,47.181,-122.633,P35,50.53,50.10,12.28,29.79,22.50,5.47,2.02,93.52,6.10,1.80,0.36
 TN270,Oct 10 2011 03:47:40,47 10.86 N,122 37.98 W,47.181,-122.633,P35,80.85,80.17,12.19,29.84,22.56,5.30,1.49,91.71,5.99,,
 TN270,Oct 10 2011 03:47:40,47 10.86 N,122 37.98 W,47.181,-122.633,P35,121.15,120.11,12.14,29.87,22.59,5.32,1.46,92.80,5.98,,
 TN270,Oct 10 2011 03:47:40,47 10.86 N,122 37.98 W,47.181,-122.633,P35,166.34,164.89,12.06,29.92,22.64,5.15,1.37,82.35,5.39,,
 TN270,Oct 10 2011 05:22:00,47 16.56 N,122 42.48 W,47.276,-122.708,P38,2.82,2.80,13.09,29.41,22.05,8.88,20.03,74.87,9.66,19.35,7.53
 TN270,Oct 10 2011 05:22:00,47 16.56 N,122 42.48 W,47.276,-122.708,P38,5.33,5.29,12.59,29.64,22.32,6.00,9.95,89.13,7.25,11.58,1.70
 TN270,Oct 10 2011 05:22:00,47 16.56 N,122 42.48 W,47.276,-122.708,P38,5.33,5.29,12.61,29.63,22.31,6.10,9.78,88.83,,,
 TN270,Oct 10 2011 05:22:00,47 16.56 N,122 42.48 W,47.276,-122.708,P38,5.34,5.29,12.67,29.60,22.28,6.46,8.81,89.05,,,
 TN270,Oct 10 2011 05:22:00,47 16.56 N,122 42.48 W,47.276,-122.708,P38,5.34,5.29,12.65,29.61,22.29,6.35,8.97,89.00,,,
 TN270,Oct 10 2011 05:22:00,47 16.56 N,122 42.48 W,47.276,-122.708,P38,5.34,5.29,12.62,29.62,22.30,6.21,9.74,88.85,,,
 TN270,Oct 10 2011 05:22:00,47 16.56 N,122 42.48 W,47.276,-122.708,P38,5.34,5.29,12.64,29.62,22.30,6.25,8.53,88.03,,,
 TN270,Oct 10 2011 05:22:00,47 16.56 N,122 42.48 W,47.276,-122.708,P38,5.34,5.30,12.64,29.62,22.29,6.34,9.48,87.96,,,
 TN270,Oct 10 2011 05:22:00,47 16.56 N,122 42.48 W,47.276,-122.708,P38,5.34,5.30,12.67,29.60,22.28,6.43,9.33,89.00,,,
 TN270,Oct 10 2011 05:22:00,47 16.56 N,122 42.48 W,47.276,-122.708,P38,5.34,5.30,12.60,29.63,22.31,6.09,8.13,88.67,,,
 TN270,Oct 10 2011 05:22:00,47 16.56 N,122 42.48 W,47.276,-122.708,P38,5.34,5.30,12.63,29.62,22.30,6.38,8.37,87.20,,,
 TN270,Oct 10 2011 05:22:00,47 16.56 N,122 42.48 W,47.276,-122.708,P38,10.40,10.31,12.43,29.71,22.41,5.04,3.65,95.73,5.81,3.09,0.78
 TN270,Oct 10 2011 05:22:00,47 16.56 N,122 42.48 W,47.276,-122.708,P38,20.27,20.11,12.40,29.73,22.43,5.16,0.90,95.53,5.80,0.55,0.31
 TN270,Oct 10 2011 05:22:00,47 16.56 N,122 42.48 W,47.276,-122.708,P38,30.73,30.47,12.38,29.74,22.44,5.16,1.11,94.87,5.81,0.97,0.75
 TN270,Oct 10 2011 05:22:00,47 16.56 N,122 42.48 W,47.276,-122.708,P38,50.06,49.64,12.35,29.76,22.46,5.22,1.32,93.65,5.78,0.92,0.42
 TN270,Oct 10 2011 05:22:00,47 16.56 N,122 42.48 W,47.276,-122.708,P38,80.93,80.24,12.19,29.85,22.56,4.79,1.05,76.50,5.47,,
 TN270,Oct 10 2011 05:22:00,47 16.56 N,122 42.48 W,47.276,-122.708,P38,95.42,94.61,12.14,29.87,22.59,4.94,1.48,64.88,5.50,,
 TN270,Oct 10 2011 22:33:27,47 23.58 N,122 21.6 W,47.393,-122.360,P31,2.64,2.62,12.22,29.78,22.50,6.23,3.32,95.18,7.03,3.27,0.23
 TN270,Oct 10 2011 22:33:27,47 23.58 N,122 21.6 W,47.393,-122.360,P31,5.27,5.23,12.27,29.74,22.46,6.31,3.39,95.10,,,
 TN270,Oct 10 2011 22:33:27,47 23.58 N,122 21.6 W,47.393,-122.360,P31,5.28,5.23,12.27,29.73,22.45,6.33,3.37,95.00,6.61,,
 TN270,Oct 10 2011 22:33:27,47 23.58 N,122 21.6 W,47.393,-122.360,P31,5.30,5.26,12.28,29.74,22.46,6.32,3.46,95.02,,,
 TN270,Oct 10 2011 22:33:27,47 23.58 N,122 21.6 W,47.393,-122.360,P31,5.31,5.26,12.28,29.74,22.46,6.32,3.03,95.01,,,
 TN270,Oct 10 2011 22:33:27,47 23.58 N,122 21.6 W,47.393,-122.360,P31,5.33,5.28,12.28,29.74,22.45,6.38,3.57,94.78,,,
 TN270,Oct 10 2011 22:33:27,47 23.58 N,122 21.6 W,47.393,-122.360,P31,5.33,5.28,12.27,29.74,22.46,6.35,3.98,95.08,,,
 TN270,Oct 10 2011 22:33:27,47 23.58 N,122 21.6 W,47.393,-122.360,P31,10.20,10.11,12.06,29.93,22.64,5.74,1.71,96.35,6.27,,
 TN270,Oct 10 2011 22:33:27,47 23.58 N,122 21.6 W,47.393,-122.360,P31,20.42,20.25,11.96,29.99,22.71,5.49,1.30,96.64,5.88,0.69,0.18
 TN270,Oct 10 2011 22:33:27,47 23.58 N,122 21.6 W,47.393,-122.360,P31,30.33,30.08,11.68,30.16,22.89,5.05,0.74,95.55,5.62,0.33,0.20
 TN270,Oct 10 2011 22:33:27,47 23.58 N,122 21.6 W,47.393,-122.360,P31,50.57,50.14,11.55,30.24,22.98,4.91,0.63,95.18,5.48,0.32,0.27
 TN270,Oct 10 2011 22:33:27,47 23.58 N,122 21.6 W,47.393,-122.360,P31,80.89,80.20,11.26,30.42,23.17,4.81,0.92,91.33,5.42,,
 TN270,Oct 10 2011 22:33:27,47 23.58 N,122 21.6 W,47.393,-122.360,P31,101.07,100.21,11.24,30.43,23.18,4.82,0.62,91.65,5.42,,
 TN270,Oct 10 2011 22:33:27,47 23.58 N,122 21.6 W,47.393,-122.360,P31,121.34,120.29,11.23,30.45,23.20,4.72,0.58,92.14,5.32,,
 TN270,Oct 10 2011 22:33:27,47 23.58 N,122 21.6 W,47.393,-122.360,P31,151.44,150.12,11.21,30.46,23.21,4.59,0.58,90.27,5.15,,
 TN270,Oct 10 2011 22:33:27,47 23.58 N,122 21.6 W,47.393,-122.360,P31,181.92,180.33,11.20,30.47,23.22,4.52,0.57,89.73,5.09,,
 TN270,Oct 10 2011 22:33:27,47 23.58 N,122 21.6 W,47.393,-122.360,P31,216.92,215.00,11.19,30.48,23.23,4.47,0.55,87.03,5.02,,
 TN270,Oct 11 2011 01:38:34,47 33.3 N,122 26.46 W,47.555,-122.441,P29,2.68,2.66,11.98,30.02,22.73,5.68,1.99,94.09,6.31,2.74,0.29
 TN270,Oct 11 2011 01:38:34,47 33.3 N,122 26.46 W,47.555,-122.441,P29,5.19,5.15,11.98,30.02,22.73,5.67,1.89,93.88,6.29,2.44,0.37
 TN270,Oct 11 2011 01:38:34,47 33.3 N,122 26.46 W,47.555,-122.441,P29,5.19,5.15,11.98,30.02,22.73,5.69,1.90,93.73,,,
 TN270,Oct 11 2011 01:38:34,47 33.3 N,122 26.46 W,47.555,-122.441,P29,5.20,5.15,11.98,30.02,22.73,5.68,2.11,94.09,,,
 TN270,Oct 11 2011 01:38:34,47 33.3 N,122 26.46 W,47.555,-122.441,P29,5.20,5.16,11.98,30.02,22.73,5.67,1.99,94.09,,,
 TN270,Oct 11 2011 01:38:34,47 33.3 N,122 26.46 W,47.555,-122.441,P29,5.20,5.16,11.98,30.02,22.73,5.67,2.02,93.93,,,
 TN270,Oct 11 2011 01:38:34,47 33.3 N,122 26.46 W,47.555,-122.441,P29,5.20,5.16,11.98,30.02,22.73,5.68,2.11,93.98,,,
 TN270,Oct 11 2011 01:38:34,47 33.3 N,122 26.46 W,47.555,-122.441,P29,5.20,5.16,11.98,30.02,22.73,5.68,1.96,93.88,,,
 TN270,Oct 11 2011 01:38:34,47 33.3 N,122 26.46 W,47.555,-122.441,P29,5.20,5.16,11.98,30.02,22.73,5.69,2.03,93.75,,,
 TN270,Oct 11 2011 01:38:34,47 33.3 N,122 26.46 W,47.555,-122.441,P29,5.21,5.16,11.98,30.02,22.73,5.68,2.02,93.97,,,
 TN270,Oct 11 2011 01:38:34,47 33.3 N,122 26.46 W,47.555,-122.441,P29,5.21,5.17,11.98,30.02,22.73,5.69,1.88,93.96,,,
 TN270,Oct 11 2011 01:38:34,47 33.3 N,122 26.46 W,47.555,-122.441,P29,5.21,5.17,11.98,30.02,22.73,5.69,2.04,94.14,,,
 TN270,Oct 11 2011 01:38:34,47 33.3 N,122 26.46 W,47.555,-122.441,P29,10.23,10.15,11.93,30.04,22.75,5.48,1.98,94.67,6.13,2.17,0.23
 TN270,Oct 11 2011 01:38:34,47 33.3 N,122 26.46 W,47.555,-122.441,P29,20.16,19.99,11.90,30.05,22.77,5.37,1.69,94.25,5.93,2.01,0.25
 TN270,Oct 11 2011 01:38:34,47 33.3 N,122 26.46 W,47.555,-122.441,P29,30.52,30.27,11.83,30.08,22.80,5.19,1.68,94.39,5.81,1.72,0.31
 TN270,Oct 11 2011 01:38:34,47 33.3 N,122 26.46 W,47.555,-122.441,P29,50.52,50.09,11.73,30.14,22.87,5.11,1.14,93.89,5.67,1.50,0.35
 TN270,Oct 11 2011 01:38:34,47 33.3 N,122 26.46 W,47.555,-122.441,P29,80.85,80.16,11.60,30.21,22.95,5.06,1.35,93.11,5.72,,
 TN270,Oct 11 2011 01:38:34,47 33.3 N,122 26.46 W,47.555,-122.441,P29,100.69,99.82,11.25,30.38,23.14,4.91,0.71,92.03,5.42,,
 TN270,Oct 11 2011 01:38:34,47 33.3 N,122 26.46 W,47.555,-122.441,P29,131.25,130.11,11.20,30.41,23.17,4.97,0.72,91.33,5.61,,
 TN270,Oct 11 2011 01:38:34,47 33.3 N,122 26.46 W,47.555,-122.441,P29,151.26,149.94,11.14,30.44,23.21,5.01,0.78,90.26,5.55,,
 TN270,Oct 11 2011 01:38:34,47 33.3 N,122 26.46 W,47.555,-122.441,P29,181.67,180.07,11.11,30.46,23.23,5.01,0.85,86.63,5.58,,
 TN270,Oct 11 2011 01:38:34,47 33.3 N,122 26.46 W,47.555,-122.441,P29,201.86,200.08,11.10,30.47,23.24,5.01,0.89,83.38,5.61,,
 TN270,Oct 11 2011 01:38:34,47 33.3 N,122 26.46 W,47.555,-122.441,P29,217.00,215.08,11.09,30.48,23.24,5.01,0.90,82.27,5.60,,
 TN270,Oct 11 2011 10:57:46,47 48.78 N,122 27.24 W,47.813,-122.454,P27,2.61,2.59,11.67,30.17,22.90,5.71,1.82,93.73,6.34,1.99,0.36
 TN270,Oct 11 2011 10:57:46,47 48.78 N,122 27.24 W,47.813,-122.454,P27,5.18,5.14,11.67,30.17,22.90,5.69,1.86,93.77,6.39,1.13,0.23
 TN270,Oct 11 2011 10:57:46,47 48.78 N,122 27.24 W,47.813,-122.454,P27,10.36,10.27,11.65,30.18,22.91,5.59,1.92,93.83,6.36,1.24,0.18
 TN270,Oct 11 2011 10:57:46,47 48.78 N,122 27.24 W,47.813,-122.454,P27,20.20,20.03,11.53,30.21,22.96,5.36,1.54,94.51,5.90,0.83,0.48
 TN270,Oct 11 2011 10:57:46,47 48.78 N,122 27.24 W,47.813,-122.454,P27,30.26,30.00,11.41,30.24,23.00,5.33,1.22,94.34,6.07,0.69,0.22
 TN270,Oct 11 2011 10:57:46,47 48.78 N,122 27.24 W,47.813,-122.454,P27,50.41,49.98,11.40,30.25,23.01,5.37,1.21,94.36,6.04,0.86,0.37
 TN270,Oct 11 2011 10:57:46,47 48.78 N,122 27.24 W,47.813,-122.454,P27,80.70,80.01,11.24,30.32,23.10,5.31,1.12,94.10,5.98,,
 TN270,Oct 11 2011 10:57:46,47 48.78 N,122 27.24 W,47.813,-122.454,P27,110.77,109.81,11.11,30.41,23.19,5.25,1.08,93.77,5.90,,
 TN270,Oct 11 2011 10:57:46,47 48.78 N,122 27.24 W,47.813,-122.454,P27,151.12,149.80,11.04,30.45,23.23,5.22,1.03,91.63,5.89,,
 TN270,Oct 11 2011 10:57:46,47 48.78 N,122 27.24 W,47.813,-122.454,P27,194.09,192.37,11.02,30.47,23.25,5.18,1.21,74.65,5.85,,
 TN270,Oct 11 2011 12:44:29,47 53.04 N,122 21.9 W,47.884,-122.365,P5,2.89,2.86,12.04,29.82,22.56,5.95,2.40,94.23,6.73,1.47,0.34
 TN270,Oct 11 2011 12:44:29,47 53.04 N,122 21.9 W,47.884,-122.365,P5,5.43,5.39,12.04,29.81,22.56,5.95,2.54,94.29,6.71,1.37,0.42
 TN270,Oct 11 2011 12:44:29,47 53.04 N,122 21.9 W,47.884,-122.365,P5,10.19,10.11,12.04,29.81,22.56,5.94,2.51,94.43,6.65,1.29,0.39
 TN270,Oct 11 2011 12:44:29,47 53.04 N,122 21.9 W,47.884,-122.365,P5,20.30,20.13,11.82,29.99,22.74,5.37,1.64,94.20,6.01,0.53,0.23
 TN270,Oct 11 2011 12:44:29,47 53.04 N,122 21.9 W,47.884,-122.365,P5,30.46,30.21,11.72,30.07,22.81,5.23,1.12,95.20,5.89,0.42,0.24
 TN270,Oct 11 2011 12:44:29,47 53.04 N,122 21.9 W,47.884,-122.365,P5,50.67,50.24,11.47,30.22,22.98,4.87,0.54,94.91,5.48,0.12,0.28
 TN270,Oct 11 2011 12:44:29,47 53.04 N,122 21.9 W,47.884,-122.365,P5,80.85,80.16,11.29,30.36,23.12,4.96,0.62,94.11,5.64,,
 TN270,Oct 11 2011 12:44:29,47 53.04 N,122 21.9 W,47.884,-122.365,P5,111.28,110.32,11.18,30.41,23.18,5.05,0.72,92.69,5.71,,
 TN270,Oct 11 2011 12:44:29,47 53.04 N,122 21.9 W,47.884,-122.365,P5,151.58,150.25,11.10,30.46,23.23,5.10,0.80,89.05,5.74,,
 TN270,Oct 11 2011 12:44:29,47 53.04 N,122 21.9 W,47.884,-122.365,P5,211.73,209.85,11.08,30.47,23.24,5.03,0.88,83.26,5.66,,
 TN270,Oct 11 2011 15:21:09,48 1.02 N,122 18.24 W,48.017,-122.304,P1,2.35,2.33,11.58,28.89,21.93,5.57,3.09,90.96,6.19,1.69,0.83
 TN270,Oct 11 2011 15:21:09,48 1.02 N,122 18.24 W,48.017,-122.304,P1,5.22,5.17,11.46,29.09,22.10,5.26,2.90,90.79,5.81,1.46,0.64
 TN270,Oct 11 2011 15:21:09,48 1.02 N,122 18.24 W,48.017,-122.304,P1,10.17,10.08,11.18,29.54,22.50,4.61,2.40,92.89,5.20,0.89,0.53
 TN270,Oct 11 2011 15:21:09,48 1.02 N,122 18.24 W,48.017,-122.304,P1,20.24,20.07,11.10,29.72,22.65,4.41,1.19,93.46,4.93,0.51,0.43
 TN270,Oct 11 2011 15:21:09,48 1.02 N,122 18.24 W,48.017,-122.304,P1,30.19,29.93,10.95,29.88,22.80,4.23,0.60,92.56,4.67,0.15,0.43
 TN270,Oct 11 2011 15:21:09,48 1.02 N,122 18.24 W,48.017,-122.304,P1,50.26,49.83,10.75,30.00,22.93,3.69,0.55,90.15,4.21,0.10,0.42
 TN270,Oct 11 2011 15:21:09,48 1.02 N,122 18.24 W,48.017,-122.304,P1,80.64,79.95,11.09,30.22,23.04,4.09,0.56,85.00,4.69,,
 TN270,Oct 11 2011 15:21:09,48 1.02 N,122 18.24 W,48.017,-122.304,P1,103.67,102.78,11.18,30.34,23.12,4.32,0.56,80.23,4.84,,
 TN270,Oct 11 2011 16:41:21,48 7.92 N,122 23.88 W,48.132,-122.398,P2,2.45,2.43,12.65,26.01,19.51,7.50,3.13,87.86,8.42,2.30,0.83
 TN270,Oct 11 2011 16:41:21,48 7.92 N,122 23.88 W,48.132,-122.398,P2,4.97,4.93,12.65,26.02,19.51,7.48,3.14,88.06,8.35,2.24,0.87
 TN270,Oct 11 2011 16:41:21,48 7.92 N,122 23.88 W,48.132,-122.398,P2,10.11,10.02,11.86,27.44,20.75,6.23,2.96,90.00,6.36,1.45,0.81
 TN270,Oct 11 2011 16:41:21,48 7.92 N,122 23.88 W,48.132,-122.398,P2,20.24,20.07,10.46,29.63,22.69,3.89,1.01,93.67,4.58,0.51,0.48
 TN270,Oct 11 2011 16:41:21,48 7.92 N,122 23.88 W,48.132,-122.398,P2,29.79,29.54,10.55,29.63,22.67,3.95,0.77,92.50,4.02,0.22,0.37
 TN270,Oct 11 2011 16:41:21,48 7.92 N,122 23.88 W,48.132,-122.398,P2,50.55,50.12,10.48,29.92,22.91,3.23,0.59,86.81,3.86,0.09,0.36
 TN270,Oct 11 2011 16:41:21,48 7.92 N,122 23.88 W,48.132,-122.398,P2,80.75,80.05,11.03,30.18,23.02,4.01,0.54,86.34,4.53,,
 TN270,Oct 11 2011 16:41:21,48 7.92 N,122 23.88 W,48.132,-122.398,P2,100.95,100.08,11.14,30.31,23.10,4.11,0.57,76.39,4.66,,
 TN270,Oct 11 2011 16:41:21,48 7.92 N,122 23.88 W,48.132,-122.398,P2,115.83,114.82,11.14,30.34,23.13,3.85,0.60,61.10,4.42,,
 TN270,Oct 11 2011 18:49:17,48 6.36 N,122 29.46 W,48.106,-122.491,P3,3.17,3.15,12.18,27.90,21.05,7.11,3.70,92.62,7.93,0.46,0.10
 TN270,Oct 11 2011 18:49:17,48 6.36 N,122 29.46 W,48.106,-122.491,P3,5.38,5.33,12.17,27.92,21.06,7.06,3.31,92.65,6.61,2.60,0.67
 TN270,Oct 11 2011 18:49:17,48 6.36 N,122 29.46 W,48.106,-122.491,P3,10.23,10.14,11.33,29.16,22.18,4.81,1.78,93.56,4.86,0.58,0.61
 TN270,Oct 11 2011 18:49:17,48 6.36 N,122 29.46 W,48.106,-122.491,P3,20.16,19.99,11.08,29.94,22.83,4.26,0.60,92.29,4.84,0.17,0.52
 TN270,Oct 11 2011 18:49:17,48 6.36 N,122 29.46 W,48.106,-122.491,P3,30.05,29.79,11.09,30.02,22.88,4.23,0.59,89.08,4.74,0.15,0.74
 TN270,Oct 11 2011 18:49:17,48 6.36 N,122 29.46 W,48.106,-122.491,P3,50.33,49.90,11.12,30.12,22.96,4.25,0.54,87.46,4.88,0.12,0.59
 TN270,Oct 11 2011 18:49:17,48 6.36 N,122 29.46 W,48.106,-122.491,P3,80.74,80.04,11.12,30.18,23.01,4.23,0.57,83.55,4.74,,
 TN270,Oct 11 2011 18:49:17,48 6.36 N,122 29.46 W,48.106,-122.491,P3,101.29,100.42,11.12,30.25,23.06,4.20,0.59,77.29,4.73,,
 TN270,Oct 11 2011 18:49:17,48 6.36 N,122 29.46 W,48.106,-122.491,P3,146.19,144.92,11.15,30.30,23.10,4.27,0.60,72.24,4.82,,
 TN270,Oct 11 2011 20:19:43,48 14.46 N,122 33.18 W,48.241,-122.553,P4,3.20,3.17,12.36,26.72,20.11,7.56,4.48,91.69,8.40,4.94,0.90
 TN270,Oct 11 2011 20:19:43,48 14.46 N,122 33.18 W,48.241,-122.553,P4,5.42,5.38,12.18,27.39,20.66,7.03,4.01,92.16,7.63,0.61,0.12
 TN270,Oct 11 2011 20:19:43,48 14.46 N,122 33.18 W,48.241,-122.553,P4,10.47,10.38,12.06,27.80,20.99,6.55,3.74,92.57,7.63,0.56,0.10
 TN270,Oct 11 2011 20:19:43,48 14.46 N,122 33.18 W,48.241,-122.553,P4,20.32,20.15,10.92,29.27,22.33,3.67,1.67,90.88,3.73,1.30,0.44
 TN270,Oct 11 2011 20:19:43,48 14.46 N,122 33.18 W,48.241,-122.553,P4,30.68,30.42,10.55,29.70,22.73,3.31,0.62,92.60,3.83,0.20,0.32
 TN270,Oct 11 2011 20:19:43,48 14.46 N,122 33.18 W,48.241,-122.553,P4,50.84,50.40,10.86,29.97,22.89,3.73,0.63,83.97,,,
 TN270,Oct 11 2011 20:19:43,48 14.46 N,122 33.18 W,48.241,-122.553,P4,87.42,86.67,10.98,30.10,22.97,3.76,0.68,56.94,,,
 TN270,Oct 12 2011 00:06:19,47 55.56 N,122 28.14 W,47.926,-122.469,P6,2.90,2.88,11.59,30.18,22.92,5.52,1.23,93.98,6.35,1.01,0.47
 TN270,Oct 12 2011 00:06:19,47 55.56 N,122 28.14 W,47.926,-122.469,P6,5.21,5.17,11.59,30.18,22.92,5.53,1.26,94.17,6.32,1.35,0.42
 TN270,Oct 12 2011 00:06:19,47 55.56 N,122 28.14 W,47.926,-122.469,P6,10.46,10.37,11.59,30.18,22.92,5.54,1.32,94.22,6.33,0.99,0.48
 TN270,Oct 12 2011 00:06:19,47 55.56 N,122 28.14 W,47.926,-122.469,P6,20.48,20.30,11.60,30.17,22.91,5.54,1.17,94.14,6.27,1.04,0.47
 TN270,Oct 12 2011 00:06:19,47 55.56 N,122 28.14 W,47.926,-122.469,P6,30.19,29.93,11.56,30.18,22.93,5.52,1.20,94.10,6.30,1.41,0.62
 TN270,Oct 12 2011 00:06:19,47 55.56 N,122 28.14 W,47.926,-122.469,P6,50.41,49.99,11.42,30.23,22.99,5.52,1.42,93.88,6.31,1.10,0.44
 TN270,Oct 12 2011 00:06:19,47 55.56 N,122 28.14 W,47.926,-122.469,P6,80.66,79.97,11.19,30.33,23.11,5.47,1.61,93.25,6.31,,
 TN270,Oct 12 2011 00:06:19,47 55.56 N,122 28.14 W,47.926,-122.469,P6,113.10,112.12,11.11,30.37,23.16,5.45,1.53,93.26,6.26,,
 TN270,Oct 12 2011 09:19:25,47 59.04 N,122 37.2 W,47.984,-122.620,P7,3.12,3.09,11.17,30.06,22.90,6.12,3.03,90.93,6.94,3.11,0.57
 TN270,Oct 12 2011 09:19:25,47 59.04 N,122 37.2 W,47.984,-122.620,P7,5.25,5.20,11.16,30.12,22.95,6.09,2.81,91.59,6.89,3.27,0.57
 TN270,Oct 12 2011 09:19:25,47 59.04 N,122 37.2 W,47.984,-122.620,P7,10.12,10.04,11.15,30.18,23.00,6.00,2.70,92.36,6.74,2.60,0.52
 TN270,Oct 12 2011 09:19:25,47 59.04 N,122 37.2 W,47.984,-122.620,P7,20.08,19.91,11.07,30.39,23.18,5.69,1.86,93.22,6.41,1.63,0.53
 TN270,Oct 12 2011 09:19:25,47 59.04 N,122 37.2 W,47.984,-122.620,P7,30.87,30.61,11.04,30.43,23.21,5.62,1.66,93.69,6.38,1.51,0.47
 TN270,Oct 12 2011 09:19:25,47 59.04 N,122 37.2 W,47.984,-122.620,P7,50.73,50.30,10.98,30.47,23.26,5.57,1.54,93.93,5.90,1.18,0.47
 TN270,Oct 12 2011 09:19:25,47 59.04 N,122 37.2 W,47.984,-122.620,P7,70.87,70.26,10.49,30.82,23.61,5.37,1.36,93.17,6.04,,
 TN270,Oct 12 2011 09:19:25,47 59.04 N,122 37.2 W,47.984,-122.620,P7,96.16,95.33,10.41,30.88,23.67,5.28,1.38,92.55,5.99,,
 TN270,Oct 12 2011 10:38:47,47 53.94 N,122 36.42 W,47.899,-122.607,P8,3.17,3.15,11.06,29.85,22.76,5.91,3.32,89.71,6.72,4.27,1.06
 TN270,Oct 12 2011 10:38:47,47 53.94 N,122 36.42 W,47.899,-122.607,P8,5.31,5.26,11.06,29.85,22.76,5.89,3.23,90.43,6.66,3.42,0.84
 TN270,Oct 12 2011 10:38:47,47 53.94 N,122 36.42 W,47.899,-122.607,P8,10.30,10.21,11.07,29.84,22.75,5.91,3.18,90.36,6.56,3.96,0.92
 TN270,Oct 12 2011 10:38:47,47 53.94 N,122 36.42 W,47.899,-122.607,P8,20.02,19.85,11.02,30.11,22.97,5.73,2.12,92.27,6.46,2.60,0.62
 TN270,Oct 12 2011 10:38:47,47 53.94 N,122 36.42 W,47.899,-122.607,P8,30.24,29.98,10.92,30.38,23.20,5.48,1.62,92.70,5.66,1.31,0.56
 TN270,Oct 12 2011 10:38:47,47 53.94 N,122 36.42 W,47.899,-122.607,P8,50.45,50.02,10.88,30.50,23.30,5.42,1.34,92.56,6.13,1.16,0.56
 TN270,Oct 12 2011 10:38:47,47 53.94 N,122 36.42 W,47.899,-122.607,P8,80.63,79.94,10.78,30.59,23.39,5.30,1.28,89.58,5.98,,
 TN270,Oct 12 2011 10:38:47,47 53.94 N,122 36.42 W,47.899,-122.607,P8,101.01,100.14,10.77,30.61,23.40,5.27,1.22,88.47,5.95,,
 TN270,Oct 12 2011 10:38:47,47 53.94 N,122 36.42 W,47.899,-122.607,P8,126.41,125.31,10.73,30.65,23.44,5.21,1.34,84.25,5.89,,
 TN270,Oct 12 2011 12:07:26,47 50.04 N,122 39.9 W,47.834,-122.665,P9,2.67,2.65,11.11,28.63,21.80,6.62,13.22,80.90,,17.62,1.74
 TN270,Oct 12 2011 12:07:26,47 50.04 N,122 39.9 W,47.834,-122.665,P9,5.16,5.12,11.11,28.64,21.81,6.58,13.40,81.12,7.24,16.64,1.15
 TN270,Oct 12 2011 12:07:26,47 50.04 N,122 39.9 W,47.834,-122.665,P9,10.06,9.98,11.04,29.14,22.21,5.89,8.18,85.05,6.63,9.27,0.80
 TN270,Oct 12 2011 12:07:26,47 50.04 N,122 39.9 W,47.834,-122.665,P9,20.27,20.10,10.97,29.85,22.78,5.46,2.60,91.72,5.68,2.56,0.59
 TN270,Oct 12 2011 12:07:26,47 50.04 N,122 39.9 W,47.834,-122.665,P9,30.13,29.88,10.89,30.37,23.19,5.34,1.37,93.15,5.90,1.03,0.63
 TN270,Oct 12 2011 12:07:26,47 50.04 N,122 39.9 W,47.834,-122.665,P9,50.34,49.91,10.76,30.59,23.39,5.14,1.13,86.86,5.76,0.99,0.89
 TN270,Oct 12 2011 12:07:26,47 50.04 N,122 39.9 W,47.834,-122.665,P9,65.61,65.05,10.73,30.62,23.41,5.08,1.25,82.25,5.78,,
 TN270,Oct 12 2011 13:14:41,47 48.18 N,122 43.14 W,47.803,-122.719,P10,2.92,2.90,10.82,29.04,22.17,5.51,6.71,86.26,6.24,8.12,0.85
 TN270,Oct 12 2011 13:14:41,47 48.18 N,122 43.14 W,47.803,-122.719,P10,5.41,5.36,10.80,29.21,22.30,5.32,5.81,87.20,5.93,6.78,0.92
 TN270,Oct 12 2011 13:14:41,47 48.18 N,122 43.14 W,47.803,-122.719,P10,10.38,10.29,10.75,29.55,22.58,4.79,4.41,90.08,5.33,4.21,1.24
 TN270,Oct 12 2011 13:14:41,47 48.18 N,122 43.14 W,47.803,-122.719,P10,20.46,20.28,10.77,30.10,23.00,4.69,1.51,92.34,5.32,1.24,0.65
 TN270,Oct 12 2011 13:14:41,47 48.18 N,122 43.14 W,47.803,-122.719,P10,30.39,30.13,10.79,30.18,23.06,4.80,1.35,91.47,5.44,0.99,0.51
 TN270,Oct 12 2011 13:14:41,47 48.18 N,122 43.14 W,47.803,-122.719,P10,40.62,40.28,10.81,30.23,23.10,4.90,1.25,90.00,5.57,,
 TN270,Oct 12 2011 13:14:41,47 48.18 N,122 43.14 W,47.803,-122.719,P10,50.17,49.74,10.77,30.52,23.33,5.04,1.24,80.57,5.61,1.06,0.82
 TN270,Oct 12 2011 14:23:31,47 43.98 N,122 45.84 W,47.733,-122.764,P17,2.84,2.81,10.89,27.98,21.34,6.31,13.44,81.75,6.90,12.21,2.05
 TN270,Oct 12 2011 14:23:31,47 43.98 N,122 45.84 W,47.733,-122.764,P17,5.23,5.19,10.89,27.99,21.34,6.27,12.89,81.98,6.62,14.11,2.18
 TN270,Oct 12 2011 14:23:31,47 43.98 N,122 45.84 W,47.733,-122.764,P17,9.93,9.84,10.79,28.53,21.77,5.57,12.07,84.82,6.09,9.27,0.93
 TN270,Oct 12 2011 14:23:31,47 43.98 N,122 45.84 W,47.733,-122.764,P17,19.98,19.81,10.54,30.05,23.00,3.87,1.89,90.90,4.32,1.12,0.68
 TN270,Oct 12 2011 14:23:31,47 43.98 N,122 45.84 W,47.733,-122.764,P17,30.01,29.76,10.54,30.09,23.04,3.84,1.26,90.46,4.36,0.89,0.59
 TN270,Oct 12 2011 14:23:31,47 43.98 N,122 45.84 W,47.733,-122.764,P17,50.20,49.77,10.60,30.18,23.10,3.99,0.97,89.02,4.48,0.53,0.52
 TN270,Oct 12 2011 14:23:31,47 43.98 N,122 45.84 W,47.733,-122.764,P17,80.70,80.01,10.68,30.27,23.15,4.33,1.07,85.38,4.89,,
 TN270,Oct 12 2011 14:23:31,47 43.98 N,122 45.84 W,47.733,-122.764,P17,90.91,90.12,10.74,30.35,23.20,4.61,1.09,82.36,5.17,,
 TN270,Oct 12 2011 15:16:44,47 41.52 N,122 45.78 W,47.692,-122.763,P16,2.65,2.62,10.69,28.48,21.75,5.39,9.34,85.25,6.22,10.94,1.55
 TN270,Oct 12 2011 15:16:44,47 41.52 N,122 45.78 W,47.692,-122.763,P16,4.99,4.95,10.69,28.50,21.77,5.39,12.12,86.15,5.83,8.24,1.25
 TN270,Oct 12 2011 15:16:44,47 41.52 N,122 45.78 W,47.692,-122.763,P16,10.21,10.12,10.67,28.96,22.13,5.01,7.78,86.67,5.48,7.76,1.05
 TN270,Oct 12 2011 15:16:44,47 41.52 N,122 45.78 W,47.692,-122.763,P16,20.23,20.06,10.59,29.81,22.80,4.18,2.84,89.81,4.74,2.69,0.71
 TN270,Oct 12 2011 15:16:44,47 41.52 N,122 45.78 W,47.692,-122.763,P16,30.32,30.06,10.68,30.24,23.13,4.33,1.33,86.34,4.92,0.77,0.76
 TN270,Oct 12 2011 15:16:44,47 41.52 N,122 45.78 W,47.692,-122.763,P16,50.52,50.09,10.69,30.32,23.18,4.41,0.99,80.33,4.94,0.62,0.84
 TN270,Oct 12 2011 15:16:44,47 41.52 N,122 45.78 W,47.692,-122.763,P16,81.01,80.31,10.75,30.41,23.25,4.69,0.94,78.35,5.29,,
 TN270,Oct 12 2011 15:16:44,47 41.52 N,122 45.78 W,47.692,-122.763,P16,100.92,100.05,10.76,30.44,23.27,4.79,1.07,72.15,5.38,,
 TN270,Oct 12 2011 16:18:42,47 39.72 N,122 51.54 W,47.662,-122.859,P15,3.04,3.02,10.63,27.91,21.32,5.71,15.62,78.56,6.16,16.93,2.43
 TN270,Oct 12 2011 16:18:42,47 39.72 N,122 51.54 W,47.662,-122.859,P15,5.20,5.16,10.49,28.55,21.84,4.82,13.02,85.39,4.85,12.96,1.50
 TN270,Oct 12 2011 16:18:42,47 39.72 N,122 51.54 W,47.662,-122.859,P15,10.52,10.43,10.19,29.33,22.50,3.46,4.00,92.83,3.66,3.79,1.00
 TN270,Oct 12 2011 16:18:42,47 39.72 N,122 51.54 W,47.662,-122.859,P15,20.40,20.23,9.75,29.85,22.98,2.21,1.24,95.25,2.58,0.91,0.99
 TN270,Oct 12 2011 16:18:42,47 39.72 N,122 51.54 W,47.662,-122.859,P15,30.57,30.31,10.36,30.06,23.04,3.17,0.75,93.80,,0.19,0.68
 TN270,Oct 12 2011 16:18:42,47 39.72 N,122 51.54 W,47.662,-122.859,P15,50.84,50.41,10.64,30.20,23.10,3.64,0.64,92.01,4.15,0.19,0.52
 TN270,Oct 12 2011 16:18:42,47 39.72 N,122 51.54 W,47.662,-122.859,P15,80.94,80.25,10.69,30.26,23.14,3.84,0.71,89.57,4.40,,
 TN270,Oct 12 2011 16:18:42,47 39.72 N,122 51.54 W,47.662,-122.859,P15,101.24,100.37,10.70,30.31,23.18,4.14,0.82,85.57,4.69,,
 TN270,Oct 12 2011 16:18:42,47 39.72 N,122 51.54 W,47.662,-122.859,P15,122.75,121.69,10.72,30.36,23.22,4.28,0.91,81.11,4.83,,
 TN270,Oct 12 2011 17:28:22,47 36.42 N,122 56.4 W,47.607,-122.940,P14,2.51,2.49,10.52,28.06,21.46,5.23,17.87,80.47,6.31,,
 TN270,Oct 12 2011 17:28:22,47 36.42 N,122 56.4 W,47.607,-122.940,P14,4.98,4.94,10.35,28.31,21.68,4.73,14.95,83.65,5.11,14.86,1.56
 TN270,Oct 12 2011 17:28:22,47 36.42 N,122 56.4 W,47.607,-122.940,P14,10.07,9.99,9.89,28.96,22.26,3.44,9.29,86.76,3.34,6.62,1.51
 TN270,Oct 12 2011 17:28:22,47 36.42 N,122 56.4 W,47.607,-122.940,P14,20.24,20.07,9.65,29.80,22.95,2.13,1.35,95.08,2.70,0.63,1.06
 TN270,Oct 12 2011 17:28:22,47 36.42 N,122 56.4 W,47.607,-122.940,P14,30.21,29.95,9.93,29.96,23.03,2.48,1.00,93.82,,,
 TN270,Oct 12 2011 17:28:22,47 36.42 N,122 56.4 W,47.607,-122.940,P14,30.21,29.96,9.92,29.96,23.03,2.47,0.95,93.65,2.90,0.41,1.04
 TN270,Oct 12 2011 17:28:22,47 36.42 N,122 56.4 W,47.607,-122.940,P14,50.61,50.18,10.54,30.18,23.10,3.43,0.63,93.11,,0.17,0.59
 TN270,Oct 12 2011 17:28:22,47 36.42 N,122 56.4 W,47.607,-122.940,P14,80.78,80.09,10.71,30.30,23.17,3.94,0.66,89.66,4.43,,
 TN270,Oct 12 2011 17:28:22,47 36.42 N,122 56.4 W,47.607,-122.940,P14,111.14,110.18,10.77,30.36,23.20,4.20,0.76,87.70,4.69,,
 TN270,Oct 12 2011 17:28:22,47 36.42 N,122 56.4 W,47.607,-122.940,P14,141.27,140.04,10.79,30.37,23.21,4.25,0.80,86.84,4.84,,
 TN270,Oct 12 2011 17:28:22,47 36.42 N,122 56.4 W,47.607,-122.940,P14,171.35,169.85,10.79,30.38,23.22,4.19,0.82,85.76,4.70,,
 TN270,Oct 12 2011 18:59:29,47 32.82 N,123 0.48 W,47.547,-123.008,P13,3.60,3.56,10.08,28.41,21.80,4.42,11.25,81.88,4.70,16.53,2.70
 TN270,Oct 12 2011 18:59:29,47 32.82 N,123 0.48 W,47.547,-123.008,P13,5.21,5.16,9.95,28.67,22.02,3.66,12.25,83.19,3.41,10.89,1.54
 TN270,Oct 12 2011 18:59:29,47 32.82 N,123 0.48 W,47.547,-123.008,P13,10.09,10.01,9.60,29.77,22.93,1.96,1.56,93.24,2.18,2.38,1.41
 TN270,Oct 12 2011 18:59:29,47 32.82 N,123 0.48 W,47.547,-123.008,P13,20.29,20.12,9.86,29.94,23.03,2.33,0.90,93.51,,,
 TN270,Oct 12 2011 18:59:29,47 32.82 N,123 0.48 W,47.547,-123.008,P13,20.31,20.14,9.85,29.94,23.03,2.32,0.93,93.42,2.83,0.49,1.15
 TN270,Oct 12 2011 18:59:29,47 32.82 N,123 0.48 W,47.547,-123.008,P13,30.15,29.89,10.26,30.07,23.07,2.99,0.84,93.48,3.48,0.47,1.06
 TN270,Oct 12 2011 18:59:29,47 32.82 N,123 0.48 W,47.547,-123.008,P13,50.48,50.05,10.56,30.19,23.11,3.44,0.68,93.08,3.92,0.30,0.72
 TN270,Oct 12 2011 18:59:29,47 32.82 N,123 0.48 W,47.547,-123.008,P13,81.04,80.35,10.70,30.30,23.17,3.89,0.65,91.16,4.38,,
 TN270,Oct 12 2011 18:59:29,47 32.82 N,123 0.48 W,47.547,-123.008,P13,111.16,110.20,10.67,30.33,23.20,3.84,0.63,90.71,4.38,,
 TN270,Oct 12 2011 18:59:29,47 32.82 N,123 0.48 W,47.547,-123.008,P13,140.98,139.76,10.74,30.37,23.22,3.94,0.72,87.41,4.49,,
 TN270,Oct 12 2011 20:15:05,47 29.52 N,123 3.36 W,47.492,-123.056,P401,3.89,3.85,9.49,28.92,22.29,2.85,2.69,92.46,2.89,2.11,0.62
 TN270,Oct 12 2011 20:15:05,47 29.52 N,123 3.36 W,47.492,-123.056,P401,5.26,5.22,9.46,29.30,22.59,2.36,2.86,92.83,2.35,2.30,1.22
 TN270,Oct 12 2011 20:15:05,47 29.52 N,123 3.36 W,47.492,-123.056,P401,10.21,10.13,9.43,29.80,22.98,1.64,1.12,93.36,1.86,0.76,1.21
 TN270,Oct 12 2011 20:15:05,47 29.52 N,123 3.36 W,47.492,-123.056,P401,19.91,19.74,9.70,29.90,23.02,2.00,1.01,93.04,1.94,0.44,1.17
 TN270,Oct 12 2011 20:15:05,47 29.52 N,123 3.36 W,47.492,-123.056,P401,30.32,30.06,10.19,30.09,23.09,2.90,0.85,92.75,3.21,0.33,1.00
 TN270,Oct 12 2011 20:15:05,47 29.52 N,123 3.36 W,47.492,-123.056,P401,30.32,30.07,10.31,30.10,23.08,3.00,0.81,92.89,,,
 TN270,Oct 12 2011 20:15:05,47 29.52 N,123 3.36 W,47.492,-123.056,P401,50.48,50.06,10.58,30.22,23.13,3.53,0.68,91.95,3.96,0.21,0.63
 TN270,Oct 12 2011 20:15:05,47 29.52 N,123 3.36 W,47.492,-123.056,P401,80.68,79.99,10.63,30.27,23.16,3.69,0.63,91.27,4.17,,
 TN270,Oct 12 2011 20:15:05,47 29.52 N,123 3.36 W,47.492,-123.056,P401,100.96,100.09,10.64,30.30,23.18,3.77,0.61,91.17,4.22,,
 TN270,Oct 12 2011 20:15:05,47 29.52 N,123 3.36 W,47.492,-123.056,P401,121.28,120.23,10.66,30.34,23.21,3.79,0.61,89.34,4.26,,
 TN270,Oct 12 2011 20:15:05,47 29.52 N,123 3.36 W,47.492,-123.056,P401,150.90,149.58,10.66,30.35,23.21,3.70,0.62,86.02,4.19,,
 TN270,Oct 12 2011 21:18:50,47 25.56 N,123 6.48 W,47.426,-123.108,P12,3.47,3.44,9.71,26.95,20.72,4.20,6.53,76.25,,1.70,0.45
 TN270,Oct 12 2011 21:18:50,47 25.56 N,123 6.48 W,47.426,-123.108,P12,5.12,5.08,9.42,29.51,22.76,1.50,3.16,93.85,1.48,1.53,0.58
 TN270,Oct 12 2011 21:18:50,47 25.56 N,123 6.48 W,47.426,-123.108,P12,10.12,10.04,9.24,29.67,22.92,1.06,1.88,93.81,1.59,1.80,
 TN270,Oct 12 2011 21:18:50,47 25.56 N,123 6.48 W,47.426,-123.108,P12,19.99,19.82,10.10,30.03,23.06,2.62,0.82,92.66,2.90,0.20,0.56
 TN270,Oct 12 2011 21:18:50,47 25.56 N,123 6.48 W,47.426,-123.108,P12,20.01,19.84,10.15,30.04,23.06,2.64,0.76,92.14,,,
 TN270,Oct 12 2011 21:18:50,47 25.56 N,123 6.48 W,47.426,-123.108,P12,30.27,30.02,10.35,30.12,23.08,3.10,0.71,91.49,3.36,0.15,0.46
 TN270,Oct 12 2011 21:18:50,47 25.56 N,123 6.48 W,47.426,-123.108,P12,50.73,50.30,10.49,30.17,23.10,3.36,0.68,92.70,3.86,0.16,0.46
 TN270,Oct 12 2011 21:18:50,47 25.56 N,123 6.48 W,47.426,-123.108,P12,80.92,80.23,10.62,30.27,23.16,3.73,0.65,92.09,4.24,,
 TN270,Oct 12 2011 21:18:50,47 25.56 N,123 6.48 W,47.426,-123.108,P12,101.09,100.23,10.66,30.31,23.18,3.79,0.62,91.14,4.27,,
 TN270,Oct 12 2011 21:18:50,47 25.56 N,123 6.48 W,47.426,-123.108,P12,120.91,119.87,10.68,30.33,23.20,3.56,0.60,79.89,3.99,,
 TN270,Oct 12 2011 22:13:51,47 22.38 N,123 8.04 W,47.373,-123.134,P11,3.07,3.04,9.82,28.51,21.92,2.93,9.10,83.74,,6.62,0.67
 TN270,Oct 12 2011 22:13:51,47 22.38 N,123 8.04 W,47.373,-123.134,P11,5.20,5.16,9.92,28.50,21.89,3.40,6.18,84.03,,,
 TN270,Oct 12 2011 22:13:51,47 22.38 N,123 8.04 W,47.373,-123.134,P11,5.21,5.17,9.82,28.62,22.01,2.98,8.00,83.45,2.37,4.77,0.73
 TN270,Oct 12 2011 22:13:51,47 22.38 N,123 8.04 W,47.373,-123.134,P11,10.37,10.28,9.47,29.76,22.95,1.30,1.22,90.88,1.42,0.54,0.29
 TN270,Oct 12 2011 22:13:51,47 22.38 N,123 8.04 W,47.373,-123.134,P11,20.39,20.21,9.85,29.95,23.04,2.00,0.78,87.05,2.39,0.14,0.47
 TN270,Oct 12 2011 22:13:51,47 22.38 N,123 8.04 W,47.373,-123.134,P11,30.43,30.18,10.21,30.07,23.07,2.66,0.74,85.30,2.66,0.15,0.56
 TN270,Oct 12 2011 22:13:51,47 22.38 N,123 8.04 W,47.373,-123.134,P11,50.78,50.35,10.60,30.22,23.12,3.53,0.63,90.48,3.94,0.12,0.36
 TN270,Oct 12 2011 22:13:51,47 22.38 N,123 8.04 W,47.373,-123.134,P11,88.57,87.81,10.67,30.28,23.16,3.59,0.63,84.36,4.08,,
 TN270,Oct 12 2011 23:44:34,47 21.54 N,123 1.2 W,47.359,-123.020,P402,3.00,2.98,11.46,24.71,18.71,5.49,24.42,67.56,,8.80,1.64
 TN270,Oct 12 2011 23:44:34,47 21.54 N,123 1.2 W,47.359,-123.020,P402,3.04,3.02,11.42,24.69,18.70,5.65,24.21,66.71,,16.30,1.36
 TN270,Oct 12 2011 23:44:34,47 21.54 N,123 1.2 W,47.359,-123.020,P402,4.95,4.91,9.93,28.95,22.24,2.59,18.38,74.80,2.45,1.31,0.49
 TN270,Oct 12 2011 23:44:34,47 21.54 N,123 1.2 W,47.359,-123.020,P402,10.16,10.07,9.54,29.52,22.75,1.34,4.12,90.52,1.26,0.43,0.40
 TN270,Oct 12 2011 23:44:34,47 21.54 N,123 1.2 W,47.359,-123.020,P402,20.15,19.98,9.52,29.77,22.94,1.26,1.16,83.85,1.55,0.24,0.56
 TN270,Oct 12 2011 23:44:34,47 21.54 N,123 1.2 W,47.359,-123.020,P402,29.98,29.73,9.85,29.92,23.01,1.83,1.01,76.79,2.31,0.23,0.70
 TN270,Oct 12 2011 23:44:34,47 21.54 N,123 1.2 W,47.359,-123.020,P402,45.60,45.22,10.06,30.02,23.06,2.22,0.92,66.15,2.42,,
 TN270,Oct 13 2011 09:17:14,48 1.98 N,122 37.08 W,48.033,-122.618,P18,3.62,3.59,10.74,30.62,23.41,5.51,1.45,93.40,6.17,1.06,0.37
 TN270,Oct 13 2011 09:17:14,48 1.98 N,122 37.08 W,48.033,-122.618,P18,5.53,5.48,10.76,30.62,23.41,5.51,1.57,93.45,6.21,0.91,0.33
 TN270,Oct 13 2011 09:17:14,48 1.98 N,122 37.08 W,48.033,-122.618,P18,10.21,10.12,10.67,30.69,23.47,5.51,1.30,93.17,6.25,0.96,0.29
 TN270,Oct 13 2011 09:17:14,48 1.98 N,122 37.08 W,48.033,-122.618,P18,20.12,19.95,10.67,30.68,23.47,5.45,1.39,93.26,,,
 TN270,Oct 13 2011 09:17:14,48 1.98 N,122 37.08 W,48.033,-122.618,P18,20.16,19.99,10.64,30.70,23.49,5.43,1.29,93.29,6.37,0.56,0.24
 TN270,Oct 13 2011 09:17:14,48 1.98 N,122 37.08 W,48.033,-122.618,P18,30.27,30.01,10.56,30.76,23.55,5.39,1.25,92.94,5.62,0.57,0.27
 TN270,Oct 13 2011 09:17:14,48 1.98 N,122 37.08 W,48.033,-122.618,P18,51.56,51.12,10.59,30.74,23.53,5.43,1.29,92.99,6.44,0.64,0.31
 TN270,Oct 13 2011 09:17:14,48 1.98 N,122 37.08 W,48.033,-122.618,P18,82.50,81.79,10.57,30.76,23.55,5.38,1.22,92.76,6.10,,
 TN270,Oct 13 2011 09:17:14,48 1.98 N,122 37.08 W,48.033,-122.618,P18,103.06,102.17,10.42,30.86,23.65,5.32,1.22,92.18,6.11,,
 TN270,Oct 13 2011 09:17:14,48 1.98 N,122 37.08 W,48.033,-122.618,P18,121.55,120.49,10.35,30.91,23.70,5.26,1.13,92.01,5.95,,
 TN270,Oct 13 2011 10:23:04,48 5.58 N,122 37.92 W,48.093,-122.632,P19,4.23,4.19,11.02,30.44,23.22,5.74,1.52,94.21,6.45,0.87,0.28
 TN270,Oct 13 2011 10:23:04,48 5.58 N,122 37.92 W,48.093,-122.632,P19,5.13,5.09,10.98,30.46,23.25,5.71,1.43,94.17,6.46,0.92,0.27
 TN270,Oct 13 2011 10:23:04,48 5.58 N,122 37.92 W,48.093,-122.632,P19,10.22,10.13,10.86,30.55,23.34,5.61,1.48,94.01,6.33,1.01,0.25
 TN270,Oct 13 2011 10:23:04,48 5.58 N,122 37.92 W,48.093,-122.632,P19,20.79,20.61,10.77,30.61,23.40,5.52,1.35,93.78,6.26,0.64,0.23
 TN270,Oct 13 2011 10:23:04,48 5.58 N,122 37.92 W,48.093,-122.632,P19,20.79,20.62,10.77,30.61,23.40,5.52,1.38,93.77,,,
 TN270,Oct 13 2011 10:23:04,48 5.58 N,122 37.92 W,48.093,-122.632,P19,30.73,30.47,10.74,30.63,23.42,5.51,1.35,93.65,6.19,0.62,0.26
 TN270,Oct 13 2011 10:23:04,48 5.58 N,122 37.92 W,48.093,-122.632,P19,51.85,51.41,10.56,30.77,23.56,5.42,1.31,93.29,5.89,0.58,0.27
 TN270,Oct 13 2011 10:23:04,48 5.58 N,122 37.92 W,48.093,-122.632,P19,81.39,80.70,10.42,30.88,23.67,5.34,1.13,92.70,6.03,,
 TN270,Oct 13 2011 10:23:04,48 5.58 N,122 37.92 W,48.093,-122.632,P19,101.38,100.51,10.38,30.91,23.70,5.31,1.12,92.58,5.99,,
 TN270,Oct 13 2011 10:23:04,48 5.58 N,122 37.92 W,48.093,-122.632,P19,153.10,151.75,10.24,31.02,23.81,5.22,1.11,92.62,5.89,,
 TN270,Oct 13 2011 11:24:43,48 8.46 N,122 41.28 W,48.141,-122.688,P20,2.94,2.91,10.54,30.77,23.56,5.43,1.46,93.69,6.15,0.56,0.21
 TN270,Oct 13 2011 11:24:43,48 8.46 N,122 41.28 W,48.141,-122.688,P20,3.02,3.00,10.54,30.77,23.56,5.43,1.47,93.70,,,
 TN270,Oct 13 2011 11:24:43,48 8.46 N,122 41.28 W,48.141,-122.688,P20,5.41,5.36,10.54,30.77,23.56,5.45,1.38,93.73,6.16,0.53,0.19
 TN270,Oct 13 2011 11:24:43,48 8.46 N,122 41.28 W,48.141,-122.688,P20,10.36,10.27,10.54,30.77,23.56,5.43,1.41,93.62,6.15,0.53,0.16
 TN270,Oct 13 2011 11:24:43,48 8.46 N,122 41.28 W,48.141,-122.688,P20,20.37,20.20,10.54,30.77,23.56,5.44,1.36,93.50,6.15,0.52,0.16
 TN270,Oct 13 2011 11:24:43,48 8.46 N,122 41.28 W,48.141,-122.688,P20,30.76,30.50,10.57,30.75,23.54,5.46,1.30,93.47,6.17,0.80,0.21
 TN270,Oct 13 2011 11:24:43,48 8.46 N,122 41.28 W,48.141,-122.688,P20,79.55,78.87,10.54,30.78,23.57,5.41,1.38,93.22,6.11,0.59,0.25
 TN270,Oct 13 2011 12:26:52,48 11.46 N,122 50.94 W,48.191,-122.849,P21,3.03,3.00,10.08,31.12,23.91,5.15,1.19,92.53,5.80,0.45,0.25
 TN270,Oct 13 2011 12:26:52,48 11.46 N,122 50.94 W,48.191,-122.849,P21,5.27,5.22,10.08,31.13,23.92,5.13,1.08,92.36,5.74,0.39,0.23
 TN270,Oct 13 2011 12:26:52,48 11.46 N,122 50.94 W,48.191,-122.849,P21,10.31,10.22,10.08,31.13,23.92,5.12,1.04,92.24,,,
 TN270,Oct 13 2011 12:26:52,48 11.46 N,122 50.94 W,48.191,-122.849,P21,10.33,10.24,10.07,31.13,23.92,5.12,1.06,92.15,5.71,0.45,0.20
 TN270,Oct 13 2011 12:26:52,48 11.46 N,122 50.94 W,48.191,-122.849,P21,20.63,20.45,10.06,31.15,23.94,5.11,1.04,92.16,5.72,0.36,0.20
 TN270,Oct 13 2011 12:26:52,48 11.46 N,122 50.94 W,48.191,-122.849,P21,30.95,30.69,10.02,31.19,23.98,5.05,1.04,91.91,5.69,0.43,0.23
 TN270,Oct 13 2011 12:26:52,48 11.46 N,122 50.94 W,48.191,-122.849,P21,50.14,49.71,9.83,31.40,24.17,4.90,1.03,91.91,5.51,0.37,0.25
 TN270,Oct 13 2011 12:26:52,48 11.46 N,122 50.94 W,48.191,-122.849,P21,76.18,75.53,9.67,31.58,24.33,4.76,0.96,91.96,5.34,,
 TN270,Oct 13 2011 13:29:09,48 16.32 N,123 1.38 W,48.272,-123.023,P22,3.25,3.22,10.22,30.68,23.55,5.34,1.33,92.68,6.04,0.48,0.14
 TN270,Oct 13 2011 13:29:09,48 16.32 N,123 1.38 W,48.272,-123.023,P22,4.96,4.92,10.22,30.68,23.54,5.33,1.21,92.57,5.98,0.52,0.15
 TN270,Oct 13 2011 13:29:09,48 16.32 N,123 1.38 W,48.272,-123.023,P22,9.80,9.72,10.19,30.68,23.55,5.30,1.22,92.52,,,
 TN270,Oct 13 2011 13:29:09,48 16.32 N,123 1.38 W,48.272,-123.023,P22,9.89,9.80,10.20,30.69,23.55,5.30,1.21,92.67,5.99,0.44,0.15
 TN270,Oct 13 2011 13:29:09,48 16.32 N,123 1.38 W,48.272,-123.023,P22,20.68,20.51,10.14,30.77,23.63,5.25,1.17,92.06,5.95,0.47,0.19
 TN270,Oct 13 2011 13:29:09,48 16.32 N,123 1.38 W,48.272,-123.023,P22,30.22,29.96,10.05,30.94,23.78,5.12,1.16,91.22,5.76,0.45,0.18
 TN270,Oct 13 2011 13:29:09,48 16.32 N,123 1.38 W,48.272,-123.023,P22,50.63,50.20,9.79,31.32,24.11,4.84,0.91,92.06,5.37,0.38,0.20
 TN270,Oct 13 2011 13:29:09,48 16.32 N,123 1.38 W,48.272,-123.023,P22,80.73,80.03,9.61,31.55,24.32,4.66,0.87,92.42,5.22,,
 TN270,Oct 13 2011 13:29:09,48 16.32 N,123 1.38 W,48.272,-123.023,P22,120.61,119.56,8.64,32.49,25.21,3.74,0.63,92.68,4.18,,
 TN270,Oct 13 2011 14:39:07,48 20.22 N,123 7.56 W,48.337,-123.126,P24,2.89,2.87,10.00,30.52,23.46,5.44,1.15,93.66,6.11,0.47,0.15
 TN270,Oct 13 2011 14:39:07,48 20.22 N,123 7.56 W,48.337,-123.126,P24,5.46,5.41,10.00,30.53,23.46,5.42,1.26,93.70,6.06,0.52,0.15
 TN270,Oct 13 2011 14:39:07,48 20.22 N,123 7.56 W,48.337,-123.126,P24,10.30,10.21,9.99,30.55,23.48,5.36,1.04,93.92,6.02,0.59,0.15
 TN270,Oct 13 2011 14:39:07,48 20.22 N,123 7.56 W,48.337,-123.126,P24,20.82,20.64,9.98,30.59,23.52,5.34,1.12,94.17,,,
 TN270,Oct 13 2011 14:39:07,48 20.22 N,123 7.56 W,48.337,-123.126,P24,20.82,20.64,9.96,30.61,23.54,5.33,1.14,94.21,5.96,0.57,0.16
 TN270,Oct 13 2011 14:39:07,48 20.22 N,123 7.56 W,48.337,-123.126,P24,30.62,30.36,9.77,30.72,23.65,5.05,0.91,94.75,5.79,0.59,0.14
 TN270,Oct 13 2011 14:39:07,48 20.22 N,123 7.56 W,48.337,-123.126,P24,50.91,50.48,9.72,30.89,23.79,4.96,0.78,94.92,5.55,0.30,0.15
 TN270,Oct 13 2011 14:39:07,48 20.22 N,123 7.56 W,48.337,-123.126,P24,81.08,80.38,9.42,31.67,24.45,4.55,0.78,95.07,5.09,,
 TN270,Oct 13 2011 14:39:07,48 20.22 N,123 7.56 W,48.337,-123.126,P24,112.56,111.58,8.83,32.24,24.99,3.94,0.71,93.68,4.45,,
