record no,CRUISE_ID,DATE_UTC,TIME_UTC,DATE_LOCAL,TIME_LOCAL,LATITUDE_DEG,LONGITUDE_DEG,LATITUDE_DEC,LONGITUDE_DEC,STATION_NO,NISKIN_NO,NISKIN_NO_FLAG_W,CTDPRS_DBAR,DEPTH (M),CTDTMP_DEG_C_ITS90,CTDTMP2_DEC_C_ITS90,CTDTMP_FLAG_W,CTD/TEMP_COMMENTS,CTDSAL_PSS78,CTDSAL2_PSS78,CTDSAL_FLAG,CTD/SAL_COMMENTS,SIGMATHETA_KG_M3,SIGMATHETA2_KG_M3,CTDOXY_MG_L_1,CTDOXY_MG_L_2,CTDOXY_MG_L_AVG,CTDOXY_FLAG,CTD/O2_COMMENTS,OXYGEN_MG_L_1,OXYGEN_MG_L_2,OXYGEN_MG_L_3,OXYGEN_avg_mg_L,OXYGEN_UMOL_KG,OXYGEN_FLAG_W,OXYGEN COMMENTS,CTD_PH_NBS,SALINITY_PSS78_1,SALINITY_PSS78_2,SALINITY_FLAG,Nutrient lab temperature,NITRATE_UMOL_L,NITRITE_UMOL_L,AMMONIUM_UMOL_L,PHOSPHATE_UMOL_L,SILICATE_UMOL_L,NUTRIENTS_FLAG_W,CTD FLU (mg/m3),CHLA (ug/l),CHLA 2 (ug/l),CHLA avg (ug/l),CHLA_FLAG,PHAEOPIGMENT (ug/l),PHAEOPIGMENT 2 (ug/l),PHAEOPIGMENT avg (ug/l),PHAEOPIGMENT_FLAG,TA_UMOL_KG,TA_FLAG_W,DIC_UMOL_KG,DIC_FLAG_W,SECCHI DEPTH (m)
1,  TN395,"October 1, 2021",10:45:32,"October 1, 2021",3:45:32, 47 59.06 N, 122 37.22 W,47.98,122.62,7,1,2,90.60,89.82,10.13,,2,,32.01,32.01,2,,24.60,,4.49,4.74,4.61,2,,,,,,,,,7.69,,,,22.30,,,,,,,4.25,,,,,,,,,,,,,
2,  TN395,"October 1, 2021",10:45:44,"October 1, 2021",3:45:44, 47 59.06 N, 122 37.22 W,47.98,122.62,7,2,2,90.59,89.81,10.13,,2,,32.01,32.01,2,,24.60,,4.49,4.75,4.62,2,,4.87,4.87,,4.87,,2,,7.69,,,,22.30,27.22,0.37,0.86,2.33,38.37,2,4.13,,,,,,,,,,,,,
3,  TN395,"October 1, 2021",10:48:52,"October 1, 2021",3:48:52, 47 59.06 N, 122 37.22 W,47.98,122.62,7,3,2,50.69,50.26,11.83,,2,,30.88,30.88,2,,23.42,,5.44,5.77,5.61,2,,,,,,,,,7.76,,,,22.30,,,,,,,4.74,,,,,,,,,,,,,
4,  TN395,"October 1, 2021",10:49:00,"October 1, 2021",3:49:00, 47 59.06 N, 122 37.22 W,47.98,122.62,7,4,2,50.69,50.26,11.82,,2,,30.88,30.88,2,,23.43,,5.44,5.77,5.60,2,,5.62,,,5.62,,2,,7.76,,,,22.30,24.35,0.43,0.54,2.28,37.66,2,4.42,1.62,1.52,1.57,2,0.69,0.59,0.64,2,,,,,
5,  TN395,"October 1, 2021",10:50:50,"October 1, 2021",3:50:50, 47 59.06 N, 122 37.22 W,47.98,122.62,7,5,2,30.64,30.38,12.31,,2,,30.61,30.61,2,,23.13,,5.51,5.85,5.68,2,,,,,,,,,7.78,,,,22.30,,,,,,,4.00,,,,,,,,,,,,,
6,  TN395,"October 1, 2021",10:50:54,"October 1, 2021",3:50:54, 47 59.06 N, 122 37.22 W,47.98,122.62,7,6,2,30.65,30.39,12.31,,2,,30.61,30.61,2,,23.12,,5.52,5.87,5.69,2,,5.94,,,5.94,,2,,7.78,,,,22.30,23.81,0.42,0.18,2.29,37.66,2,4.08,1.35,1.35,1.35,2,0.52,0.51,0.51,2,,,,,
7,  TN395,"October 1, 2021",10:52:10,"October 1, 2021",3:52:10, 47 59.06 N, 122 37.22 W,47.98,122.62,7,7,2,20.38,20.21,12.68,,2,,30.52,30.52,2,,22.99,,5.57,5.91,5.74,2,,,,,,,,,7.79,,,,22.30,,,,,,,3.63,,,,,,,,,,,,,
8,  TN395,"October 1, 2021",10:52:17,"October 1, 2021",3:52:17, 47 59.06 N, 122 37.22 W,47.98,122.62,7,8,2,20.46,20.29,12.64,,2,,30.53,30.53,2,,23.00,,5.56,5.92,5.74,2,,6.12,,,6.12,,2,,7.79,,,,22.30,23.68,0.33,0.01,2.27,36.63,2,3.65,0.70,0.87,0.78,2,0.40,0.54,0.47,2,,,,,
9,  TN395,"October 1, 2021",10:53:37,"October 1, 2021",3:53:37, 47 59.06 N, 122 37.22 W,47.98,122.62,7,9,2,10.51,10.42,12.87,,2,,30.44,30.44,2,,22.89,,5.87,6.28,6.08,2,,,,,,,,,7.82,,,,22.30,,,,,,,4.64,,,,,,,,,,,,,
10,  TN395,"October 1, 2021",10:53:41,"October 1, 2021",3:53:41, 47 59.06 N, 122 37.22 W,47.98,122.62,7,10,2,10.55,10.46,12.87,,2,,30.44,30.44,2,,22.89,,5.74,6.08,5.91,2,,6.42,,,6.42,,2,,7.81,,,,22.30,23.10,0.38,0.01,2.25,36.08,2,4.11,0.02,0.03,0.03,2,2.12,1.16,1.64,2,,,,,
11,  TN395,"October 1, 2021",10:55:11,"October 1, 2021",3:55:11, 47 59.06 N, 122 37.22 W,47.98,122.62,7,11,2,4.99,4.95,12.87,,2,,30.42,30.42,2,,22.87,,5.90,6.27,6.09,2,,,,,,,,,7.82,,,,22.30,,,,,,,4.67,,,,,,,,,,,,,
12,  TN395,"October 1, 2021",10:55:18,"October 1, 2021",3:55:18, 47 59.06 N, 122 37.22 W,47.98,122.62,7,12,2,4.94,4.90,12.87,,2,,30.41,30.41,2,,22.86,,5.94,6.32,6.13,2,,6.49,,,6.49,,2,,7.83,,,,22.30,23.04,0.39,0.01,2.22,36.09,2,5.04,1.31,1.42,1.37,2,0.56,0.65,0.61,2,,,,,
13,  TN395,"October 1, 2021",10:57:10,"October 1, 2021",3:57:10, 47 59.06 N, 122 37.22 W,47.98,122.62,7,13,2,3.28,3.26,12.84,,2,,30.37,30.36,2,,22.84,,6.14,6.54,6.34,2,,,,,,,,,7.84,,,,22.30,,,,,,,5.72,,,,,,,,,,,,,
14,  TN395,"October 1, 2021",10:57:20,"October 1, 2021",3:57:20, 47 59.06 N, 122 37.22 W,47.98,122.62,7,14,2,3.23,3.20,12.85,,2,,30.37,30.37,2,,22.84,,6.07,6.45,6.26,2,,6.65,6.67,,6.66,,2,,7.84,,,,22.30,22.63,0.42,0.01,2.24,35.95,2,5.47,1.68,1.42,1.55,2,0.43,0.54,0.48,2,,,,,
15,  TN395,"September 27, 2021",15:49:15,"September 27, 2021",8:49:15, 47 58.85 N, 124 57.59 W,47.98,124.96,381,1,2,90.94,90.16,7.62,,2,,33.77,33.77,2,,26.36,,0.73,0.73,0.73,2,,0.72,,,0.72,,2,,7.47,,,,22.30,32.99,0.49,0.13,2.93,51.24,2,4.07,,,,,,,,,,,,,
16,  TN395,"September 27, 2021",15:50:36,"September 27, 2021",8:50:36, 47 58.85 N, 124 57.59 W,47.98,124.96,381,2,2,86.85,86.10,7.62,,2,,33.77,33.77,2,,26.36,,0.75,0.75,0.75,2,,,,,,,,,7.46,,,,22.30,,,,,,,3.52,,,,,,,,,,,,,
17,  TN395,"September 27, 2021",15:50:47,"September 27, 2021",8:50:47, 47 58.85 N, 124 57.59 W,47.98,124.96,381,3,2,85.29,84.56,7.62,,2,,33.77,33.76,2,,26.36,,0.75,0.75,0.75,2,,0.73,0.76,,0.75,,2,,7.46,,,,22.30,33.03,0.54,0.18,2.91,51.50,2,3.39,,,,,,,,,,,,,
18,  TN395,"September 27, 2021",15:52:27,"September 27, 2021",8:52:27, 47 58.85 N, 124 57.59 W,47.98,124.96,381,4,2,80.39,79.70,7.62,,2,,33.74,33.74,2,,26.34,,0.95,0.99,0.97,2,,,,,,,,,7.47,,,,22.30,,,,,,,2.86,,,,,,,,,,,,,
19,  TN395,"September 27, 2021",15:52:38,"September 27, 2021",8:52:38, 47 58.85 N, 124 57.59 W,47.98,124.96,381,5,2,82.11,81.41,7.62,,2,,33.75,33.75,2,,26.34,,0.94,0.96,0.95,2,,1.04,,,1.04,,2,,7.47,33.74,,,22.30,32.97,0.42,0.17,2.87,49.10,2,2.86,,,,,,,,,,,,,
20,  TN395,"September 27, 2021",15:55:01,"September 27, 2021",8:55:01, 47 58.85 N, 124 57.59 W,47.98,124.96,381,6,2,61.47,60.95,7.72,,2,,33.32,33.32,2,,26.00,,4.50,4.76,4.63,2,,,,,,,,,7.70,,,,22.30,,,,,,,2.00,,,,,,,,,,,,,
21,  TN395,"September 27, 2021",15:55:13,"September 27, 2021",8:55:13, 47 58.85 N, 124 57.59 W,47.98,124.96,381,7,2,61.12,60.60,7.72,,2,,33.31,33.31,2,,25.99,,4.45,4.72,4.58,2,,4.89,4.88,,4.89,,2,,7.70,,,,22.30,27.07,0.06,0.04,2.01,26.04,2,2.03,,,,,,,,,,,,,
22,  TN395,"September 27, 2021",15:57:06,"September 27, 2021",8:57:06, 47 58.85 N, 124 57.59 W,47.98,124.96,381,8,2,51.35,50.91,7.72,,2,,33.21,33.20,2,,25.91,,4.86,5.16,5.01,2,,,,,,,,,7.74,,,,22.30,,,,,,,2.05,,,,,,,,,,,,,
23,  TN395,"September 27, 2021",15:57:14,"September 27, 2021",8:57:14, 47 58.85 N, 124 57.59 W,47.98,124.96,381,9,2,50.69,50.26,7.72,,2,,33.21,33.21,2,,25.91,,4.86,5.16,5.01,2,,5.31,,,5.31,,2,,7.74,,,,22.30,25.72,0.04,0.04,1.92,24.11,2,2.03,0.01,0.01,0.01,2,0.00,0.01,0.01,2,,,,,
24,  TN395,"September 27, 2021",15:58:36,"September 27, 2021",8:58:36, 47 58.85 N, 124 57.59 W,47.98,124.96,381,10,2,45.72,45.33,7.76,,2,,32.99,32.99,2,,25.73,,5.58,5.93,5.75,2,,,,,,,,,7.78,,,,22.30,,,,,,,2.08,,,,,,,,,,,,,
25,  TN395,"September 27, 2021",15:58:43,"September 27, 2021",8:58:43, 47 58.85 N, 124 57.59 W,47.98,124.96,381,11,2,44.08,43.70,7.76,,2,,32.98,32.98,2,,25.72,,5.60,5.93,5.77,2,,6.09,6.07,,6.08,,2,,7.78,,,,22.30,23.11,0.07,0.03,1.78,20.89,2,2.04,,,,,,,,,,,,,
26,  TN395,"September 27, 2021",16:00:09,"September 27, 2021",9:00:09, 47 58.85 N, 124 57.59 W,47.98,124.96,381,12,2,39.93,39.59,7.83,,2,,32.87,32.87,2,,25.62,,5.90,6.26,6.08,2,,,,,,,,,7.81,,,,22.30,,,,,,,2.16,,,,,,,,,,,,,
27,  TN395,"September 27, 2021",16:00:18,"September 27, 2021",9:00:18, 47 58.85 N, 124 57.59 W,47.98,124.96,381,13,2,40.01,39.67,7.83,,2,,32.86,32.86,2,,25.62,,5.86,6.23,6.04,2,,6.44,,,6.44,,2,,7.81,,,,22.30,21.96,0.10,0.02,1.72,19.50,2,2.11,,,,,,,,,,,,,
28,  TN395,"September 27, 2021",16:02:04,"September 27, 2021",9:02:04, 47 58.85 N, 124 57.59 W,47.98,124.96,381,14,2,29.55,29.30,8.55,,2,,32.63,32.63,2,,25.33,,5.66,5.94,5.80,2,,,,,,,,,7.81,,,,22.30,,,,,,,2.69,,,,,,,,,,,,,
29,  TN395,"September 27, 2021",16:02:10,"September 27, 2021",9:02:10, 47 58.85 N, 124 57.59 W,47.98,124.96,381,15,2,30.90,30.64,8.35,,2,,32.64,32.64,2,,25.37,,5.69,6.08,5.88,2,,6.06,,,6.06,,2,,7.82,,,,22.30,22.77,0.32,0.18,1.83,23.13,2,2.51,0.00,,0.00,2,0.08,,0.08,2,,,,,
30,  TN395,"September 27, 2021",16:03:08,"September 27, 2021",9:03:08, 47 58.85 N, 124 57.59 W,47.98,124.96,381,16,2,25.02,24.81,8.85,,2,,32.62,32.62,2,,25.28,,5.42,5.71,5.57,2,,,,,,,,,7.80,,,,22.30,,,,,,,3.15,,,,,,,,,,,,,
31,  TN395,"September 27, 2021",16:03:20,"September 27, 2021",9:03:20, 47 58.85 N, 124 57.59 W,47.98,124.96,381,17,2,25.99,25.77,8.88,,2,,32.61,32.61,2,,25.27,,5.37,5.70,5.54,2,,5.76,5.79,,5.77,,2,,7.80,32.62,,,22.30,23.26,0.35,0.34,1.89,25.14,2,3.39,,,,,,,,,,,,,
32,  TN395,"September 27, 2021",16:04:43,"September 27, 2021",9:04:43, 47 58.85 N, 124 57.59 W,47.98,124.96,381,18,2,20.66,20.49,11.44,,2,,32.15,32.16,2,,24.48,,6.81,7.27,7.04,2,,,,,,,,,7.95,,,,22.30,,,,,,,7.58,,,,,,,,,,,,,
33,  TN395,"September 27, 2021",16:04:56,"September 27, 2021",9:04:56, 47 58.85 N, 124 57.59 W,47.98,124.96,381,19,2,20.07,19.90,11.51,,2,,32.13,32.13,2,,24.45,,6.76,7.25,7.01,2,,7.55,,,7.55,,2,,7.95,,,,22.30,12.86,0.31,0.62,1.26,16.96,2,8.39,1.04,1.02,1.03,2,0.58,0.45,0.51,2,,,,,
34,  TN395,"September 27, 2021",16:06:25,"September 27, 2021",9:06:25, 47 58.85 N, 124 57.59 W,47.98,124.96,381,20,2,9.27,9.19,12.40,,2,,31.92,31.92,2,,24.12,,7.61,8.12,7.86,2,,8.34,,,8.34,,2,,8.04,,,,22.30,9.01,0.30,0.58,1.03,13.17,2,9.27,1.31,1.40,1.36,2,0.73,0.66,0.69,2,,,,,
35,  TN395,"September 27, 2021",16:07:35,"September 27, 2021",9:07:35, 47 58.85 N, 124 57.59 W,47.98,124.96,381,21,2,5.36,5.31,12.39,,2,,31.92,31.92,2,,24.13,,7.58,8.09,7.83,2,,,,,,,,,8.05,,,,22.30,,,,,,,9.10,,,,,,,,,,,,,
36,  TN395,"September 27, 2021",16:07:45,"September 27, 2021",9:07:45, 47 58.85 N, 124 57.59 W,47.98,124.96,381,22,2,5.40,5.36,12.39,,2,,31.92,31.92,2,,24.12,,7.57,8.09,7.83,2,,8.30,,,8.30,,2,,8.05,,,,22.30,9.21,0.29,0.58,1.02,13.51,2,9.12,1.36,1.34,1.35,2,0.73,0.69,0.71,2,,,,,
37,  TN395,"September 27, 2021",16:08:16,"September 27, 2021",9:08:16, 47 58.85 N, 124 57.59 W,47.98,124.96,381,23,2,3.80,3.77,12.39,,2,,31.92,31.92,2,,24.12,,7.57,8.06,7.82,2,,,,,,,,,8.05,,,,22.30,,,,,,,9.17,,,,,,,,,,,,,
38,  TN395,"September 27, 2021",16:08:23,"September 27, 2021",9:08:23, 47 58.85 N, 124 57.59 W,47.98,124.96,381,24,2,3.89,3.85,12.39,,2,,31.92,31.92,2,,24.12,,7.57,8.09,7.83,2,,8.27,8.28,,8.28,,2,,8.05,31.93,,,22.30,9.24,0.28,0.56,1.04,13.47,2,9.11,1.24,1.33,1.28,2,0.68,0.75,0.71,2,,,,,
39,  TN395,"September 29, 2021",4:23:20,"September 28, 2021",21:23:20, 48 16.02 N, 125 00.95 W,48.27,125.02,105,1,2,326.70,323.69,7.13,,2,,33.95,33.95,2,,26.58,,1.61,1.66,1.63,2,,1.71,1.70,,1.70,,2,,7.56,33.95,,,22.30,36.35,0.10,0.10,2.70,47.21,2,2.05,,,,,,,,,,,,,
40,  TN395,"September 29, 2021",4:26:09,"September 28, 2021",21:26:09, 48 16.02 N, 125 00.95 W,48.27,125.02,105,2,2,252.56,250.28,7.21,,2,,33.92,33.92,2,,26.54,,1.56,1.62,1.59,2,,1.63,,,1.63,,2,,7.55,,,,22.30,36.35,0.05,0.04,2.68,45.82,2,2.04,,,,,,,,,,,,,
41,  TN395,"September 29, 2021",4:29:06,"September 28, 2021",21:29:06, 48 16.02 N, 125 00.95 W,48.27,125.02,105,3,2,172.02,170.50,7.35,,2,,33.91,33.91,2,,26.51,,1.49,1.55,1.52,2,,1.58,1.57,,1.57,,2,,7.55,33.91,,,22.30,35.66,0.04,0.03,2.69,45.45,2,2.05,,,,,,,,,,,,,
42,  TN395,"September 29, 2021",4:31:40,"September 28, 2021",21:31:40, 48 16.02 N, 125 00.95 W,48.27,125.02,105,4,2,119.53,118.49,7.59,,2,,33.85,33.85,2,,26.43,,1.69,1.75,1.72,2,,,,,,,,,7.56,,,,22.30,34.12,0.06,0.06,2.66,44.00,2,2.08,,,,,,,,,,,,,
43,  TN395,"September 29, 2021",4:31:46,"September 28, 2021",21:31:46, 48 16.02 N, 125 00.95 W,48.27,125.02,105,5,2,121.76,120.70,7.59,,2,,33.85,33.86,2,,26.44,,1.68,1.75,1.72,2,,1.80,,,1.80,,2,,7.56,,,,22.30,,,,,,,2.08,,,,,,,,,,,,,
44,  TN395,"September 29, 2021",4:33:59,"September 28, 2021",21:33:59, 48 16.02 N, 125 00.95 W,48.27,125.02,105,6,2,80.42,79.73,7.91,,2,,33.62,33.62,2,,26.20,,3.85,4.07,3.96,2,,4.25,4.27,,4.26,,2,,7.70,33.62,,,22.30,29.13,0.08,0.07,2.10,27.90,2,2.00,,,,,,,,,,,,,
45,  TN395,"September 29, 2021",4:36:01,"September 28, 2021",21:36:01, 48 16.02 N, 125 00.95 W,48.27,125.02,105,7,2,50.08,49.65,8.11,,2,,33.01,33.01,2,,25.69,,4.84,5.13,4.99,2,,5.24,5.23,,5.24,,2,,7.76,33.01,,,22.30,26.48,0.18,0.17,2.01,26.77,2,2.26,0.14,0.10,0.12,2,0.18,0.17,0.17,2,,,,,
46,  TN395,"September 29, 2021",4:38:02,"September 28, 2021",21:38:02, 48 16.02 N, 125 00.95 W,48.27,125.02,105,8,2,30.04,29.79,9.55,,2,,32.92,32.92,2,,25.40,,4.67,4.95,4.81,2,,5.10,,,5.10,,2,,7.74,,,,22.30,28.14,0.40,0.94,2.20,33.74,2,2.98,0.29,0.27,0.28,2,0.31,0.33,0.32,2,,,,,
47,  TN395,"September 29, 2021",4:39:54,"September 28, 2021",21:39:54, 48 16.02 N, 125 00.95 W,48.27,125.02,105,9,2,20.20,20.03,11.94,,2,,32.39,32.38,2,,24.57,,7.58,8.04,7.81,2,,7.57,7.58,,7.57,,2,,7.99,32.54,,,22.30,16.89,0.34,1.34,1.50,22.78,2,13.04,1.32,1.39,1.36,2,0.61,0.62,0.62,2,,,,,
48,  TN395,"September 29, 2021",4:41:30,"September 28, 2021",21:41:30, 48 16.02 N, 125 00.95 W,48.27,125.02,105,10,2,9.67,9.58,12.52,,2,,32.24,32.24,2,,24.35,,8.21,8.75,8.48,2,,8.98,,,8.98,,2,,8.09,,,,22.30,9.74,0.23,0.58,0.98,15.26,2,17.37,2.49,2.38,2.44,2,0.93,1.03,0.98,2,,,,,
49,  TN395,"September 29, 2021",4:43:02,"September 28, 2021",21:43:02, 48 16.02 N, 125 00.95 W,48.27,125.02,105,11,2,4.94,4.90,12.55,,2,,32.23,32.23,2,,24.33,,8.25,8.79,8.52,2,,9.01,,,9.01,,2,,8.10,,,,22.30,9.73,0.23,0.55,0.98,15.35,2,16.31,2.59,2.63,2.61,2,0.82,0.76,0.79,2,,,,,
50,  TN395,"September 29, 2021",4:44:32,"September 28, 2021",21:44:32, 48 16.02 N, 125 00.95 W,48.27,125.02,105,12,2,2.55,2.53,12.55,,2,,32.23,32.23,2,,24.33,,8.24,8.79,8.52,2,,9.02,9.02,,9.02,,2,,8.11,32.24,,,22.30,9.73,0.23,0.53,0.97,15.31,2,15.35,2.56,2.54,2.55,2,0.85,0.92,0.89,2,,,,,
51,  TN395,"September 28, 2021",5:55:23,"September 27, 2021",22:55:23, 48 13.30 N, 123 28.95 W,48.22,123.48,136,1,2,133.18,132.02,7.43,,2,,33.83,33.83,2,,26.44,,1.79,1.86,1.83,2,,,,,,,,,7.54,,,,22.30,,,,,,,2.13,,,,,,,,,,,,,
52,  TN395,"September 28, 2021",5:55:29,"September 27, 2021",22:55:29, 48 13.30 N, 123 28.95 W,48.22,123.48,136,2,2,133.05,131.89,7.43,,2,,33.83,33.83,2,,26.44,,1.79,1.86,1.83,2,,1.92,1.95,,1.93,,2,,7.54,,,,22.30,35.56,0.15,0.02,2.61,43.43,2,2.23,,,,,,,,,,,,,
53,  TN395,"September 28, 2021",5:57:54,"September 27, 2021",22:57:54, 48 13.30 N, 123 28.95 W,48.22,123.48,136,3,2,111.72,110.75,7.44,,2,,33.82,33.82,2,,26.43,,1.82,1.89,1.85,2,,,,,,,,,7.55,,,,22.30,,,,,,,2.20,,,,,,,,,,,,,
54,  TN395,"September 28, 2021",5:58:00,"September 27, 2021",22:58:00, 48 13.30 N, 123 28.95 W,48.22,123.48,136,4,2,111.82,110.85,7.44,,2,,33.82,33.82,2,,26.43,,1.82,1.89,1.85,2,,,,,,,,,7.55,,,,22.30,35.49,0.14,0.02,2.60,43.20,2,2.22,,,,,,,,,,,,,
55,  TN395,"September 28, 2021",5:58:06,"September 27, 2021",22:58:06, 48 13.30 N, 123 28.95 W,48.22,123.48,136,5,2,111.54,110.57,7.45,,2,,33.81,33.81,2,,26.42,,1.83,1.92,1.88,2,,1.93,,,1.93,,2,,7.55,,,,22.30,,,,,,,2.25,,,,,,,,,,,,,
56,  TN395,"September 28, 2021",6:00:20,"September 27, 2021",23:00:20, 48 13.30 N, 123 28.95 W,48.22,123.48,136,6,2,80.87,80.17,8.46,,2,,33.16,33.16,2,,25.76,,3.09,3.27,3.18,2,,,,,,,,,7.61,,,,22.30,,,,,,,3.44,,,,,,,,,,,,,
57,  TN395,"September 28, 2021",6:00:27,"September 27, 2021",23:00:27, 48 13.30 N, 123 28.95 W,48.22,123.48,136,7,2,81.34,80.64,8.46,,2,,33.16,33.17,2,,25.77,,3.10,3.27,3.19,2,,3.33,3.34,,3.33,,2,,7.61,,,,22.30,32.00,0.29,0.18,2.44,39.03,2,3.08,,,,,,,,,,,,,
58,  TN395,"September 28, 2021",6:03:17,"September 27, 2021",23:03:17, 48 13.30 N, 123 28.95 W,48.22,123.48,136,8,2,50.86,50.43,8.78,,2,,32.93,32.92,2,,25.53,,3.49,3.69,3.59,2,,,,,,,,,7.65,,,,22.30,,,,,,,3.37,,,,,,,,,,,,,
59,  TN395,"September 28, 2021",6:03:24,"September 27, 2021",23:03:24, 48 13.30 N, 123 28.95 W,48.22,123.48,136,9,2,51.29,50.85,8.78,,2,,32.93,32.93,2,,25.53,,3.49,3.69,3.59,2,,3.79,3.79,,3.79,,2,,7.65,,,,22.30,30.92,0.30,0.19,2.38,38.17,2,3.32,0.86,0.80,0.83,2,0.34,0.36,0.35,2,,,,,
60,  TN395,"September 28, 2021",6:05:16,"September 27, 2021",23:05:16, 48 13.30 N, 123 28.95 W,48.22,123.48,136,10,2,30.80,30.54,9.34,,2,,32.41,32.41,2,,25.04,,3.93,4.16,4.04,2,,,,,,,,,7.67,,,,22.30,,,,,,,3.87,,,,,,,,,,,,,
61,  TN395,"September 28, 2021",6:05:22,"September 27, 2021",23:05:22, 48 13.30 N, 123 28.95 W,48.22,123.48,136,11,2,30.25,30.00,9.34,,2,,32.40,32.40,2,,25.03,,3.93,4.16,4.04,2,,4.31,,,4.31,,2,,7.68,,,,22.30,29.39,0.33,0.39,2.32,37.47,2,3.95,1.13,0.93,1.03,2,0.48,0.49,0.49,2,,,,,
62,  TN395,"September 28, 2021",6:07:26,"September 27, 2021",23:07:26, 48 13.30 N, 123 28.95 W,48.22,123.48,136,12,2,20.54,20.37,9.69,,2,,32.11,32.11,2,,24.75,,4.11,4.35,4.23,2,,,,,,,,,7.69,,,,22.30,,,,,,,3.61,,,,,,,,,,,,,
63,  TN395,"September 28, 2021",6:07:33,"September 27, 2021",23:07:33, 48 13.30 N, 123 28.95 W,48.22,123.48,136,13,2,20.45,20.28,9.69,,2,,32.11,32.11,2,,24.75,,4.11,4.34,4.23,2,,4.49,4.46,,4.47,,2,,7.69,,,,22.30,28.19,0.34,0.53,2.29,37.23,2,3.51,1.17,,1.17,2,0.43,,0.43,2,,,,,
64,  TN395,"September 28, 2021",6:09:00,"September 27, 2021",23:09:00, 48 13.30 N, 123 28.95 W,48.22,123.48,136,14,2,10.28,10.19,10.19,,2,,31.79,31.79,2,,24.41,,4.67,4.94,4.80,2,,,,,,,,,7.73,,,,22.30,,,,,,,5.28,,,,,,,,,,,,,
65,  TN395,"September 28, 2021",6:09:07,"September 27, 2021",23:09:07, 48 13.30 N, 123 28.95 W,48.22,123.48,136,15,2,10.19,10.11,10.18,,2,,31.78,31.77,2,,24.41,,4.67,4.99,4.83,2,,5.09,,,5.09,,2,,7.73,,,,22.30,26.58,0.37,0.55,2.23,36.53,2,5.42,2.18,2.01,2.09,2,0.55,0.66,0.60,2,,,,,
66,  TN395,"September 28, 2021",6:11:02,"September 27, 2021",23:11:02, 48 13.30 N, 123 28.95 W,48.22,123.48,136,16,2,5.04,4.99,10.53,,2,,31.64,31.64,2,,24.24,,5.34,5.65,5.50,2,,,,,,,,,7.77,,,,22.30,,,,,,,7.28,,,,,,,,,,,,,
67,  TN395,"September 28, 2021",6:11:08,"September 27, 2021",23:11:08, 48 13.30 N, 123 28.95 W,48.22,123.48,136,17,2,4.99,4.95,10.54,,2,,31.64,31.64,2,,24.24,,5.35,5.69,5.52,2,,5.82,,,5.82,,2,,7.77,,,,22.30,25.23,0.38,0.44,2.17,35.45,2,7.35,2.86,3.05,2.96,2,0.74,0.71,0.73,2,,,,,
68,  TN395,"September 28, 2021",6:12:34,"September 27, 2021",23:12:34, 48 13.30 N, 123 28.95 W,48.22,123.48,136,18,2,2.80,2.77,10.57,,2,,31.62,31.63,2,,24.22,,5.48,5.79,5.63,2,,,,,,,,,7.78,,,,22.30,,,,,,,6.45,,,,,,,,,,,,,
69,  TN395,"September 28, 2021",6:12:41,"September 27, 2021",23:12:41, 48 13.30 N, 123 28.95 W,48.22,123.48,136,19,2,2.76,2.73,10.57,,2,,31.62,31.63,2,,24.22,,5.45,5.79,5.62,2,,6.21,6.16,,6.18,,2,,7.78,,,,22.30,24.92,0.38,0.47,2.14,35.18,2,7.55,2.20,2.16,2.18,2,0.57,0.51,0.54,2,,,,,
70,  TN395,"September 28, 2021",15:53:11,"September 28, 2021",8:53:11, 47 47.12 N, 124 38.77 W,47.79,124.65,ql60,1,2,25.20,24.99,12.65,,2,,32.08,32.08,2,,24.20,,7.70,8.21,7.96,2,,,,,,,,,8.04,,,,22.30,,,,,,,9.75,,,,,,,,,,,,,
71,  TN395,"September 28, 2021",15:53:23,"September 28, 2021",8:53:23, 47 47.12 N, 124 38.77 W,47.79,124.65,ql60,2,2,25.06,24.84,12.65,,2,,32.08,32.08,2,,24.20,,7.70,8.23,7.96,2,,8.52,8.51,8.43,8.49,,2,,8.04,,,,22.30,,,,,,,9.31,,,,,,,,,,,,,
72,  TN395,"September 29, 2021",10:04:16,"September 29, 2021",3:04:16, 48 23.84 N, 124 26.03 W,48.40,124.43,123,1,2,220.25,218.28,7.32,,2,,33.91,33.91,2,,26.52,,1.62,1.67,1.65,2,,,,,,,,,7.59,,,,22.30,35.70,0.09,0.04,2.66,45.49,2,2.07,,,,,,,,,,,,,
73,  TN395,"September 29, 2021",10:07:36,"September 29, 2021",3:07:36, 48 23.84 N, 124 26.03 W,48.40,124.43,123,2,2,172.43,170.90,7.51,,2,,33.84,33.84,2,,26.43,,1.56,1.60,1.58,2,,,,,,,,,7.57,,,,22.30,34.52,0.08,0.08,2.74,46.01,2,2.06,,,,,,,,,,,,,
74,  TN395,"September 29, 2021",10:07:43,"September 29, 2021",3:07:43, 48 23.84 N, 124 26.03 W,48.40,124.43,123,3,2,172.54,171.02,7.51,,2,,33.84,33.84,2,,26.43,,1.59,1.65,1.62,2,,,,,,,,,7.57,,,,22.30,,,,,,,2.13,,,,,,,,,,,,,
75,  TN395,"September 29, 2021",10:11:06,"September 29, 2021",3:11:06, 48 23.84 N, 124 26.03 W,48.40,124.43,123,4,2,122.38,121.31,7.77,,2,,33.64,33.64,2,,26.24,,2.24,2.33,2.29,2,,,,,,,,,7.61,,,,22.30,,,,,,,2.20,,,,,,,,,,,,,
76,  TN395,"September 29, 2021",10:11:13,"September 29, 2021",3:11:13, 48 23.84 N, 124 26.03 W,48.40,124.43,123,5,2,122.14,121.07,7.78,,2,,33.64,33.64,2,,26.24,,2.27,2.38,2.33,2,,,,,,,,,7.61,,,,22.30,32.59,0.22,0.33,2.57,41.03,2,2.19,,,,,,,,,,,,,
77,  TN395,"September 29, 2021",10:14:25,"September 29, 2021",3:14:25, 48 23.84 N, 124 26.03 W,48.40,124.43,123,6,2,81.64,80.93,8.73,,2,,32.95,32.95,2,,25.55,,3.16,3.33,3.24,2,,,,,,,,,7.67,,,,22.30,31.65,0.33,0.30,2.45,38.41,2,2.49,,,,,,,,,,,,,
78,  TN395,"September 29, 2021",10:17:23,"September 29, 2021",3:17:23, 48 23.84 N, 124 26.03 W,48.40,124.43,123,7,2,50.40,49.97,9.67,,2,,32.38,32.38,2,,24.96,,4.57,4.84,4.71,2,,,,,,,,,7.75,,,,22.30,26.98,0.34,0.92,2.23,34.73,2,3.49,0.57,0.56,0.56,2,0.36,0.55,0.46,2,,,,,
79,  TN395,"September 29, 2021",10:20:22,"September 29, 2021",3:20:22, 48 23.84 N, 124 26.03 W,48.40,124.43,123,8,2,30.42,30.16,9.72,,2,,32.15,32.15,2,,24.77,,4.64,4.92,4.78,2,,,,,,,,,7.75,,,,22.30,27.48,0.34,0.70,2.24,35.89,2,4.05,1.09,,1.09,2,0.68,,0.68,2,,,,,
80,  TN395,"September 29, 2021",10:23:00,"September 29, 2021",3:23:00, 48 23.84 N, 124 26.03 W,48.40,124.43,123,9,2,20.55,20.38,9.79,,2,,32.08,32.08,2,,24.70,,4.72,4.99,4.86,2,,,,,,,,,7.76,,,,22.30,27.18,0.36,0.52,2.20,35.33,2,4.56,1.98,,1.98,2,0.56,,0.56,2,,,,,
81,  TN395,"September 29, 2021",10:24:41,"September 29, 2021",3:24:41, 48 23.84 N, 124 26.03 W,48.40,124.43,123,10,2,10.32,10.23,10.23,,2,,31.77,31.77,2,,24.39,,6.08,6.58,6.33,2,,,,,,,,,7.82,,,,22.30,25.53,0.36,0.53,2.10,33.95,2,7.99,3.03,3.06,3.05,2,0.63,0.84,0.74,2,,,,,
82,  TN395,"September 29, 2021",10:26:54,"September 29, 2021",3:26:54, 48 23.84 N, 124 26.03 W,48.40,124.43,123,11,2,5.24,5.20,10.34,,2,,31.73,31.73,2,,24.34,,6.70,7.06,6.88,2,,,,,,,,,7.88,,,,22.30,23.44,0.37,0.49,1.95,32.47,2,7.42,3.10,3.01,3.05,2,1.11,0.75,0.93,2,,,,,
83,  TN395,"September 29, 2021",10:28:36,"September 29, 2021",3:28:36, 48 23.84 N, 124 26.03 W,48.40,124.43,123,12,2,2.97,2.95,10.33,,2,,31.73,31.73,2,,24.34,,6.69,7.07,6.88,2,,,,,,,,,7.88,,,,22.30,23.45,0.37,0.54,1.95,32.44,2,8.34,2.78,2.74,2.76,2,0.69,0.63,0.66,2,,,,,
84,  TN395,"September 29, 2021",7:26:00,"September 29, 2021",0:26:00, 48 27.96 N, 124 46.84 W,48.47,124.78,120,1,2,278.18,275.65,7.20,,2,,33.94,33.94,2,,26.56,,1.65,1.70,1.68,2,,1.75,,,1.75,,2,,7.57,,,,22.30,36.11,0.06,0.04,2.67,45.78,2,2.08,,,,,,,,,,,,,
85,  TN395,"September 29, 2021",7:30:23,"September 29, 2021",0:30:23, 48 27.96 N, 124 46.84 W,48.47,124.78,120,2,2,228.92,226.87,7.34,,2,,33.89,33.90,2,,26.50,,1.53,1.58,1.55,2,,,,,,,,,7.55,,,,22.30,,,,,,,2.03,,,,,,,,,,,,,
86,  TN395,"September 29, 2021",7:34:32,"September 29, 2021",0:34:32, 48 27.96 N, 124 46.84 W,48.47,124.78,120,3,2,172.65,171.12,7.49,,2,,33.80,33.80,2,,26.41,,1.90,1.97,1.94,2,,2.03,,,2.03,,2,,7.58,,,,22.30,34.74,0.17,0.14,2.64,41.97,2,2.10,,,,,,,,,,,,,
87,  TN395,"September 29, 2021",7:38:03,"September 29, 2021",0:38:03, 48 27.96 N, 124 46.84 W,48.47,124.78,120,4,2,121.31,120.25,7.84,,2,,33.58,33.59,2,,26.19,,2.93,3.08,3.01,2,,,,,,,,,7.64,,,,22.30,31.04,0.21,0.16,2.40,36.39,2,2.33,,,,,,,,,,,,,
88,  TN395,"September 29, 2021",7:38:11,"September 29, 2021",0:38:11, 48 27.96 N, 124 46.84 W,48.47,124.78,120,5,2,121.84,120.77,7.84,,2,,33.58,33.58,2,,26.18,,2.94,3.09,3.02,2,,3.12,,,3.12,,2,,7.64,,,,22.30,,,,,,,2.27,,,,,,,,,,,,,
89,  TN395,"September 29, 2021",7:41:20,"September 29, 2021",0:41:20, 48 27.96 N, 124 46.84 W,48.47,124.78,120,6,2,81.40,80.70,8.49,,2,,33.26,33.26,2,,25.83,,3.56,3.75,3.66,2,,3.77,,,3.77,,2,,7.69,,,,22.30,28.74,0.32,0.62,2.31,34.82,2,2.73,,,,,,,,,,,,,
90,  TN395,"September 29, 2021",7:44:07,"September 29, 2021",0:44:07, 48 27.96 N, 124 46.84 W,48.47,124.78,120,7,2,51.44,51.00,11.49,,2,,32.47,32.47,2,,24.72,,6.93,7.34,7.14,2,,7.69,,,7.69,,2,,7.96,,,,22.30,14.21,0.46,1.74,1.48,19.06,2,6.15,1.60,1.51,1.55,2,0.92,0.87,0.90,2,,,,,
91,  TN395,"September 29, 2021",7:46:55,"September 29, 2021",0:46:55, 48 27.96 N, 124 46.84 W,48.47,124.78,120,8,2,29.68,29.42,11.72,,2,,32.47,32.47,2,,24.67,,7.03,7.45,7.24,2,,8.05,,,8.05,,2,,7.99,,,,22.30,12.76,0.45,1.87,1.40,16.98,2,7.04,1.75,2.06,1.91,2,0.95,0.99,0.97,2,,,,,
92,  TN395,"September 29, 2021",7:48:56,"September 29, 2021",0:48:56, 48 27.96 N, 124 46.84 W,48.47,124.78,120,9,2,21.11,20.93,12.13,,2,,32.47,32.47,2,,24.60,,7.28,7.72,7.50,2,,7.39,,,7.39,,2,,8.04,,,,22.30,9.65,0.45,2.32,1.22,12.95,2,6.70,2.00,1.92,1.96,2,1.29,1.31,1.30,2,,,,,
93,  TN395,"September 29, 2021",7:50:53,"September 29, 2021",0:50:53, 48 27.96 N, 124 46.84 W,48.47,124.78,120,10,2,10.77,10.68,12.24,,2,,32.35,32.35,2,,24.49,,7.63,8.11,7.87,2,,8.70,,,8.70,,2,,8.05,,,,22.30,10.25,0.42,1.67,1.21,13.25,2,9.23,3.00,3.21,3.11,2,1.32,1.43,1.37,2,,,,,
94,  TN395,"September 29, 2021",7:53:17,"September 29, 2021",0:53:17, 48 27.96 N, 124 46.84 W,48.47,124.78,120,11,2,5.28,5.23,12.26,,2,,32.34,32.35,2,,24.48,,7.66,8.14,7.90,2,,8.14,,,8.14,,2,,8.06,,,,22.30,10.17,0.42,1.72,1.21,13.31,2,10.15,3.13,2.98,3.05,2,1.34,1.33,1.34,2,,,,,
95,  TN395,"September 29, 2021",7:55:11,"September 29, 2021",0:55:11, 48 27.96 N, 124 46.84 W,48.47,124.78,120,12,2,3.24,3.21,12.27,,2,,32.34,32.34,2,,24.48,,7.67,8.13,7.90,2,,8.46,8.27,,8.36,,2,,8.06,,,,22.30,10.10,0.41,1.68,1.20,13.22,2,9.80,3.11,2.89,3.00,2,1.38,1.44,1.41,2,,,,,
96,  TN395,"September 29, 2021",13:28:51,"September 29, 2021",6:28:51, 48 16.30 N, 123 59.27 W,48.27,123.99,132,1,2,177.10,175.53,7.40,,2,,33.86,33.86,2,,26.47,,1.77,1.84,1.81,2,,1.91,1.92,,1.92,,2,,7.61,,,,22.30,35.36,0.16,0.02,2.57,44.17,2,2.12,,,,,,,,,,,,,
97,  TN395,"September 29, 2021",13:31:23,"September 29, 2021",6:31:23, 48 16.30 N, 123 59.27 W,48.27,123.99,132,2,2,151.30,149.97,7.43,,2,,33.85,33.85,2,,26.45,,1.81,1.88,1.84,2,,1.93,,,1.93,,2,,7.61,,,,22.30,35.24,0.16,0.00,2.56,43.53,2,2.15,,,,,,,,,,,,,
98,  TN395,"September 29, 2021",13:31:29,"September 29, 2021",6:31:29, 48 16.30 N, 123 59.27 W,48.27,123.99,132,3,2,151.63,150.30,7.43,,2,,33.85,33.85,2,,26.45,,1.81,1.88,1.84,2,,,,,,,,,7.61,,,,22.30,,,,,,,2.19,,,,,,,,,,,,,
99,  TN395,"September 29, 2021",13:34:22,"September 29, 2021",6:34:22, 48 16.30 N, 123 59.27 W,48.27,123.99,132,4,2,120.59,119.54,7.58,,2,,33.76,33.76,2,,26.36,,2.08,2.16,2.12,2,,,,,,,,,7.62,,,,22.30,,,,,,,2.20,,,,,,,,,,,,,
100,  TN395,"September 29, 2021",13:34:28,"September 29, 2021",6:34:28, 48 16.30 N, 123 59.27 W,48.27,123.99,132,5,2,122.23,121.17,7.58,,2,,33.76,33.76,2,,26.36,,2.08,2.16,2.12,2,,2.21,,,2.21,,2,,7.62,,,,22.30,34.35,0.08,0.00,2.52,42.24,2,2.24,,,,,,,,,,,,,
101,  TN395,"September 29, 2021",13:37:03,"September 29, 2021",6:37:03, 48 16.30 N, 123 59.27 W,48.27,123.99,132,6,2,80.83,80.13,8.18,,2,,33.36,33.36,2,,25.96,,2.61,2.74,2.67,2,,2.78,,,2.78,,2,,7.64,,,,22.30,33.68,0.13,0.00,2.46,39.84,2,2.31,,,,,,,,,,,,,
102,  TN395,"September 29, 2021",13:39:48,"September 29, 2021",6:39:48, 48 16.30 N, 123 59.27 W,48.27,123.99,132,7,2,50.36,49.93,8.93,,2,,32.88,32.88,2,,25.47,,3.66,3.87,3.76,2,,3.97,,,3.97,,2,,7.70,,,,22.30,30.23,0.34,0.42,2.33,37.04,2,3.43,1.00,1.01,1.01,2,0.58,0.50,0.54,2,,,,,
103,  TN395,"September 29, 2021",13:41:47,"September 29, 2021",6:41:47, 48 16.30 N, 123 59.27 W,48.27,123.99,132,8,2,30.38,30.12,9.31,,2,,32.69,32.69,2,,25.26,,4.44,4.70,4.57,2,,4.94,,,4.94,,2,,7.75,,,,22.30,27.41,0.35,0.60,2.16,34.37,2,4.82,1.72,1.77,1.75,2,0.73,0.58,0.66,2,,,,,
104,  TN395,"September 29, 2021",13:43:49,"September 29, 2021",6:43:49, 48 16.30 N, 123 59.27 W,48.27,123.99,132,9,2,19.85,19.68,9.73,,2,,32.46,32.47,2,,25.02,,5.72,6.07,5.90,2,,6.32,,,6.32,,2,,7.83,,,,22.30,24.70,0.35,0.35,1.96,32.02,2,9.02,3.81,,3.81,2,1.05,,1.05,2,,,,,
105,  TN395,"September 29, 2021",13:45:16,"September 29, 2021",6:45:16, 48 16.30 N, 123 59.27 W,48.27,123.99,132,10,2,10.21,10.12,9.96,,2,,32.31,32.29,2,,24.86,,6.26,6.63,6.44,2,,,,,,,,,7.86,,,,22.30,,,,,,,10.47,,,,,,,,,,,,,
106,  TN395,"September 29, 2021",13:45:24,"September 29, 2021",6:45:24, 48 16.30 N, 123 59.27 W,48.27,123.99,132,11,2,10.22,10.13,9.97,,2,,32.31,32.29,2,,24.85,,6.30,6.68,6.49,2,,6.84,,,6.84,,2,,7.86,,,,22.30,23.79,0.35,0.23,1.90,31.29,2,10.46,4.92,,4.92,2,1.18,,1.18,2,,,,,
107,  TN395,"September 29, 2021",13:46:30,"September 29, 2021",6:46:30, 48 16.30 N, 123 59.27 W,48.27,123.99,132,12,2,4.88,4.84,10.06,,2,,32.24,32.24,2,,24.79,,6.53,6.89,6.71,2,,7.08,7.09,,7.09,,2,,7.87,,,,22.30,23.53,0.35,0.20,1.88,31.38,2,10.52,6.04,5.31,5.67,2,2.42,2.09,2.26,2,,,,,
108,  TN395,"September 29, 2021",13:47:37,"September 29, 2021",6:47:37, 48 16.30 N, 123 59.27 W,48.27,123.99,132,13,2,2.84,2.81,10.11,,2,,32.16,32.19,2,,24.72,,6.73,7.15,6.94,2,,,,,,,,,7.88,,,,22.30,,,,,,,10.75,,,,,,,,,,,,,
109,  TN395,"September 29, 2021",17:28:44,"September 29, 2021",10:28:44, 48 16.39 N, 123 01.27 W,48.27,123.02,22,1,2,99.64,98.77,7.99,,2,,33.41,33.41,2,,26.03,,2.31,2.42,2.37,2,,2.48,2.53,,2.50,,2,,7.58,33.41,,,22.30,34.19,0.26,0.06,2.53,42.59,2,2.59,,,,,,,,,,,,,
110,  TN395,"September 29, 2021",17:28:50,"September 29, 2021",10:28:50, 48 16.39 N, 123 01.27 W,48.27,123.02,22,2,2,99.85,98.99,7.98,,2,,33.41,33.41,2,,26.03,,2.32,2.43,2.38,2,,,,,,,,,7.58,,,,22.30,,,,,,,2.49,,,,,,,,,,,,,
111,  TN395,"September 29, 2021",17:30:36,"September 29, 2021",10:30:36, 48 16.39 N, 123 01.27 W,48.27,123.02,22,3,2,80.86,80.17,8.19,,2,,33.25,33.25,2,,25.87,,2.53,2.65,2.59,2,,,,,,,,,7.59,,,,22.30,,,,,,,2.56,,,,,,,,,,,,,
112,  TN395,"September 29, 2021",17:30:41,"September 29, 2021",10:30:41, 48 16.39 N, 123 01.27 W,48.27,123.02,22,4,2,80.65,79.96,8.19,,2,,33.25,33.25,2,,25.87,,2.54,2.66,2.60,2,,2.77,,,2.77,,2,,7.59,33.23,,,22.30,33.43,0.28,0.14,2.51,41.76,2,2.65,,,,,,,,,,,,,
113,  TN395,"September 29, 2021",17:32:33,"September 29, 2021",10:32:33, 48 16.39 N, 123 01.27 W,48.27,123.02,22,5,2,50.40,49.97,8.64,,2,,32.98,32.98,2,,25.60,,3.11,3.28,3.19,2,,,,,,,,,7.63,,,,22.30,,,,,,,3.10,,,,,,,,,,,,,
114,  TN395,"September 29, 2021",17:32:39,"September 29, 2021",10:32:39, 48 16.39 N, 123 01.27 W,48.27,123.02,22,6,2,50.28,49.85,8.65,,2,,32.97,32.97,2,,25.59,,3.09,3.26,3.17,2,,3.38,,,3.38,,2,,7.63,32.95,,,22.30,31.65,0.30,0.20,2.41,39.86,2,2.97,0.92,0.75,0.84,2,0.18,0.62,0.40,2,,,,,
115,  TN395,"September 29, 2021",17:33:42,"September 29, 2021",10:33:42, 48 16.39 N, 123 01.27 W,48.27,123.02,22,7,2,30.05,29.80,11.00,,2,,31.24,31.24,2,,23.85,,5.50,5.87,5.69,2,,,,,,,,,7.73,,,,22.30,,,,,,,6.70,,,,,,,,,,,,,
116,  TN395,"September 29, 2021",17:33:49,"September 29, 2021",10:33:49, 48 16.39 N, 123 01.27 W,48.27,123.02,22,8,2,30.16,29.90,10.98,,2,,31.26,31.26,2,,23.87,,5.50,5.82,5.66,2,,5.63,,,5.63,,2,,7.74,,,,22.30,24.93,0.40,0.50,2.16,36.47,2,7.25,3.37,3.72,3.55,2,1.04,0.91,0.98,2,,,,,
117,  TN395,"September 29, 2021",17:35:48,"September 29, 2021",10:35:48, 48 16.39 N, 123 01.27 W,48.27,123.02,22,9,2,20.11,19.94,11.07,,2,,31.13,31.12,2,,23.75,,5.74,6.10,5.92,2,,,,,,,,,7.78,,,,22.30,,,,,,,8.07,,,,,,,,,,,,,
118,  TN395,"September 29, 2021",17:35:56,"September 29, 2021",10:35:56, 48 16.39 N, 123 01.27 W,48.27,123.02,22,10,2,20.11,19.94,11.04,,2,,31.15,31.15,2,,23.77,,5.73,6.08,5.91,2,,6.25,,,6.25,,2,,7.79,31.13,,,22.30,23.84,0.41,0.49,2.10,35.99,2,7.71,3.89,,3.89,2,1.20,,1.20,2,,,,,
119,  TN395,"September 29, 2021",17:37:32,"September 29, 2021",10:37:32, 48 16.39 N, 123 01.27 W,48.27,123.02,22,11,2,10.43,10.34,11.12,,2,,31.10,31.10,2,,23.72,,5.79,6.14,5.96,2,,,,,,,,,7.79,,,,22.30,,,,,,,7.21,,,,,,,,,,,,,
120,  TN395,"September 29, 2021",17:37:39,"September 29, 2021",10:37:39, 48 16.39 N, 123 01.27 W,48.27,123.02,22,12,2,10.16,10.07,11.12,,2,,31.10,31.10,2,,23.72,,5.79,6.14,5.97,2,,6.29,,,6.29,,2,,7.79,31.10,,,22.30,23.76,0.41,0.55,2.13,36.20,2,6.84,3.05,,3.05,2,1.00,,1.00,2,,,,,
121,  TN395,"September 29, 2021",17:39:01,"September 29, 2021",10:39:01, 48 16.39 N, 123 01.27 W,48.27,123.02,22,13,2,4.97,4.93,11.12,,2,,31.10,31.10,2,,23.72,,5.80,6.15,5.98,2,,,,,,,,,7.80,,,,22.30,,,,,,,6.31,,,,,,,,,,,,,
122,  TN395,"September 29, 2021",17:39:07,"September 29, 2021",10:39:07, 48 16.39 N, 123 01.27 W,48.27,123.02,22,14,2,5.00,4.95,11.12,,2,,31.10,31.10,2,,23.72,,5.80,6.14,5.97,2,,6.29,,,6.29,,2,,7.80,,,,22.30,23.90,0.42,0.57,2.11,36.49,2,7.49,3.22,3.20,3.21,2,0.87,1.16,1.01,2,,,,,
123,  TN395,"September 29, 2021",17:40:50,"September 29, 2021",10:40:50, 48 16.39 N, 123 01.27 W,48.27,123.02,22,15,2,3.08,3.06,11.12,,2,,31.10,31.10,2,,23.72,,5.80,6.15,5.97,2,,,,,,,,,7.80,,,,22.30,,,,,,,6.88,,,,,,,,,,,,,
124,  TN395,"September 29, 2021",17:40:57,"September 29, 2021",10:40:57, 48 16.39 N, 123 01.27 W,48.27,123.02,22,16,2,3.20,3.18,11.12,,2,,31.10,31.10,2,,23.72,,5.81,6.17,5.99,2,,6.32,6.31,,6.31,,2,,7.80,31.10,,,22.30,23.43,0.42,0.54,2.10,35.52,2,6.71,3.23,2.77,3.00,2,0.86,1.11,0.98,2,,,,,
125,  TN395,"September 30, 2021",18:00:08,"September 30, 2021",11:00:08, 47 58.10 N, 124 56.80 W,47.97,124.95,381,1,2,89.88,89.10,7.76,,2,,33.71,33.71,2,,26.30,,1.46,1.51,1.48,2,,1.55,1.59,,1.57,,2,,7.54,,,,22.30,33.45,0.22,0.01,2.71,45.67,2,2.77,,,,,,,,,,,,,
126,  TN395,"September 30, 2021",18:00:14,"September 30, 2021",11:00:14, 47 58.10 N, 124 56.80 W,47.97,124.95,381,2,2,90.88,90.10,7.76,,2,,33.71,33.71,2,,26.30,,1.45,1.50,1.48,2,,,,,,,,,7.54,,,,22.30,,,,,,,2.69,,,,,,,,,,,,,
127,  TN395,"September 30, 2021",18:01:47,"September 30, 2021",11:01:47, 47 58.10 N, 124 56.80 W,47.97,124.95,381,3,2,82.63,81.92,7.76,,2,,33.71,33.71,2,,26.30,,1.47,1.52,1.49,2,,,,,,,,,7.53,,,,22.30,,,,,,,2.72,,,,,,,,,,,,,
128,  TN395,"September 30, 2021",18:01:55,"September 30, 2021",11:01:55, 47 58.10 N, 124 56.80 W,47.97,124.95,381,4,2,81.97,81.27,7.76,,2,,33.71,33.71,2,,26.30,,1.47,1.52,1.49,2,,1.56,,,1.56,,2,,7.53,33.72,,,22.30,33.45,0.23,0.01,2.69,45.36,2,2.65,,,,,,,,,,,,,
129,  TN395,"September 30, 2021",18:03:31,"September 30, 2021",11:03:31, 47 58.10 N, 124 56.80 W,47.97,124.95,381,5,2,80.66,79.97,7.76,,2,,33.71,33.71,2,,26.30,,1.50,1.55,1.52,2,,,,,,,,,7.52,,,,22.30,,,,,,,2.61,,,,,,,,,,,,,
130,  TN395,"September 30, 2021",18:03:39,"September 30, 2021",11:03:39, 47 58.10 N, 124 56.80 W,47.97,124.95,381,6,2,81.38,80.69,7.76,,2,,33.71,33.71,2,,26.30,,1.47,1.53,1.50,2,,1.57,,,1.57,,2,,7.52,,,,22.30,33.34,0.21,0.01,2.65,45.24,2,2.71,,,,,,,,,,,,,
131,  TN395,"September 30, 2021",18:05:50,"September 30, 2021",11:05:50, 47 58.10 N, 124 56.80 W,47.97,124.95,381,7,2,60.85,60.33,7.79,,2,,33.70,33.70,2,,26.29,,2.12,2.38,2.25,2,,2.44,,,2.44,,2,,7.56,,,,22.30,32.77,0.15,0.72,2.57,37.41,2,2.47,,,,,,,,,,,,,
132,  TN395,"September 30, 2021",18:07:33,"September 30, 2021",11:07:33, 47 58.10 N, 124 56.80 W,47.97,124.95,381,8,2,49.46,49.04,8.07,,2,,33.37,33.37,2,,25.98,,3.15,3.32,3.24,2,,,,,,,,,7.64,,,,22.30,,,,,,,2.19,,,,,,,,,,,,,
133,  TN395,"September 30, 2021",18:07:42,"September 30, 2021",11:07:42, 47 58.10 N, 124 56.80 W,47.97,124.95,381,9,2,49.00,48.58,8.07,,2,,33.37,33.37,2,,25.98,,3.15,3.32,3.24,2,,3.92,,,3.92,,2,,7.64,33.37,,,22.30,29.98,0.35,0.88,2.31,29.43,2,2.20,0.07,0.14,0.10,2,0.21,0.27,0.24,2,,,,,
134,  TN395,"September 30, 2021",18:09:20,"September 30, 2021",11:09:20, 47 58.10 N, 124 56.80 W,47.97,124.95,381,10,2,45.50,45.11,8.67,,2,,33.22,33.22,2,,25.78,,3.45,3.63,3.54,2,,,,,,,,,7.69,,,,22.30,,,,,,,2.55,,,,,,,,,,,,,
135,  TN395,"September 30, 2021",18:09:28,"September 30, 2021",11:09:28, 47 58.10 N, 124 56.80 W,47.97,124.95,381,11,2,44.07,43.70,8.68,,2,,33.20,33.21,2,,25.76,,3.46,3.73,3.59,2,,3.90,,,3.90,,2,,7.69,,,,22.30,25.82,0.34,2.09,2.19,27.08,2,2.60,,,,,,,,,,,,,
136,  TN395,"September 30, 2021",18:11:16,"September 30, 2021",11:11:16, 47 58.10 N, 124 56.80 W,47.97,124.95,381,12,2,40.81,40.47,8.81,,2,,33.09,33.09,2,,25.65,,3.86,4.06,3.96,2,,,,,,,,,7.72,,,,22.30,,,,,,,2.93,,,,,,,,,,,,,
137,  TN395,"September 30, 2021",18:11:25,"September 30, 2021",11:11:25, 47 58.10 N, 124 56.80 W,47.97,124.95,381,13,2,40.82,40.47,8.82,,2,,33.11,33.11,2,,25.67,,3.86,4.07,3.97,2,,4.47,,,4.47,,2,,7.73,33.05,,,22.30,24.72,0.36,1.46,2.09,27.04,2,2.93,0.24,0.27,0.26,2,0.44,0.46,0.45,2,,,,,
138,  TN395,"September 30, 2021",18:13:13,"September 30, 2021",11:13:13, 47 58.10 N, 124 56.80 W,47.97,124.95,381,14,2,30.21,29.96,11.14,,2,,32.31,32.32,2,,24.66,,6.90,7.42,7.16,2,,,,,,,,,7.97,,,,22.30,,,,,,,6.73,,,,,,,,,,,,,
139,  TN395,"September 30, 2021",18:13:20,"September 30, 2021",11:13:20, 47 58.10 N, 124 56.80 W,47.97,124.95,381,15,2,28.73,28.49,11.48,,2,,32.25,32.24,2,,24.55,,6.70,7.24,6.97,2,,7.50,,,7.50,,2,,7.98,,,,22.30,12.00,0.31,0.63,1.21,14.49,2,8.26,0.95,1.01,0.98,2,0.59,0.66,0.62,2,,,,,
140,  TN395,"September 30, 2021",18:14:52,"September 30, 2021",11:14:52, 47 58.10 N, 124 56.80 W,47.97,124.95,381,16,2,24.85,24.64,12.54,,2,,32.09,32.11,2,,24.23,,7.30,7.77,7.53,2,,,,,,,,,8.07,,,,22.30,,,,,,,9.52,,,,,,,,,,,,,
141,  TN395,"September 30, 2021",18:15:00,"September 30, 2021",11:15:00, 47 58.10 N, 124 56.80 W,47.97,124.95,381,17,2,25.91,25.69,12.33,,2,,32.13,32.13,2,,24.30,,7.32,7.80,7.56,2,,8.06,,,8.06,,2,,8.07,,,,22.30,8.35,0.27,0.73,1.00,11.58,2,8.32,,,,,,,,,,,,,
142,  TN395,"September 30, 2021",18:16:32,"September 30, 2021",11:16:32, 47 58.10 N, 124 56.80 W,47.97,124.95,381,18,2,20.99,20.82,13.14,,2,,32.00,32.00,2,,24.04,,7.64,8.13,7.89,2,,,,,,,,,8.12,,,,22.30,,,,,,,9.93,,,,,,,,,,,,,
143,  TN395,"September 30, 2021",18:16:40,"September 30, 2021",11:16:40, 47 58.10 N, 124 56.80 W,47.97,124.95,381,19,2,19.91,19.74,13.22,,2,,31.98,31.98,2,,24.01,,7.64,8.14,7.89,2,,8.42,,,8.42,,2,,8.12,31.99,,,22.30,6.15,0.24,0.61,0.84,9.51,2,10.77,1.43,1.66,1.55,2,0.86,0.70,0.78,2,,,,,
144,  TN395,"September 30, 2021",18:18:32,"September 30, 2021",11:18:32, 47 58.10 N, 124 56.80 W,47.97,124.95,381,20,2,8.93,8.86,13.47,,2,,31.96,31.96,2,,23.95,,7.65,8.14,7.89,2,,,,,,,,,8.13,,,,22.30,,,,,,,12.15,,,,,,,,,,,,,
145,  TN395,"September 30, 2021",18:18:41,"September 30, 2021",11:18:41, 47 58.10 N, 124 56.80 W,47.97,124.95,381,21,2,9.78,9.70,13.44,,2,,31.96,31.96,2,,23.95,,7.64,8.17,7.91,2,,8.38,,,8.38,,2,,8.13,31.96,,,22.30,5.52,0.23,0.40,0.77,8.48,2,12.25,1.54,1.73,1.64,2,0.51,0.66,0.58,2,,,,,
146,  TN395,"September 30, 2021",18:20:27,"September 30, 2021",11:20:27, 47 58.10 N, 124 56.80 W,47.97,124.95,381,22,2,4.63,4.59,13.48,,2,,31.96,31.96,2,,23.94,,7.65,8.17,7.91,2,,8.41,,,8.41,,2,,8.14,,,,22.30,5.45,0.21,0.35,0.80,8.34,2,11.52,,,,,,,,,,,,,
147,  TN395,"September 30, 2021",18:20:57,"September 30, 2021",11:20:57, 47 58.10 N, 124 56.80 W,47.97,124.95,381,23,2,4.30,4.26,13.48,,2,,31.96,31.96,2,,23.94,,7.66,8.18,7.92,2,,,,,,,,,8.14,,,,22.30,,,,,,,9.86,,,,,,,,,,,,,
148,  TN395,"September 30, 2021",18:21:04,"September 30, 2021",11:21:04, 47 58.10 N, 124 56.80 W,47.97,124.95,381,24,2,3.87,3.84,13.48,,2,,31.96,31.96,2,,23.94,,7.65,8.16,7.90,2,,8.37,,,8.37,,2,,8.14,31.97,,,22.30,5.50,0.21,0.34,0.79,8.59,2,9.75,1.59,1.66,1.63,2,0.55,0.55,0.55,2,,,,,
149,  TN395,"October 1, 2021",13:10:07,"October 1, 2021",6:10:07, 47 42.24 N, 122 27.27 W,47.70,122.45,28,1,2,181.40,179.80,11.30,,2,,31.26,31.26,2,,23.82,,4.85,5.13,4.99,2,,,,,,,,,7.74,,,,22.30,,,,,,,3.16,,,,,,,,,,,,,
150,  TN395,"October 1, 2021",13:10:13,"October 1, 2021",6:10:13, 47 42.24 N, 122 27.27 W,47.70,122.45,28,2,2,181.40,179.81,11.31,,2,,31.26,31.26,2,,23.82,,4.85,5.13,4.99,2,,5.31,5.30,,5.31,,2,,7.74,,,,22.30,25.13,0.45,0.92,2.32,38.16,2,3.19,,,,,,,,,,,,,
151,  TN395,"October 1, 2021",13:12:40,"October 1, 2021",6:12:40, 47 42.24 N, 122 27.27 W,47.70,122.45,28,3,2,151.21,149.89,11.67,,2,,30.99,30.99,2,,23.54,,4.90,5.19,5.04,2,,,,,,,,,7.75,,,,22.30,,,,,,,2.98,,,,,,,,,,,,,
152,  TN395,"October 1, 2021",13:12:48,"October 1, 2021",6:12:48, 47 42.24 N, 122 27.27 W,47.70,122.45,28,4,2,151.21,149.89,11.67,,2,,30.99,30.99,2,,23.54,,4.90,5.19,5.05,2,,5.37,,,5.37,,2,,7.75,,,,22.30,24.37,0.56,1.08,2.34,38.43,2,2.88,,,,,,,,,,,,,
153,  TN395,"October 1, 2021",13:15:35,"October 1, 2021",6:15:35, 47 42.24 N, 122 27.27 W,47.70,122.45,28,5,2,111.10,110.14,11.94,,2,,30.85,30.85,2,,23.38,,4.86,5.15,5.01,2,,,,,,,,,7.76,,,,22.30,,,,,,,2.52,,,,,,,,,,,,,
154,  TN395,"October 1, 2021",13:15:42,"October 1, 2021",6:15:42, 47 42.24 N, 122 27.27 W,47.70,122.45,28,6,2,111.08,110.12,11.95,,2,,30.84,30.85,2,,23.38,,4.86,5.16,5.01,2,,5.27,,,5.27,,2,,7.76,,,,22.30,23.67,0.55,0.54,2.28,36.84,2,2.56,,,,,,,,,,,,,
155,  TN395,"October 1, 2021",13:18:25,"October 1, 2021",6:18:25, 47 42.24 N, 122 27.27 W,47.70,122.45,28,7,2,81.03,80.33,12.05,,2,,30.80,30.80,2,,23.32,,4.83,5.13,4.98,2,,,,,,,,,7.76,,,,22.30,,,,,,,2.43,,,,,,,,,,,,,
156,  TN395,"October 1, 2021",13:18:32,"October 1, 2021",6:18:32, 47 42.24 N, 122 27.27 W,47.70,122.45,28,8,2,81.03,80.33,12.05,,2,,30.80,30.80,2,,23.32,,4.84,5.13,4.98,2,,5.25,,,5.25,,2,,7.76,,,,22.30,24.72,0.58,0.27,2.31,37.64,2,2.46,,,,,,,,,,,,,
157,  TN395,"October 1, 2021",13:20:36,"October 1, 2021",6:20:36, 47 42.24 N, 122 27.27 W,47.70,122.45,28,9,2,50.60,50.17,12.29,,2,,30.74,30.74,2,,23.23,,4.58,4.85,4.72,2,,,,,,,,,7.75,,,,22.30,,,,,,,2.37,,,,,,,,,,,,,
158,  TN395,"October 1, 2021",13:20:43,"October 1, 2021",6:20:43, 47 42.24 N, 122 27.27 W,47.70,122.45,28,10,2,50.61,50.18,12.29,,2,,30.74,30.74,2,,23.23,,4.58,4.86,4.72,2,,5.01,,,5.01,,2,,7.75,,,,22.30,26.09,0.11,0.02,2.37,38.45,2,2.38,0.13,0.18,0.15,2,0.30,0.32,0.31,2,,,,,
159,  TN395,"October 1, 2021",13:22:32,"October 1, 2021",6:22:32, 47 42.24 N, 122 27.27 W,47.70,122.45,28,11,2,30.28,30.03,12.72,,2,,30.54,30.55,2,,23.00,,5.06,5.36,5.21,2,,,,,,,,,7.78,,,,22.30,,,,,,,3.17,,,,,,,,,,,,,
160,  TN395,"October 1, 2021",13:22:40,"October 1, 2021",6:22:40, 47 42.24 N, 122 27.27 W,47.70,122.45,28,12,2,30.28,30.03,12.72,,2,,30.55,30.55,2,,23.00,,5.06,5.36,5.21,2,,5.39,,,5.39,,2,,7.78,,,,22.30,24.71,0.32,0.60,2.36,37.66,2,2.94,0.18,0.21,0.19,2,0.14,0.15,0.15,2,,,,,
161,  TN395,"October 1, 2021",13:24:03,"October 1, 2021",6:24:03, 47 42.24 N, 122 27.27 W,47.70,122.45,28,13,2,20.40,20.23,12.93,,2,,30.44,30.44,2,,22.87,,5.63,5.97,5.80,2,,,,,,,,,7.82,,,,22.30,,,,,,,4.20,,,,,,,,,,,,,
162,  TN395,"October 1, 2021",13:24:09,"October 1, 2021",6:24:09, 47 42.24 N, 122 27.27 W,47.70,122.45,28,14,2,20.41,20.23,12.93,,2,,30.44,30.44,2,,22.87,,5.63,5.97,5.80,2,,5.89,,,5.89,,2,,7.82,,,,22.30,23.56,0.39,0.63,2.30,36.51,2,4.17,0.37,0.44,0.40,2,0.10,0.18,0.14,2,,,,,
163,  TN395,"October 1, 2021",13:25:35,"October 1, 2021",6:25:35, 47 42.24 N, 122 27.27 W,47.70,122.45,28,15,2,9.96,9.88,13.24,,2,,30.31,30.32,2,,22.72,,6.60,7.02,6.81,2,,,,,,,,,7.90,,,,22.30,,,,,,,8.87,,,,,,,,,,,,,
164,  TN395,"October 1, 2021",13:25:44,"October 1, 2021",6:25:44, 47 42.24 N, 122 27.27 W,47.70,122.45,28,16,2,9.96,9.88,13.24,,2,,30.31,30.32,2,,22.72,,6.60,7.01,6.80,2,,6.87,,,6.87,,2,,7.90,,,,22.30,21.04,0.59,0.28,2.12,33.12,2,8.74,1.18,1.19,1.18,2,0.29,0.29,0.29,2,,,,,
165,  TN395,"October 1, 2021",13:26:48,"October 1, 2021",6:26:48, 47 42.24 N, 122 27.27 W,47.70,122.45,28,17,2,5.06,5.01,13.26,,2,,30.29,30.29,2,,22.70,,6.78,7.20,6.99,2,,,,,,,,,7.92,,,,22.30,,,,,,,8.78,,,,,,,,,,,,,
166,  TN395,"October 1, 2021",13:26:55,"October 1, 2021",6:26:55, 47 42.24 N, 122 27.27 W,47.70,122.45,28,18,2,5.05,5.01,13.27,,2,,30.29,30.29,2,,22.70,,6.79,7.23,7.01,2,,7.25,,,7.25,,2,,7.92,,,,22.30,19.91,0.59,0.05,2.02,31.46,2,8.88,1.79,0.53,1.16,2,0.32,0.10,0.21,2,,,,,
167,  TN395,"October 1, 2021",13:27:41,"October 1, 2021",6:27:41, 47 42.24 N, 122 27.27 W,47.70,122.45,28,19,2,3.00,2.97,13.27,,2,,30.27,30.27,2,,22.68,,6.82,7.25,7.03,2,,,,,,,,,7.92,,,,22.30,,,,,,,9.83,,,,,,,,,,,,,
168,  TN395,"October 1, 2021",13:27:47,"October 1, 2021",6:27:47, 47 42.24 N, 122 27.27 W,47.70,122.45,28,20,2,2.99,2.97,13.27,,2,,30.27,30.28,2,,22.68,,6.81,7.24,7.02,2,,7.39,7.41,,7.40,,2,,7.92,,,,22.30,19.44,0.62,0.03,1.98,31.14,2,9.09,0.79,1.26,1.02,2,0.08,0.16,0.12,2,,,,,
,,,,,,,,,,,,,,,,,,,,,,,,,,,,,,,,,,,,,,,,,,,,,,,,,,,,,,,,,,,,,
,,,,,,,,,,,,,,,,,,,,,,,,,,,,,,,,,,,,,,,,,,,,,,,,,,,,,,,,,,,,,
,,,,,,,,,,,,,,,,,,,,,,,,,,,,,,,,,,,,,,,,,,,,,,,,,,,,,,,,,,,,,
,,,,,,,,,,,,,,,,,,,,,,,,,,,,,,,,,,,,,,,,,,,,,,,,,,,,,,,,,,,,,
,,,,,,,,,,,,,,,,,,,,,,,,,,,,,,,,,,,,,,,,,,,,,,,,,,,,,,,,,,,,,
,,,,,,,,,,,,,,,,,,,,,,,,,,,,,,,,,,,,,,,,,,,,,,,,,,,,,,,,,,,,,
,,,,,,,,,,,,,,,,,,,,,,,,,,,,,,,,,,,,,,,,,,,,,,,,,,,,,,,,,,,,,
,,,,,,,,,,,,,,,,,,,,,,,,,,,,,,,,,,,,,,,,,,,,,,,,,,,,,,,,,,,,,
,,,,,,,,,,,,,,,,,,,,,,,,,,,,,,,,,,,,,,,,,,,,,,,,,,,,,,,,,,,,,
,,,,,,,,,,,,,,,,,,,,,,,,,,,,,,,,,,,,,,,,,,,,,,,,,,,,,,,,,,,,,
,,,,,,,,,,,,,,,,,,,,,,,,,,,,,,,,,,,,,,,,,,,,,,,,,,,,,,,,,,,,,
,,,,,,,,,,,,,,,,,,,,,,,,,,,,,,,,,,,,,,,,,,,,,,,,,,,,,,,,,,,,,
,,,,,,,,,,,,,,,,,,,,,,,,,,,,,,,,,,,,,,,,,,,,,,,,,,,,,,,,,,,,,
,,,,,,,,,,,,,,,,,,,,,,,,,,,,,,,,,,,,,,,,,,,,,,,,,,,,,,,,,,,,,
,,,,,,,,,,,,,,,,,,,,,,,,,,,,,,,,,,,,,,,,,,,,,,,,,,,,,,,,,,,,,
,,,,,,,,,,,,,,,,,,,,,,,,,,,,,,,,,,,,,,,,,,,,,,,,,,,,,,,,,,,,,
,,,,,,,,,,,,,,,,,,,,,,,,,,,,,,,,,,,,,,,,,,,,,,,,,,,,,,,,,,,,,
,,,,,,,,,,,,,,,,,,,,,,,,,,,,,,,,,,,,,,,,,,,,,,,,,,,,,,,,,,,,,
,,,,,,,,,,,,,,,,,,,,,,,,,,,,,,,,,,,,,,,,,,,,,,,,,,,,,,,,,,,,,
,,,,,,,,,,,,,,,,,,,,,,,,,,,,,,,,,,,,,,,,,,,,,,,,,,,,,,,,,,,,,
,,,,,,,,,,,,,,,,,,,,,,,,,,,,,,,,,,,,,,,,,,,,,,,,,,,,,,,,,,,,,
,,,,,,,,,,,,,,,,,,,,,,,,,,,,,,,,,,,,,,,,,,,,,,,,,,,,,,,,,,,,,
,,,,,,,,,,,,,,,,,,,,,,,,,,,,,,,,,,,,,,,,,,,,,,,,,,,,,,,,,,,,,
,,,,,,,,,,,,,,,,,,,,,,,,,,,,,,,,,,,,,,,,,,,,,,,,,,,,,,,,,,,,,
,,,,,,,,,,,,,,,,,,,,,,,,,,,,,,,,,,,,,,,,,,,,,,,,,,,,,,,,,,,,,
,,,,,,,,,,,,,,,,,,,,,,,,,,,,,,,,,,,,,,,,,,,,,,,,,,,,,,,,,,,,,
,,,,,,,,,,,,,,,,,,,,,,,,,,,,,,,,,,,,,,,,,,,,,,,,,,,,,,,,,,,,,
,,,,,,,,,,,,,,,,,,,,,,,,,,,,,,,,,,,,,,,,,,,,,,,,,,,,,,,,,,,,,
,,,,,,,,,,,,,,,,,,,,,,,,,,,,,,,,,,,,,,,,,,,,,,,,,,,,,,,,,,,,,
,,,,,,,,,,,,,,,,,,,,,,,,,,,,,,,,,,,,,,,,,,,,,,,,,,,,,,,,,,,,,
,,,,,,,,,,,,,,,,,,,,,,,,,,,,,,,,,,,,,,,,,,,,,,,,,,,,,,,,,,,,,
,,,,,,,,,,,,,,,,,,,,,,,,,,,,,,,,,,,,,,,,,,,,,,,,,,,,,,,,,,,,,
,,,,,,,,,,,,,,,,,,,,,,,,,,,,,,,,,,,,,,,,,,,,,,,,,,,,,,,,,,,,,
,,,,,,,,,,,,,,,,,,,,,,,,,,,,,,,,,,,,,,,,,,,,,,,,,,,,,,,,,,,,,
,,,,,,,,,,,,,,,,,,,,,,,,,,,,,,,,,,,,,,,,,,,,,,,,,,,,,,,,,,,,,
,,,,,,,,,,,,,,,,,,,,,,,,,,,,,,,,,,,,,,,,,,,,,,,,,,,,,,,,,,,,,
,,,,,,,,,,,,,,,,,,,,,,,,,,,,,,,,,,,,,,,,,,,,,,,,,,,,,,,,,,,,,
,,,,,,,,,,,,,,,,,,,,,,,,,,,,,,,,,,,,,,,,,,,,,,,,,,,,,,,,,,,,,
,,,,,,,,,,,,,,,,,,,,,,,,,,,,,,,,,,,,,,,,,,,,,,,,,,,,,,,,,,,,,
,,,,,,,,,,,,,,,,,,,,,,,,,,,,,,,,,,,,,,,,,,,,,,,,,,,,,,,,,,,,,
,,,,,,,,,,,,,,,,,,,,,,,,,,,,,,,,,,,,,,,,,,,,,,,,,,,,,,,,,,,,,
,,,,,,,,,,,,,,,,,,,,,,,,,,,,,,,,,,,,,,,,,,,,,,,,,,,,,,,,,,,,,
,,,,,,,,,,,,,,,,,,,,,,,,,,,,,,,,,,,,,,,,,,,,,,,,,,,,,,,,,,,,,
,,,,,,,,,,,,,,,,,,,,,,,,,,,,,,,,,,,,,,,,,,,,,,,,,,,,,,,,,,,,,
,,,,,,,,,,,,,,,,,,,,,,,,,,,,,,,,,,,,,,,,,,,,,,,,,,,,,,,,,,,,,
,,,,,,,,,,,,,,,,,,,,,,,,,,,,,,,,,,,,,,,,,,,,,,,,,,,,,,,,,,,,,
,,,,,,,,,,,,,,,,,,,,,,,,,,,,,,,,,,,,,,,,,,,,,,,,,,,,,,,,,,,,,
,,,,,,,,,,,,,,,,,,,,,,,,,,,,,,,,,,,,,,,,,,,,,,,,,,,,,,,,,,,,,
,,,,,,,,,,,,,,,,,,,,,,,,,,,,,,,,,,,,,,,,,,,,,,,,,,,,,,,,,,,,,
,,,,,,,,,,,,,,,,,,,,,,,,,,,,,,,,,,,,,,,,,,,,,,,,,,,,,,,,,,,,,
,,,,,,,,,,,,,,,,,,,,,,,,,,,,,,,,,,,,,,,,,,,,,,,,,,,,,,,,,,,,,
,,,,,,,,,,,,,,,,,,,,,,,,,,,,,,,,,,,,,,,,,,,,,,,,,,,,,,,,,,,,,
,,,,,,,,,,,,,,,,,,,,,,,,,,,,,,,,,,,,,,,,,,,,,,,,,,,,,,,,,,,,,
,,,,,,,,,,,,,,,,,,,,,,,,,,,,,,,,,,,,,,,,,,,,,,,,,,,,,,,,,,,,,
,,,,,,,,,,,,,,,,,,,,,,,,,,,,,,,,,,,,,,,,,,,,,,,,,,,,,,,,,,,,,
,,,,,,,,,,,,,,,,,,,,,,,,,,,,,,,,,,,,,,,,,,,,,,,,,,,,,,,,,,,,,
,,,,,,,,,,,,,,,,,,,,,,,,,,,,,,,,,,,,,,,,,,,,,,,,,,,,,,,,,,,,,
,,,,,,,,,,,,,,,,,,,,,,,,,,,,,,,,,,,,,,,,,,,,,,,,,,,,,,,,,,,,,
,,,,,,,,,,,,,,,,,,,,,,,,,,,,,,,,,,,,,,,,,,,,,,,,,,,,,,,,,,,,,
,,,,,,,,,,,,,,,,,,,,,,,,,,,,,,,,,,,,,,,,,,,,,,,,,,,,,,,,,,,,,
,,,,,,,,,,,,,,,,,,,,,,,,,,,,,,,,,,,,,,,,,,,,,,,,,,,,,,,,,,,,,
,,,,,,,,,,,,,,,,,,,,,,,,,,,,,,,,,,,,,,,,,,,,,,,,,,,,,,,,,,,,,
,,,,,,,,,,,,,,,,,,,,,,,,,,,,,,,,,,,,,,,,,,,,,,,,,,,,,,,,,,,,,
,,,,,,,,,,,,,,,,,,,,,,,,,,,,,,,,,,,,,,,,,,,,,,,,,,,,,,,,,,,,,
,,,,,,,,,,,,,,,,,,,,,,,,,,,,,,,,,,,,,,,,,,,,,,,,,,,,,,,,,,,,,
,,,,,,,,,,,,,,,,,,,,,,,,,,,,,,,,,,,,,,,,,,,,,,,,,,,,,,,,,,,,,
,,,,,,,,,,,,,,,,,,,,,,,,,,,,,,,,,,,,,,,,,,,,,,,,,,,,,,,,,,,,,
,,,,,,,,,,,,,,,,,,,,,,,,,,,,,,,,,,,,,,,,,,,,,,,,,,,,,,,,,,,,,
,,,,,,,,,,,,,,,,,,,,,,,,,,,,,,,,,,,,,,,,,,,,,,,,,,,,,,,,,,,,,
,,,,,,,,,,,,,,,,,,,,,,,,,,,,,,,,,,,,,,,,,,,,,,,,,,,,,,,,,,,,,
,,,,,,,,,,,,,,,,,,,,,,,,,,,,,,,,,,,,,,,,,,,,,,,,,,,,,,,,,,,,,
,,,,,,,,,,,,,,,,,,,,,,,,,,,,,,,,,,,,,,,,,,,,,,,,,,,,,,,,,,,,,
,,,,,,,,,,,,,,,,,,,,,,,,,,,,,,,,,,,,,,,,,,,,,,,,,,,,,,,,,,,,,
,,,,,,,,,,,,,,,,,,,,,,,,,,,,,,,,,,,,,,,,,,,,,,,,,,,,,,,,,,,,,
,,,,,,,,,,,,,,,,,,,,,,,,,,,,,,,,,,,,,,,,,,,,,,,,,,,,,,,,,,,,,
,,,,,,,,,,,,,,,,,,,,,,,,,,,,,,,,,,,,,,,,,,,,,,,,,,,,,,,,,,,,,
,,,,,,,,,,,,,,,,,,,,,,,,,,,,,,,,,,,,,,,,,,,,,,,,,,,,,,,,,,,,,
,,,,,,,,,,,,,,,,,,,,,,,,,,,,,,,,,,,,,,,,,,,,,,,,,,,,,,,,,,,,,
,,,,,,,,,,,,,,,,,,,,,,,,,,,,,,,,,,,,,,,,,,,,,,,,,,,,,,,,,,,,,
,,,,,,,,,,,,,,,,,,,,,,,,,,,,,,,,,,,,,,,,,,,,,,,,,,,,,,,,,,,,,
,,,,,,,,,,,,,,,,,,,,,,,,,,,,,,,,,,,,,,,,,,,,,,,,,,,,,,,,,,,,,
,,,,,,,,,,,,,,,,,,,,,,,,,,,,,,,,,,,,,,,,,,,,,,,,,,,,,,,,,,,,,
,,,,,,,,,,,,,,,,,,,,,,,,,,,,,,,,,,,,,,,,,,,,,,,,,,,,,,,,,,,,,
,,,,,,,,,,,,,,,,,,,,,,,,,,,,,,,,,,,,,,,,,,,,,,,,,,,,,,,,,,,,,
,,,,,,,,,,,,,,,,,,,,,,,,,,,,,,,,,,,,,,,,,,,,,,,,,,,,,,,,,,,,,
,,,,,,,,,,,,,,,,,,,,,,,,,,,,,,,,,,,,,,,,,,,,,,,,,,,,,,,,,,,,,
,,,,,,,,,,,,,,,,,,,,,,,,,,,,,,,,,,,,,,,,,,,,,,,,,,,,,,,,,,,,,
,,,,,,,,,,,,,,,,,,,,,,,,,,,,,,,,,,,,,,,,,,,,,,,,,,,,,,,,,,,,,
,,,,,,,,,,,,,,,,,,,,,,,,,,,,,,,,,,,,,,,,,,,,,,,,,,,,,,,,,,,,,
,,,,,,,,,,,,,,,,,,,,,,,,,,,,,,,,,,,,,,,,,,,,,,,,,,,,,,,,,,,,,
,,,,,,,,,,,,,,,,,,,,,,,,,,,,,,,,,,,,,,,,,,,,,,,,,,,,,,,,,,,,,
,,,,,,,,,,,,,,,,,,,,,,,,,,,,,,,,,,,,,,,,,,,,,,,,,,,,,,,,,,,,,
,,,,,,,,,,,,,,,,,,,,,,,,,,,,,,,,,,,,,,,,,,,,,,,,,,,,,,,,,,,,,
,,,,,,,,,,,,,,,,,,,,,,,,,,,,,,,,,,,,,,,,,,,,,,,,,,,,,,,,,,,,,
,,,,,,,,,,,,,,,,,,,,,,,,,,,,,,,,,,,,,,,,,,,,,,,,,,,,,,,,,,,,,
,,,,,,,,,,,,,,,,,,,,,,,,,,,,,,,,,,,,,,,,,,,,,,,,,,,,,,,,,,,,,
,,,,,,,,,,,,,,,,,,,,,,,,,,,,,,,,,,,,,,,,,,,,,,,,,,,,,,,,,,,,,
,,,,,,,,,,,,,,,,,,,,,,,,,,,,,,,,,,,,,,,,,,,,,,,,,,,,,,,,,,,,,
,,,,,,,,,,,,,,,,,,,,,,,,,,,,,,,,,,,,,,,,,,,,,,,,,,,,,,,,,,,,,
,,,,,,,,,,,,,,,,,,,,,,,,,,,,,,,,,,,,,,,,,,,,,,,,,,,,,,,,,,,,,
,,,,,,,,,,,,,,,,,,,,,,,,,,,,,,,,,,,,,,,,,,,,,,,,,,,,,,,,,,,,,
,,,,,,,,,,,,,,,,,,,,,,,,,,,,,,,,,,,,,,,,,,,,,,,,,,,,,,,,,,,,,
,,,,,,,,,,,,,,,,,,,,,,,,,,,,,,,,,,,,,,,,,,,,,,,,,,,,,,,,,,,,,
,,,,,,,,,,,,,,,,,,,,,,,,,,,,,,,,,,,,,,,,,,,,,,,,,,,,,,,,,,,,,
,,,,,,,,,,,,,,,,,,,,,,,,,,,,,,,,,,,,,,,,,,,,,,,,,,,,,,,,,,,,,
,,,,,,,,,,,,,,,,,,,,,,,,,,,,,,,,,,,,,,,,,,,,,,,,,,,,,,,,,,,,,
,,,,,,,,,,,,,,,,,,,,,,,,,,,,,,,,,,,,,,,,,,,,,,,,,,,,,,,,,,,,,
,,,,,,,,,,,,,,,,,,,,,,,,,,,,,,,,,,,,,,,,,,,,,,,,,,,,,,,,,,,,,
,,,,,,,,,,,,,,,,,,,,,,,,,,,,,,,,,,,,,,,,,,,,,,,,,,,,,,,,,,,,,
,,,,,,,,,,,,,,,,,,,,,,,,,,,,,,,,,,,,,,,,,,,,,,,,,,,,,,,,,,,,,
,,,,,,,,,,,,,,,,,,,,,,,,,,,,,,,,,,,,,,,,,,,,,,,,,,,,,,,,,,,,,
,,,,,,,,,,,,,,,,,,,,,,,,,,,,,,,,,,,,,,,,,,,,,,,,,,,,,,,,,,,,,
,,,,,,,,,,,,,,,,,,,,,,,,,,,,,,,,,,,,,,,,,,,,,,,,,,,,,,,,,,,,,
,,,,,,,,,,,,,,,,,,,,,,,,,,,,,,,,,,,,,,,,,,,,,,,,,,,,,,,,,,,,,
,,,,,,,,,,,,,,,,,,,,,,,,,,,,,,,,,,,,,,,,,,,,,,,,,,,,,,,,,,,,,
,,,,,,,,,,,,,,,,,,,,,,,,,,,,,,,,,,,,,,,,,,,,,,,,,,,,,,,,,,,,,
,,,,,,,,,,,,,,,,,,,,,,,,,,,,,,,,,,,,,,,,,,,,,,,,,,,,,,,,,,,,,
,,,,,,,,,,,,,,,,,,,,,,,,,,,,,,,,,,,,,,,,,,,,,,,,,,,,,,,,,,,,,
,,,,,,,,,,,,,,,,,,,,,,,,,,,,,,,,,,,,,,,,,,,,,,,,,,,,,,,,,,,,,
,,,,,,,,,,,,,,,,,,,,,,,,,,,,,,,,,,,,,,,,,,,,,,,,,,,,,,,,,,,,,
,,,,,,,,,,,,,,,,,,,,,,,,,,,,,,,,,,,,,,,,,,,,,,,,,,,,,,,,,,,,,
,,,,,,,,,,,,,,,,,,,,,,,,,,,,,,,,,,,,,,,,,,,,,,,,,,,,,,,,,,,,,
,,,,,,,,,,,,,,,,,,,,,,,,,,,,,,,,,,,,,,,,,,,,,,,,,,,,,,,,,,,,,
,,,,,,,,,,,,,,,,,,,,,,,,,,,,,,,,,,,,,,,,,,,,,,,,,,,,,,,,,,,,,
,,,,,,,,,,,,,,,,,,,,,,,,,,,,,,,,,,,,,,,,,,,,,,,,,,,,,,,,,,,,,
,,,,,,,,,,,,,,,,,,,,,,,,,,,,,,,,,,,,,,,,,,,,,,,,,,,,,,,,,,,,,
,,,,,,,,,,,,,,,,,,,,,,,,,,,,,,,,,,,,,,,,,,,,,,,,,,,,,,,,,,,,,
,,,,,,,,,,,,,,,,,,,,,,,,,,,,,,,,,,,,,,,,,,,,,,,,,,,,,,,,,,,,,
,,,,,,,,,,,,,,,,,,,,,,,,,,,,,,,,,,,,,,,,,,,,,,,,,,,,,,,,,,,,,
,,,,,,,,,,,,,,,,,,,,,,,,,,,,,,,,,,,,,,,,,,,,,,,,,,,,,,,,,,,,,
,,,,,,,,,,,,,,,,,,,,,,,,,,,,,,,,,,,,,,,,,,,,,,,,,,,,,,,,,,,,,
,,,,,,,,,,,,,,,,,,,,,,,,,,,,,,,,,,,,,,,,,,,,,,,,,,,,,,,,,,,,,
,,,,,,,,,,,,,,,,,,,,,,,,,,,,,,,,,,,,,,,,,,,,,,,,,,,,,,,,,,,,,
,,,,,,,,,,,,,,,,,,,,,,,,,,,,,,,,,,,,,,,,,,,,,,,,,,,,,,,,,,,,,
,,,,,,,,,,,,,,,,,,,,,,,,,,,,,,,,,,,,,,,,,,,,,,,,,,,,,,,,,,,,,
,,,,,,,,,,,,,,,,,,,,,,,,,,,,,,,,,,,,,,,,,,,,,,,,,,,,,,,,,,,,,
,,,,,,,,,,,,,,,,,,,,,,,,,,,,,,,,,,,,,,,,,,,,,,,,,,,,,,,,,,,,,
,,,,,,,,,,,,,,,,,,,,,,,,,,,,,,,,,,,,,,,,,,,,,,,,,,,,,,,,,,,,,
,,,,,,,,,,,,,,,,,,,,,,,,,,,,,,,,,,,,,,,,,,,,,,,,,,,,,,,,,,,,,
,,,,,,,,,,,,,,,,,,,,,,,,,,,,,,,,,,,,,,,,,,,,,,,,,,,,,,,,,,,,,
,,,,,,,,,,,,,,,,,,,,,,,,,,,,,,,,,,,,,,,,,,,,,,,,,,,,,,,,,,,,,
,,,,,,,,,,,,,,,,,,,,,,,,,,,,,,,,,,,,,,,,,,,,,,,,,,,,,,,,,,,,,
,,,,,,,,,,,,,,,,,,,,,,,,,,,,,,,,,,,,,,,,,,,,,,,,,,,,,,,,,,,,,
,,,,,,,,,,,,,,,,,,,,,,,,,,,,,,,,,,,,,,,,,,,,,,,,,,,,,,,,,,,,,
,,,,,,,,,,,,,,,,,,,,,,,,,,,,,,,,,,,,,,,,,,,,,,,,,,,,,,,,,,,,,
,,,,,,,,,,,,,,,,,,,,,,,,,,,,,,,,,,,,,,,,,,,,,,,,,,,,,,,,,,,,,
,,,,,,,,,,,,,,,,,,,,,,,,,,,,,,,,,,,,,,,,,,,,,,,,,,,,,,,,,,,,,
,,,,,,,,,,,,,,,,,,,,,,,,,,,,,,,,,,,,,,,,,,,,,,,,,,,,,,,,,,,,,
,,,,,,,,,,,,,,,,,,,,,,,,,,,,,,,,,,,,,,,,,,,,,,,,,,,,,,,,,,,,,
,,,,,,,,,,,,,,,,,,,,,,,,,,,,,,,,,,,,,,,,,,,,,,,,,,,,,,,,,,,,,
,,,,,,,,,,,,,,,,,,,,,,,,,,,,,,,,,,,,,,,,,,,,,,,,,,,,,,,,,,,,,
,,,,,,,,,,,,,,,,,,,,,,,,,,,,,,,,,,,,,,,,,,,,,,,,,,,,,,,,,,,,,
,,,,,,,,,,,,,,,,,,,,,,,,,,,,,,,,,,,,,,,,,,,,,,,,,,,,,,,,,,,,,
,,,,,,,,,,,,,,,,,,,,,,,,,,,,,,,,,,,,,,,,,,,,,,,,,,,,,,,,,,,,,
,,,,,,,,,,,,,,,,,,,,,,,,,,,,,,,,,,,,,,,,,,,,,,,,,,,,,,,,,,,,,
,,,,,,,,,,,,,,,,,,,,,,,,,,,,,,,,,,,,,,,,,,,,,,,,,,,,,,,,,,,,,
